FUNCTION _RINvNtCs9k3SxhrAWiO_3std2rt10lang_startuECsijQg9cG8cSH_6expand (std::rt::lang_start::<()>)
FUNCTION _RNSNvYNCINvNtCs9k3SxhrAWiO_3std2rt10lang_startuE0INtNtNtCsgxBkk5gSRhY_4core3ops8function6FnOnceuE9call_once6vtableCsijQg9cG8cSH_6expand (<std::rt::lang_start<()>::{closure#0} as core::ops::function::FnOnce<()>>::call_once::{shim:vtable#0})
FUNCTION _RNCINvNtCs9k3SxhrAWiO_3std2rt10lang_startuE0CsijQg9cG8cSH_6expand (std::rt::lang_start::<()>::{closure#0})
FUNCTION _RINvNtNtCs9k3SxhrAWiO_3std3sys9backtrace28___rust_begin_short_backtraceFEuuECsijQg9cG8cSH_6expand (std::sys::backtrace::__rust_begin_short_backtrace::<fn(), ()>)
FUNCTION _RNvXsU_NtCs9k3SxhrAWiO_3std7processuNtB5_11Termination6reportCsijQg9cG8cSH_6expand (<() as std::process::Termination>::report)
FUNCTION _RNvYFEuINtNtNtCsgxBkk5gSRhY_4core3ops8function6FnOnceuE9call_onceCsijQg9cG8cSH_6expand (<fn() as core::ops::function::FnOnce<()>>::call_once)
FUNCTION _RNvYNCINvNtCs9k3SxhrAWiO_3std2rt10lang_startuE0INtNtNtCsgxBkk5gSRhY_4core3ops8function6FnOnceuE9call_onceCsijQg9cG8cSH_6expand (<std::rt::lang_start<()>::{closure#0} as core::ops::function::FnOnce<()>>::call_once)
FUNCTION _RNvCsijQg9cG8cSH_6expand4main (expand::main)
FUNCTION _RINvMNtCsgxBkk5gSRhY_4core6resultINtB3_6ResultuNtNtNtCs1leyjZMkdpi_6uucore4mods6locale17LocalizationErrorE14unwrap_or_elseNCNvCsijQg9cG8cSH_6expand4main0EB20_ (<core::result::Result<(), uucore::mods::locale::LocalizationError>>::unwrap_or_else::<expand::main::{closure#0}>)
FUNCTION _RINvCsdTd832gKU3b_9uu_expand6uumainINtNtNtNtCsgxBkk5gSRhY_4core4iter8adapters6cloned6ClonedINtNtNtBG_5slice4iter4IterNtNtNtCs9k3SxhrAWiO_3std3ffi6os_str8OsStringEEECsijQg9cG8cSH_6expand (uu_expand::uumain::<core::iter::adapters::cloned::Cloned<core::slice::iter::Iter<std::ffi::os_str::OsString>>>)
FUNCTION _RINvMs2_NtCsgxBkk5gSRhY_4core3fmtNtB6_9Arguments3newKj1c_Kj1_ECsijQg9cG8cSH_6expand (<core::fmt::Arguments>::new::<28, 1>)
FUNCTION _RNvMNtCsgxBkk5gSRhY_4core6resultINtB2_6ResultuNtNtNtCsbRzQFPXpg46_3nix5errno6consts5ErrnoE6expectCsijQg9cG8cSH_6expand (<core::result::Result<(), nix::errno::consts::Errno>>::expect)
FUNCTION _RINvNvCsdTd832gKU3b_9uu_expand6uumain6uumainINtNtNtNtCsgxBkk5gSRhY_4core4iter8adapters6cloned6ClonedINtNtNtBP_5slice4iter4IterNtNtNtCs9k3SxhrAWiO_3std3ffi6os_str8OsStringEEECsijQg9cG8cSH_6expand (uu_expand::uumain::uumain::<core::iter::adapters::cloned::Cloned<core::slice::iter::Iter<std::ffi::os_str::OsString>>>)
FUNCTION _RNvNtCs6i54tJFfzR_5alloc3fmt6formatCsijQg9cG8cSH_6expand (alloc::fmt::format)
FUNCTION _RNvXs1y_NtCs6i54tJFfzR_5alloc6stringNtB6_6StringINtNtCsgxBkk5gSRhY_4core3cmp9PartialEqReE2neCsijQg9cG8cSH_6expand (<alloc::string::String as core::cmp::PartialEq<&str>>::ne)
FUNCTION _RNvNtNtCs9k3SxhrAWiO_3std2io5stdio6stderrCsijQg9cG8cSH_6expand (std::io::stdio::stderr)
FUNCTION _RINvMs2_NtCsgxBkk5gSRhY_4core3fmtNtB6_9Arguments3newKj28_Kj1_ECsijQg9cG8cSH_6expand (<core::fmt::Arguments>::new::<40, 1>)
FUNCTION _RNvNvNtNtCsgxBkk5gSRhY_4core5slice3raw14from_raw_parts18precondition_checkCsijQg9cG8cSH_6expand (core::slice::raw::from_raw_parts::precondition_check)
FUNCTION _RINvYINtNtNtNtCsgxBkk5gSRhY_4core4iter8adapters6cloned6ClonedINtNtNtBc_5slice4iter4IterNtNtNtCs9k3SxhrAWiO_3std3ffi6os_str8OsStringEENtNtNtBa_6traits8iterator8Iterator7collectINtNtCs6i54tJFfzR_5alloc3vec3VecB1n_EECsijQg9cG8cSH_6expand (<core::iter::adapters::cloned::Cloned<core::slice::iter::Iter<std::ffi::os_str::OsString>> as core::iter::traits::iterator::Iterator>::collect::<alloc::vec::Vec<std::ffi::os_str::OsString>>)
FUNCTION _RINvNtNtCs1leyjZMkdpi_6uucore4mods17clap_localization18handle_clap_resultINtNtCs6i54tJFfzR_5alloc3vec3VecNtNtNtCs9k3SxhrAWiO_3std3ffi6os_str8OsStringEB1F_ECsijQg9cG8cSH_6expand (uucore::mods::clap_localization::handle_clap_result::<alloc::vec::Vec<std::ffi::os_str::OsString>, std::ffi::os_str::OsString>)
FUNCTION _RNvXsp_NtCsgxBkk5gSRhY_4core6resultINtB5_6ResultNtCsdTd832gKU3b_9uu_expand7OptionsNtBM_10ParseErrorENtNtNtB7_3ops9try_trait3Try6branchCsijQg9cG8cSH_6expand (<core::result::Result<uu_expand::Options, uu_expand::ParseError> as core::ops::try_trait::Try>::branch)
FUNCTION _RNvXsq_NtCsgxBkk5gSRhY_4core6resultINtB5_6ResultuINtNtCs6i54tJFfzR_5alloc5boxed3BoxDNtNtNtCs1leyjZMkdpi_6uucore4mods5error6UErrorEL_EEINtNtNtB7_3ops9try_trait12FromResidualIBy_NtNtB7_7convert10InfallibleNtCsdTd832gKU3b_9uu_expand10ParseErrorEE13from_residualCsijQg9cG8cSH_6expand (<core::result::Result<(), alloc::boxed::Box<dyn uucore::mods::error::UError>> as core::ops::try_trait::FromResidual<core::result::Result<core::convert::Infallible, uu_expand::ParseError>>>::from_residual)
FUNCTION _RINvNtCsgxBkk5gSRhY_4core3ptr9drop_glueNtCsdTd832gKU3b_9uu_expand7OptionsECsijQg9cG8cSH_6expand (core::ptr::drop_glue::<uu_expand::Options>)
FUNCTION _RNvXNtNtCs1leyjZMkdpi_6uucore4mods5errorINtNtCs6i54tJFfzR_5alloc5boxed3BoxDNtB2_6UErrorEL_EINtNtCsgxBkk5gSRhY_4core7convert4FromNtCsdTd832gKU3b_9uu_expand10ParseErrorE4fromCsijQg9cG8cSH_6expand (<alloc::boxed::Box<dyn uucore::mods::error::UError> as core::convert::From<uu_expand::ParseError>>::from)
FUNCTION _RNvNtCs6i54tJFfzR_5alloc5boxed14box_new_uninitCsijQg9cG8cSH_6expand (alloc::boxed::box_new_uninit)
FUNCTION _RINvNtCsgxBkk5gSRhY_4core3ptr9drop_glueNtCsdTd832gKU3b_9uu_expand10ParseErrorECsijQg9cG8cSH_6expand (core::ptr::drop_glue::<uu_expand::ParseError>)
FUNCTION _RNvXs2_CsdTd832gKU3b_9uu_expandNtB5_10ParseErrorNtNtCsgxBkk5gSRhY_4core3fmt5Debug3fmtCsijQg9cG8cSH_6expand (<uu_expand::ParseError as core::fmt::Debug>::fmt)
FUNCTION _RNvYNtCsdTd832gKU3b_9uu_expand10ParseErrorNtNtCsgxBkk5gSRhY_4core5error5Error6sourceCsijQg9cG8cSH_6expand (<uu_expand::ParseError as core::error::Error>::source)
FUNCTION _RNvYNtCsdTd832gKU3b_9uu_expand10ParseErrorNtNtCsgxBkk5gSRhY_4core5error5Error7type_idCsijQg9cG8cSH_6expand (<uu_expand::ParseError as core::error::Error>::type_id)
FUNCTION _RNvYNtCsdTd832gKU3b_9uu_expand10ParseErrorNtNtCsgxBkk5gSRhY_4core5error5Error11descriptionCsijQg9cG8cSH_6expand (<uu_expand::ParseError as core::error::Error>::description)
FUNCTION _RNvYNtCsdTd832gKU3b_9uu_expand10ParseErrorNtNtCsgxBkk5gSRhY_4core5error5Error5causeCsijQg9cG8cSH_6expand (<uu_expand::ParseError as core::error::Error>::cause)
FUNCTION _RNvYNtCsdTd832gKU3b_9uu_expand10ParseErrorNtNtCsgxBkk5gSRhY_4core5error5Error7provideCsijQg9cG8cSH_6expand (<uu_expand::ParseError as core::error::Error>::provide)
FUNCTION _RNvYNtCsdTd832gKU3b_9uu_expand10ParseErrorNtNtNtCs1leyjZMkdpi_6uucore4mods5error6UError4codeCsijQg9cG8cSH_6expand (<uu_expand::ParseError as uucore::mods::error::UError>::code)
FUNCTION _RNvYNtCsdTd832gKU3b_9uu_expand10ParseErrorNtNtNtCs1leyjZMkdpi_6uucore4mods5error6UError5usageCsijQg9cG8cSH_6expand (<uu_expand::ParseError as uucore::mods::error::UError>::usage)
FUNCTION _RNvXsr_NtCs6i54tJFfzR_5alloc6stringNtB5_6StringNtNtCsgxBkk5gSRhY_4core3fmt5Debug3fmtCsijQg9cG8cSH_6expand (<alloc::string::String as core::fmt::Debug>::fmt)
FUNCTION _RNvMNtCs6i54tJFfzR_5alloc5allocNtB2_6Global18alloc_impl_runtimeCsijQg9cG8cSH_6expand (<alloc::alloc::Global>::alloc_impl_runtime)
FUNCTION _RNvNvMs1_NtNtCsgxBkk5gSRhY_4core3ptr8non_nullINtB7_7NonNullpE13new_unchecked18precondition_checkCsijQg9cG8cSH_6expand (<core::ptr::non_null::NonNull<_>>::new_unchecked::precondition_check)
FUNCTION _RINvXse_NtCs6i54tJFfzR_5alloc3vecINtB6_3VecNtNtNtCs9k3SxhrAWiO_3std3ffi6os_str8OsStringEINtNtNtNtCsgxBkk5gSRhY_4core4iter6traits7collect12FromIteratorBF_E9from_iterINtNtNtB1v_8adapters6cloned6ClonedINtNtNtB1x_5slice4iter4IterBF_EEECsijQg9cG8cSH_6expand (<alloc::vec::Vec<std::ffi::os_str::OsString> as core::iter::traits::collect::FromIterator<std::ffi::os_str::OsString>>::from_iter::<core::iter::adapters::cloned::Cloned<core::slice::iter::Iter<std::ffi::os_str::OsString>>>)
FUNCTION _RNvXNtNtNtCsgxBkk5gSRhY_4core4iter6traits7collectINtNtNtB6_8adapters6cloned6ClonedINtNtNtB8_5slice4iter4IterNtNtNtCs9k3SxhrAWiO_3std3ffi6os_str8OsStringEENtB2_12IntoIterator9into_iterCsijQg9cG8cSH_6expand (<core::iter::adapters::cloned::Cloned<core::slice::iter::Iter<std::ffi::os_str::OsString>> as core::iter::traits::collect::IntoIterator>::into_iter)
FUNCTION _RNvXNtNtCs6i54tJFfzR_5alloc3vec14spec_from_iterINtB4_3VecNtNtNtCs9k3SxhrAWiO_3std3ffi6os_str8OsStringEINtB2_12SpecFromIterBT_INtNtNtNtCsgxBkk5gSRhY_4core4iter8adapters6cloned6ClonedINtNtNtB28_5slice4iter4IterBT_EEE9from_iterCsijQg9cG8cSH_6expand (<alloc::vec::Vec<std::ffi::os_str::OsString> as alloc::vec::spec_from_iter::SpecFromIter<std::ffi::os_str::OsString, core::iter::adapters::cloned::Cloned<core::slice::iter::Iter<std::ffi::os_str::OsString>>>>::from_iter)
FUNCTION _RNvXs_NtNtCs6i54tJFfzR_5alloc3vec21spec_from_iter_nestedINtB6_3VecNtNtNtCs9k3SxhrAWiO_3std3ffi6os_str8OsStringEINtB4_18SpecFromIterNestedB12_INtNtNtNtCsgxBkk5gSRhY_4core4iter8adapters6cloned6ClonedINtNtNtB2o_5slice4iter4IterB12_EEE9from_iterCsijQg9cG8cSH_6expand (<alloc::vec::Vec<std::ffi::os_str::OsString> as alloc::vec::spec_from_iter_nested::SpecFromIterNested<std::ffi::os_str::OsString, core::iter::adapters::cloned::Cloned<core::slice::iter::Iter<std::ffi::os_str::OsString>>>>::from_iter)
FUNCTION _RNvXs_NtNtNtCsgxBkk5gSRhY_4core4iter8adapters6clonedINtB4_6ClonedINtNtNtBa_5slice4iter4IterNtNtNtCs9k3SxhrAWiO_3std3ffi6os_str8OsStringEENtNtNtB8_6traits8iterator8Iterator9size_hintCsijQg9cG8cSH_6expand (<core::iter::adapters::cloned::Cloned<core::slice::iter::Iter<std::ffi::os_str::OsString>> as core::iter::traits::iterator::Iterator>::size_hint)
FUNCTION _RNvXs_NtNtCs6i54tJFfzR_5alloc3vec11spec_extendINtB6_3VecNtNtNtCs9k3SxhrAWiO_3std3ffi6os_str8OsStringEINtB4_10SpecExtendBS_INtNtNtNtCsgxBkk5gSRhY_4core4iter8adapters6cloned6ClonedINtNtNtB25_5slice4iter4IterBS_EEE11spec_extendCsijQg9cG8cSH_6expand (<alloc::vec::Vec<std::ffi::os_str::OsString> as alloc::vec::spec_extend::SpecExtend<std::ffi::os_str::OsString, core::iter::adapters::cloned::Cloned<core::slice::iter::Iter<std::ffi::os_str::OsString>>>>::spec_extend)
FUNCTION _RINvMsj_NtCs6i54tJFfzR_5alloc3vecINtB6_3VecNtNtNtCs9k3SxhrAWiO_3std3ffi6os_str8OsStringE14extend_trustedINtNtNtNtCsgxBkk5gSRhY_4core4iter8adapters6cloned6ClonedINtNtNtB1N_5slice4iter4IterBF_EEECsijQg9cG8cSH_6expand (<alloc::vec::Vec<std::ffi::os_str::OsString>>::extend_trusted::<core::iter::adapters::cloned::Cloned<core::slice::iter::Iter<std::ffi::os_str::OsString>>>)
FUNCTION _RINvYINtNtNtNtCsgxBkk5gSRhY_4core4iter8adapters6cloned6ClonedINtNtNtBc_5slice4iter4IterNtNtNtCs9k3SxhrAWiO_3std3ffi6os_str8OsStringEENtNtNtBa_6traits8iterator8Iterator8for_eachNCINvMsj_NtCs6i54tJFfzR_5alloc3vecINtB2X_3VecB1n_E14extend_trustedB3_E0ECsijQg9cG8cSH_6expand (<core::iter::adapters::cloned::Cloned<core::slice::iter::Iter<std::ffi::os_str::OsString>> as core::iter::traits::iterator::Iterator>::for_each::<<alloc::vec::Vec<std::ffi::os_str::OsString>>::extend_trusted<core::iter::adapters::cloned::Cloned<core::slice::iter::Iter<std::ffi::os_str::OsString>>>::{closure#0}>)
FUNCTION _RINvXs_NtNtNtCsgxBkk5gSRhY_4core4iter8adapters6clonedINtB5_6ClonedINtNtNtBb_5slice4iter4IterNtNtNtCs9k3SxhrAWiO_3std3ffi6os_str8OsStringEENtNtNtB9_6traits8iterator8Iterator4folduNCINvNvB2c_8for_each4callB1s_NCINvMsj_NtCs6i54tJFfzR_5alloc3vecINtB3s_3VecB1s_E14extend_trustedBP_E0E0ECsijQg9cG8cSH_6expand (<core::iter::adapters::cloned::Cloned<core::slice::iter::Iter<std::ffi::os_str::OsString>> as core::iter::traits::iterator::Iterator>::fold::<(), core::iter::traits::iterator::Iterator::for_each::call<std::ffi::os_str::OsString, <alloc::vec::Vec<std::ffi::os_str::OsString>>::extend_trusted<core::iter::adapters::cloned::Cloned<core::slice::iter::Iter<std::ffi::os_str::OsString>>>::{closure#0}>::{closure#0}>)
FUNCTION _RINvYINtNtNtCsgxBkk5gSRhY_4core5slice4iter4IterNtNtNtCs9k3SxhrAWiO_3std3ffi6os_str8OsStringENtNtNtNtBa_4iter6traits8iterator8Iterator3mapBJ_NvYBJ_NtNtBa_5clone5Clone5cloneECsijQg9cG8cSH_6expand (<core::slice::iter::Iter<std::ffi::os_str::OsString> as core::iter::traits::iterator::Iterator>::map::<std::ffi::os_str::OsString, <std::ffi::os_str::OsString as core::clone::Clone>::clone>)
FUNCTION _RINvXs2J_NtNtCsgxBkk5gSRhY_4core5slice4iterINtB7_4IterNtNtNtCs9k3SxhrAWiO_3std3ffi6os_str8OsStringENtNtNtNtBb_4iter6traits8iterator8Iterator4folduNCINvNtNtB1F_8adapters3map8map_foldRBQ_BQ_uNvYBQ_NtNtBb_5clone5Clone5cloneNCINvNvB1z_8for_each4callBQ_NCINvMsj_NtCs6i54tJFfzR_5alloc3vecINtB47_3VecBQ_E14extend_trustedINtNtB2r_6cloned6ClonedBF_EE0E0E0ECsijQg9cG8cSH_6expand (<core::slice::iter::Iter<std::ffi::os_str::OsString> as core::iter::traits::iterator::Iterator>::fold::<(), core::iter::adapters::map::map_fold<&std::ffi::os_str::OsString, std::ffi::os_str::OsString, (), <std::ffi::os_str::OsString as core::clone::Clone>::clone, core::iter::traits::iterator::Iterator::for_each::call<std::ffi::os_str::OsString, <alloc::vec::Vec<std::ffi::os_str::OsString>>::extend_trusted<core::iter::adapters::cloned::Cloned<core::slice::iter::Iter<std::ffi::os_str::OsString>>>::{closure#0}>::{closure#0}>::{closure#0}>)
{"function": "_RINvXs2J_NtNtCsgxBkk5gSRhY_4core5slice4iterINtB7_4IterNtNtNtCs9k3SxhrAWiO_3std3ffi6os_str8OsStringENtNtNtNtBb_4iter6traits8iterator8Iterator4folduNCINvNtNtB1F_8adapters3map8map_foldRBQ_BQ_uNvYBQ_NtNtBb_5clone5Clone5cloneNCINvNvB1z_8for_each4callBQ_NCINvMsj_NtCs6i54tJFfzR_5alloc3vecINtB47_3VecBQ_E14extend_trustedINtNtB2r_6cloned6ClonedBF_EE0E0E0ECsijQg9cG8cSH_6expand", "function_demangled": "<core::slice::iter::Iter<std::ffi::os_str::OsString> as core::iter::traits::iterator::Iterator>::fold::<(), core::iter::adapters::map::map_fold<&std::ffi::os_str::OsString, std::ffi::os_str::OsString, (), <std::ffi::os_str::OsString as core::clone::Clone>::clone, core::iter::traits::iterator::Iterator::for_each::call<std::ffi::os_str::OsString, <alloc::vec::Vec<std::ffi::os_str::OsString>>::extend_trusted<core::iter::adapters::cloned::Cloned<core::slice::iter::Iter<std::ffi::os_str::OsString>>>::{closure#0}>::{closure#0}>::{closure#0}>", "header": "bb8", "depth": 1, "latch_count": 1, "subloop_count": 0, "src_loc": [{"col":27,"dir":"/rustc/48a229ceaefd4985c50990b14116b6d856af0985","file":"library/core/src/slice/iter/macros.rs","line":279}]}
FUNCTION _RINvNtCsgxBkk5gSRhY_4core3ptr9drop_glueNCINvNvNtNtNtNtB4_4iter6traits8iterator8Iterator8for_each4callNtNtNtCs9k3SxhrAWiO_3std3ffi6os_str8OsStringNCINvMsj_NtCs6i54tJFfzR_5alloc3vecINtB2s_3VecB1B_E14extend_trustedINtNtNtBO_8adapters6cloned6ClonedINtNtNtB4_5slice4iter4IterB1B_EEE0E0ECsijQg9cG8cSH_6expand (core::ptr::drop_glue::<core::iter::traits::iterator::Iterator::for_each::call<std::ffi::os_str::OsString, <alloc::vec::Vec<std::ffi::os_str::OsString>>::extend_trusted<core::iter::adapters::cloned::Cloned<core::slice::iter::Iter<std::ffi::os_str::OsString>>>::{closure#0}>::{closure#0}>)
FUNCTION _RINvNtCsgxBkk5gSRhY_4core3ptr9drop_glueNCINvMsj_NtCs6i54tJFfzR_5alloc3vecINtBK_3VecNtNtNtCs9k3SxhrAWiO_3std3ffi6os_str8OsStringE14extend_trustedINtNtNtNtB4_4iter8adapters6cloned6ClonedINtNtNtB4_5slice4iter4IterB1j_EEE0ECsijQg9cG8cSH_6expand (core::ptr::drop_glue::<<alloc::vec::Vec<std::ffi::os_str::OsString>>::extend_trusted<core::iter::adapters::cloned::Cloned<core::slice::iter::Iter<std::ffi::os_str::OsString>>>::{closure#0}>)
FUNCTION _RINvNtCsgxBkk5gSRhY_4core3ptr9drop_glueNCINvNtNtNtB4_4iter8adapters3map8map_foldRNtNtNtCs9k3SxhrAWiO_3std3ffi6os_str8OsStringB1h_uNvYB1h_NtNtB4_5clone5Clone5cloneNCINvNvNtNtNtBK_6traits8iterator8Iterator8for_each4callB1h_NCINvMsj_NtCs6i54tJFfzR_5alloc3vecINtB3G_3VecB1h_E14extend_trustedINtNtBI_6cloned6ClonedINtNtNtB4_5slice4iter4IterB1h_EEE0E0E0ECsijQg9cG8cSH_6expand (core::ptr::drop_glue::<core::iter::adapters::map::map_fold<&std::ffi::os_str::OsString, std::ffi::os_str::OsString, (), <std::ffi::os_str::OsString as core::clone::Clone>::clone, core::iter::traits::iterator::Iterator::for_each::call<std::ffi::os_str::OsString, <alloc::vec::Vec<std::ffi::os_str::OsString>>::extend_trusted<core::iter::adapters::cloned::Cloned<core::slice::iter::Iter<std::ffi::os_str::OsString>>>::{closure#0}>::{closure#0}>::{closure#0}>)
FUNCTION _RNvNvMNtNtCsgxBkk5gSRhY_4core3ptr9const_ptrPp20offset_from_unsigned18precondition_checkCsijQg9cG8cSH_6expand (<*const _>::offset_from_unsigned::precondition_check)
FUNCTION _RNCINvNtNtNtCsgxBkk5gSRhY_4core4iter8adapters3map8map_foldRNtNtNtCs9k3SxhrAWiO_3std3ffi6os_str8OsStringBV_uNvYBV_NtNtBa_5clone5Clone5cloneNCINvNvNtNtNtB8_6traits8iterator8Iterator8for_each4callBV_NCINvMsj_NtCs6i54tJFfzR_5alloc3vecINtB3h_3VecBV_E14extend_trustedINtNtB6_6cloned6ClonedINtNtNtBa_5slice4iter4IterBV_EEE0E0E0CsijQg9cG8cSH_6expand (core::iter::adapters::map::map_fold::<&std::ffi::os_str::OsString, std::ffi::os_str::OsString, (), <std::ffi::os_str::OsString as core::clone::Clone>::clone, core::iter::traits::iterator::Iterator::for_each::call<std::ffi::os_str::OsString, <alloc::vec::Vec<std::ffi::os_str::OsString>>::extend_trusted<core::iter::adapters::cloned::Cloned<core::slice::iter::Iter<std::ffi::os_str::OsString>>>::{closure#0}>::{closure#0}>::{closure#0})
FUNCTION _RNvNvMs9_NtCsgxBkk5gSRhY_4core3numj13unchecked_add18precondition_checkCsijQg9cG8cSH_6expand (<usize>::unchecked_add::precondition_check)
FUNCTION _RNvYNvYNtNtNtCs9k3SxhrAWiO_3std3ffi6os_str8OsStringNtNtCsgxBkk5gSRhY_4core5clone5Clone5cloneINtNtNtBR_3ops8function5FnMutTRB5_EE8call_mutCsijQg9cG8cSH_6expand (<<std::ffi::os_str::OsString as core::clone::Clone>::clone as core::ops::function::FnMut<(&std::ffi::os_str::OsString,)>>::call_mut)
FUNCTION _RNCINvNvNtNtNtNtCsgxBkk5gSRhY_4core4iter6traits8iterator8Iterator8for_each4callNtNtNtCs9k3SxhrAWiO_3std3ffi6os_str8OsStringNCINvMsj_NtCs6i54tJFfzR_5alloc3vecINtB26_3VecB1f_E14extend_trustedINtNtNtBc_8adapters6cloned6ClonedINtNtNtBe_5slice4iter4IterB1f_EEE0E0CsijQg9cG8cSH_6expand (core::iter::traits::iterator::Iterator::for_each::call::<std::ffi::os_str::OsString, <alloc::vec::Vec<std::ffi::os_str::OsString>>::extend_trusted<core::iter::adapters::cloned::Cloned<core::slice::iter::Iter<std::ffi::os_str::OsString>>>::{closure#0}>::{closure#0})
FUNCTION _RNCINvMsj_NtCs6i54tJFfzR_5alloc3vecINtB8_3VecNtNtNtCs9k3SxhrAWiO_3std3ffi6os_str8OsStringE14extend_trustedINtNtNtNtCsgxBkk5gSRhY_4core4iter8adapters6cloned6ClonedINtNtNtB1P_5slice4iter4IterBH_EEE0CsijQg9cG8cSH_6expand (<alloc::vec::Vec<std::ffi::os_str::OsString>>::extend_trusted::<core::iter::adapters::cloned::Cloned<core::slice::iter::Iter<std::ffi::os_str::OsString>>>::{closure#0})
FUNCTION _RNvXs6_NtNtCs9k3SxhrAWiO_3std3ffi6os_strNtB5_8OsStringNtNtCsgxBkk5gSRhY_4core5clone5Clone5cloneCsijQg9cG8cSH_6expand (<std::ffi::os_str::OsString as core::clone::Clone>::clone)
FUNCTION _RNvXs2_NtNtCsbRzQFPXpg46_3nix5errno6constsNtB5_5ErrnoNtNtCsgxBkk5gSRhY_4core3fmt5Debug3fmtCsijQg9cG8cSH_6expand (<nix::errno::consts::Errno as core::fmt::Debug>::fmt)
FUNCTION _RNCNvCsijQg9cG8cSH_6expand4main0B3_ (expand::main::{closure#0})
FUNCTION _RINvMNtNtCsgxBkk5gSRhY_4core3fmt2rtNtB3_8Argument11new_displayNtNtNtCs1leyjZMkdpi_6uucore4mods6locale17LocalizationErrorECsijQg9cG8cSH_6expand (<core::fmt::rt::Argument>::new_display::<uucore::mods::locale::LocalizationError>)
FUNCTION _RINvMNtNtCsgxBkk5gSRhY_4core3fmt2rtNtB3_8Argument9new_debugNtNtNtCslPRUPRFQ4qs_13fluent_syntax6parser6errors11ParserErrorECsijQg9cG8cSH_6expand (<core::fmt::rt::Argument>::new_debug::<fluent_syntax::parser::errors::ParserError>)
FUNCTION _RINvMs2_NtCsgxBkk5gSRhY_4core3fmtNtB6_9Arguments3newKj25_Kj2_ECsijQg9cG8cSH_6expand (<core::fmt::Arguments>::new::<37, 2>)
FUNCTION _RINvMs2_NtCsgxBkk5gSRhY_4core3fmtNtB6_9Arguments3newKj2d_Kj1_ECsijQg9cG8cSH_6expand (<core::fmt::Arguments>::new::<45, 1>)
FUNCTION _RNvXs_NtNtCslPRUPRFQ4qs_13fluent_syntax6parser6errorsNtB4_11ParserErrorNtNtCsgxBkk5gSRhY_4core3fmt5Debug3fmtCsijQg9cG8cSH_6expand (<fluent_syntax::parser::errors::ParserError as core::fmt::Debug>::fmt)
FUNCTION main (main)
FUNCTION _RINvMNtCsgxBkk5gSRhY_4core3stre18trim_start_matchesAcj3_ECsdTd832gKU3b_9uu_expand (<str>::trim_start_matches::<[char; 3]>)
FUNCTION _RNvXsb_NtNtCsgxBkk5gSRhY_4core3str7patternAcj3_NtB5_7Pattern13into_searcherCsdTd832gKU3b_9uu_expand (<[char; 3] as core::str::pattern::Pattern>::into_searcher)
FUNCTION _RNvXsc_NtNtCsgxBkk5gSRhY_4core3str7patternINtB5_17CharArraySearcherKj3_ENtB5_8Searcher11next_rejectCsdTd832gKU3b_9uu_expand (<core::str::pattern::CharArraySearcher<3> as core::str::pattern::Searcher>::next_reject)
FUNCTION _RNvNvXs5_NtNtCsgxBkk5gSRhY_4core3str6traitsINtNtNtBb_3ops5range5RangejEINtNtNtBb_5slice5index10SliceIndexeE13get_unchecked18precondition_checkCsdTd832gKU3b_9uu_expand (<core::ops::range::Range<usize> as core::slice::index::SliceIndex<str>>::get_unchecked::precondition_check)
FUNCTION _RNvYINtNtNtCsgxBkk5gSRhY_4core3str7pattern19MultiCharEqSearcherAcj3_ENtB5_8Searcher11next_rejectCsdTd832gKU3b_9uu_expand (<core::str::pattern::MultiCharEqSearcher<[char; 3]> as core::str::pattern::Searcher>::next_reject)
{"function": "_RNvYINtNtNtCsgxBkk5gSRhY_4core3str7pattern19MultiCharEqSearcherAcj3_ENtB5_8Searcher11next_rejectCsdTd832gKU3b_9uu_expand", "function_demangled": "<core::str::pattern::MultiCharEqSearcher<[char; 3]> as core::str::pattern::Searcher>::next_reject", "header": "bb1", "depth": 1, "latch_count": 1, "subloop_count": 0, "src_loc": [{"col":13,"dir":"/rustc/48a229ceaefd4985c50990b14116b6d856af0985","file":"library/core/src/str/pattern.rs","line":267}]}
FUNCTION _RNvXs8_NtNtCsgxBkk5gSRhY_4core3str7patternINtB5_19MultiCharEqSearcherAcj3_ENtB5_8Searcher4nextCsdTd832gKU3b_9uu_expand (<core::str::pattern::MultiCharEqSearcher<[char; 3]> as core::str::pattern::Searcher>::next)
FUNCTION _RNvNvMNtNtCsgxBkk5gSRhY_4core3ptr9const_ptrPp20offset_from_unsigned18precondition_checkCsdTd832gKU3b_9uu_expand (<*const _>::offset_from_unsigned::precondition_check)
FUNCTION _RNvXs3_NtNtCsgxBkk5gSRhY_4core3str4iterNtB5_11CharIndicesNtNtNtNtB9_4iter6traits8iterator8Iterator4nextCsdTd832gKU3b_9uu_expand (<core::str::iter::CharIndices as core::iter::traits::iterator::Iterator>::next)
FUNCTION _RNvXs4_NtNtCsgxBkk5gSRhY_4core3str7patternAcj3_NtB5_11MultiCharEq7matchesCsdTd832gKU3b_9uu_expand (<[char; 3] as core::str::pattern::MultiCharEq>::matches)
FUNCTION _RNvXsL_NtNtCsgxBkk5gSRhY_4core5slice3cmpcNtB5_13SliceContains14slice_containsCsdTd832gKU3b_9uu_expand (<char as core::slice::cmp::SliceContains>::slice_contains)
{"function": "_RNvXsL_NtNtCsgxBkk5gSRhY_4core5slice3cmpcNtB5_13SliceContains14slice_containsCsdTd832gKU3b_9uu_expand", "function_demangled": "<char as core::slice::cmp::SliceContains>::slice_contains", "header": "bb2", "depth": 1, "latch_count": 1, "subloop_count": 0, "src_loc": [{"col":12,"dir":"/rustc/48a229ceaefd4985c50990b14116b6d856af0985","file":"library/core/src/slice/mod.rs","line":2157},{"col":16,"dir":"/rustc/48a229ceaefd4985c50990b14116b6d856af0985","file":"library/core/src/slice/iter.rs","line":1895},{"col":18,"dir":"/rustc/48a229ceaefd4985c50990b14116b6d856af0985","file":"library/core/src/iter/traits/iterator.rs","line":4241},{"col":34,"dir":"/rustc/48a229ceaefd4985c50990b14116b6d856af0985","file":"library/core/src/slice/cmp.rs","line":425}]}
FUNCTION _RNvNvNtNtCsgxBkk5gSRhY_4core4char7convert18from_u32_unchecked18precondition_checkCsdTd832gKU3b_9uu_expand (core::char::convert::from_u32_unchecked::precondition_check)
FUNCTION _RNvXs7_NtNtCsgxBkk5gSRhY_4core3str7patternINtB5_18MultiCharEqPatternAcj3_ENtB5_7Pattern13into_searcherCsdTd832gKU3b_9uu_expand (<core::str::pattern::MultiCharEqPattern<[char; 3]> as core::str::pattern::Pattern>::into_searcher)
FUNCTION _RNvMNtCsgxBkk5gSRhY_4core3stre5charsCsdTd832gKU3b_9uu_expand (<str>::chars)
FUNCTION _RINvMNtCsgxBkk5gSRhY_4core3stre18trim_start_matchesNvMNtNtB5_4char7methodsc10is_numericECsdTd832gKU3b_9uu_expand (<str>::trim_start_matches::<<char>::is_numeric>)
FUNCTION _RNvXsr_NtNtCsgxBkk5gSRhY_4core3str7patternNvMNtNtB9_4char7methodsc10is_numericNtB5_7Pattern13into_searcherCsdTd832gKU3b_9uu_expand (<<char>::is_numeric as core::str::pattern::Pattern>::into_searcher)
FUNCTION _RNvXso_NtNtCsgxBkk5gSRhY_4core3str7patternINtB5_21CharPredicateSearcherNvMNtNtB9_4char7methodsc10is_numericENtB5_8Searcher11next_rejectCsdTd832gKU3b_9uu_expand (<core::str::pattern::CharPredicateSearcher<<char>::is_numeric> as core::str::pattern::Searcher>::next_reject)
FUNCTION _RNvYINtNtNtCsgxBkk5gSRhY_4core3str7pattern19MultiCharEqSearcherNvMNtNtB9_4char7methodsc10is_numericENtB5_8Searcher11next_rejectCsdTd832gKU3b_9uu_expand (<core::str::pattern::MultiCharEqSearcher<<char>::is_numeric> as core::str::pattern::Searcher>::next_reject)
{"function": "_RNvYINtNtNtCsgxBkk5gSRhY_4core3str7pattern19MultiCharEqSearcherNvMNtNtB9_4char7methodsc10is_numericENtB5_8Searcher11next_rejectCsdTd832gKU3b_9uu_expand", "function_demangled": "<core::str::pattern::MultiCharEqSearcher<<char>::is_numeric> as core::str::pattern::Searcher>::next_reject", "header": "bb1", "depth": 1, "latch_count": 1, "subloop_count": 0, "src_loc": [{"col":13,"dir":"/rustc/48a229ceaefd4985c50990b14116b6d856af0985","file":"library/core/src/str/pattern.rs","line":267}]}
FUNCTION _RNvXs8_NtNtCsgxBkk5gSRhY_4core3str7patternINtB5_19MultiCharEqSearcherNvMNtNtB9_4char7methodsc10is_numericENtB5_8Searcher4nextCsdTd832gKU3b_9uu_expand (<core::str::pattern::MultiCharEqSearcher<<char>::is_numeric> as core::str::pattern::Searcher>::next)
FUNCTION _RNvXs3_NtNtCsgxBkk5gSRhY_4core3str7patternNvMNtNtB9_4char7methodsc10is_numericNtB5_11MultiCharEq7matchesCsdTd832gKU3b_9uu_expand (<<char>::is_numeric as core::str::pattern::MultiCharEq>::matches)
FUNCTION _RNvYNvMNtNtCsgxBkk5gSRhY_4core4char7methodsc10is_numericINtNtNtB9_3ops8function5FnMutTcEE8call_mutCsdTd832gKU3b_9uu_expand (<<char>::is_numeric as core::ops::function::FnMut<(char,)>>::call_mut)
FUNCTION _RNvMNtNtCsgxBkk5gSRhY_4core4char7methodsc10is_numericCsdTd832gKU3b_9uu_expand (<char>::is_numeric)
FUNCTION _RNvXs7_NtNtCsgxBkk5gSRhY_4core3str7patternINtB5_18MultiCharEqPatternNvMNtNtB9_4char7methodsc10is_numericENtB5_7Pattern13into_searcherCsdTd832gKU3b_9uu_expand (<core::str::pattern::MultiCharEqPattern<<char>::is_numeric> as core::str::pattern::Pattern>::into_searcher)
FUNCTION _RINvMNtCsgxBkk5gSRhY_4core3stre5splitAcj3_ECsdTd832gKU3b_9uu_expand (<str>::split::<[char; 3]>)
FUNCTION _RINvMNtCsgxBkk5gSRhY_4core6optionINtB3_6OptionNtNtNtCs4VqSFjx4n5U_12clap_builder4util9any_value8AnyValueE3mapNtNtNtBO_7builder10value_hint9ValueHintNCINvMNtB1N_3extNtB2s_10Extensions6removeB1J_E0ECsdTd832gKU3b_9uu_expand (<core::option::Option<clap_builder::util::any_value::AnyValue>>::map::<clap_builder::builder::value_hint::ValueHint, <clap_builder::builder::ext::Extensions>::remove<clap_builder::builder::value_hint::ValueHint>::{closure#0}>)
FUNCTION _RNCINvMNtNtCs4VqSFjx4n5U_12clap_builder7builder3extNtB5_10Extensions6removeNtNtB7_10value_hint9ValueHintE0CsdTd832gKU3b_9uu_expand (<clap_builder::builder::ext::Extensions>::remove::<clap_builder::builder::value_hint::ValueHint>::{closure#0})
FUNCTION _RINvMNtNtCs4VqSFjx4n5U_12clap_builder4util9any_valueNtB3_8AnyValue13downcast_intoNtNtNtB7_7builder10value_hint9ValueHintECsdTd832gKU3b_9uu_expand (<clap_builder::util::any_value::AnyValue>::downcast_into::<clap_builder::builder::value_hint::ValueHint>)
FUNCTION _RNvMNtCsgxBkk5gSRhY_4core6resultINtB2_6ResultNtNtNtCs4VqSFjx4n5U_12clap_builder7builder10value_hint9ValueHintNtNtNtBN_4util9any_value8AnyValueE6expectCsdTd832gKU3b_9uu_expand (<core::result::Result<clap_builder::builder::value_hint::ValueHint, clap_builder::util::any_value::AnyValue>>::expect)
FUNCTION _RINvMsF_NtCs6i54tJFfzR_5alloc4syncINtB6_3ArcDNtNtCsgxBkk5gSRhY_4core3any3AnyNtNtBL_6marker4SendNtB1e_4SyncEL_E8downcastNtNtNtCs4VqSFjx4n5U_12clap_builder7builder10value_hint9ValueHintECsdTd832gKU3b_9uu_expand (<alloc::sync::Arc<dyn core::any::Any + core::marker::Send + core::marker::Sync>>::downcast::<clap_builder::builder::value_hint::ValueHint>)
FUNCTION _RINvMNtCsgxBkk5gSRhY_4core6resultINtB3_6ResultINtNtCs6i54tJFfzR_5alloc4sync3ArcNtNtNtCs4VqSFjx4n5U_12clap_builder7builder10value_hint9ValueHintEIBJ_DNtNtB5_3any3AnyNtNtB5_6marker4SendNtB2E_4SyncEL_EE7map_errNtNtNtB1l_4util9any_value8AnyValueNCINvMB3l_B3j_13downcast_intoB1f_Es_0ECsdTd832gKU3b_9uu_expand (<core::result::Result<alloc::sync::Arc<clap_builder::builder::value_hint::ValueHint>, alloc::sync::Arc<dyn core::any::Any + core::marker::Send + core::marker::Sync>>>::map_err::<clap_builder::util::any_value::AnyValue, <clap_builder::util::any_value::AnyValue>::downcast_into<clap_builder::builder::value_hint::ValueHint>::{closure#1}>)
FUNCTION _RNvMsf_NtCs6i54tJFfzR_5alloc4syncINtB5_3ArcNtNtNtCs4VqSFjx4n5U_12clap_builder7builder10value_hint9ValueHintE10try_unwrapCsdTd832gKU3b_9uu_expand (<alloc::sync::Arc<clap_builder::builder::value_hint::ValueHint>>::try_unwrap)
FUNCTION _RINvMNtCsgxBkk5gSRhY_4core6resultINtB3_6ResultNtNtNtCs4VqSFjx4n5U_12clap_builder7builder10value_hint9ValueHintINtNtCs6i54tJFfzR_5alloc4sync3ArcBI_EE14unwrap_or_elseNCINvMNtNtBO_4util9any_valueNtB2I_8AnyValue13downcast_intoBI_E0ECsdTd832gKU3b_9uu_expand (<core::result::Result<clap_builder::builder::value_hint::ValueHint, alloc::sync::Arc<clap_builder::builder::value_hint::ValueHint>>>::unwrap_or_else::<<clap_builder::util::any_value::AnyValue>::downcast_into<clap_builder::builder::value_hint::ValueHint>::{closure#0}>)
FUNCTION _RINvNtCsgxBkk5gSRhY_4core3ptr9drop_glueINtNtCs6i54tJFfzR_5alloc4sync3ArcNtNtNtCs4VqSFjx4n5U_12clap_builder7builder10value_hint9ValueHintEECsdTd832gKU3b_9uu_expand (core::ptr::drop_glue::<alloc::sync::Arc<clap_builder::builder::value_hint::ValueHint>>)
FUNCTION _RNvXsE_NtCs6i54tJFfzR_5alloc4syncINtB5_3ArcNtNtNtCs4VqSFjx4n5U_12clap_builder7builder10value_hint9ValueHintENtNtNtCsgxBkk5gSRhY_4core3ops4drop4Drop4dropCsdTd832gKU3b_9uu_expand (<alloc::sync::Arc<clap_builder::builder::value_hint::ValueHint> as core::ops::drop::Drop>::drop)
FUNCTION _RNvNtNtCsgxBkk5gSRhY_4core4sync6atomic5fenceCsdTd832gKU3b_9uu_expand (core::sync::atomic::fence)
FUNCTION _RNvMsn_NtCs6i54tJFfzR_5alloc4syncINtB5_3ArcNtNtNtCs4VqSFjx4n5U_12clap_builder7builder10value_hint9ValueHintE9drop_slowCsdTd832gKU3b_9uu_expand (<alloc::sync::Arc<clap_builder::builder::value_hint::ValueHint>>::drop_slow)
FUNCTION _RINvNtCsgxBkk5gSRhY_4core3ptr9drop_glueINtNtCs6i54tJFfzR_5alloc4sync4WeakNtNtNtCs4VqSFjx4n5U_12clap_builder7builder10value_hint9ValueHintRNtNtBG_5alloc6GlobalEECsdTd832gKU3b_9uu_expand (core::ptr::drop_glue::<alloc::sync::Weak<clap_builder::builder::value_hint::ValueHint, &alloc::alloc::Global>>)
FUNCTION _RNvXsO_NtCs6i54tJFfzR_5alloc4syncINtB5_4WeakNtNtNtCs4VqSFjx4n5U_12clap_builder7builder10value_hint9ValueHintRNtNtB7_5alloc6GlobalENtNtNtCsgxBkk5gSRhY_4core3ops4drop4Drop4dropCsdTd832gKU3b_9uu_expand (<alloc::sync::Weak<clap_builder::builder::value_hint::ValueHint, &alloc::alloc::Global> as core::ops::drop::Drop>::drop)
FUNCTION _RNvNvMNtNtCsgxBkk5gSRhY_4core3mem9alignmentNtB4_9Alignment13new_unchecked18precondition_checkCsdTd832gKU3b_9uu_expand (<core::mem::alignment::Alignment>::new_unchecked::precondition_check)
FUNCTION _RNvNvMNtNtCsgxBkk5gSRhY_4core5alloc6layoutNtB4_6Layout29from_size_alignment_unchecked18precondition_checkCsdTd832gKU3b_9uu_expand (<core::alloc::layout::Layout>::from_size_alignment_unchecked::precondition_check)
FUNCTION _RNCINvMNtNtCs4VqSFjx4n5U_12clap_builder4util9any_valueNtB5_8AnyValue13downcast_intoNtNtNtB9_7builder10value_hint9ValueHintE0CsdTd832gKU3b_9uu_expand (<clap_builder::util::any_value::AnyValue>::downcast_into::<clap_builder::builder::value_hint::ValueHint>::{closure#0})
FUNCTION _RNvXsx_NtCs6i54tJFfzR_5alloc4syncINtB5_3ArcNtNtNtCs4VqSFjx4n5U_12clap_builder7builder10value_hint9ValueHintENtNtNtCsgxBkk5gSRhY_4core3ops5deref5Deref5derefCsdTd832gKU3b_9uu_expand (<alloc::sync::Arc<clap_builder::builder::value_hint::ValueHint> as core::ops::deref::Deref>::deref)
FUNCTION _RNvXs7_NtNtCs4VqSFjx4n5U_12clap_builder7builder10value_hintNtB5_9ValueHintNtNtCsgxBkk5gSRhY_4core5clone5Clone5cloneCsdTd832gKU3b_9uu_expand (<clap_builder::builder::value_hint::ValueHint as core::clone::Clone>::clone)
FUNCTION _RINvNtNtCsgxBkk5gSRhY_4core4sync6atomic23atomic_compare_exchangejECsdTd832gKU3b_9uu_expand (core::sync::atomic::atomic_compare_exchange::<usize>)
FUNCTION _RINvNtCsgxBkk5gSRhY_4core3ptr9drop_glueINtNtCs6i54tJFfzR_5alloc4sync4WeakNtNtNtCs4VqSFjx4n5U_12clap_builder7builder10value_hint9ValueHintEECsdTd832gKU3b_9uu_expand (core::ptr::drop_glue::<alloc::sync::Weak<clap_builder::builder::value_hint::ValueHint>>)
FUNCTION _RNvXsO_NtCs6i54tJFfzR_5alloc4syncINtB5_4WeakNtNtNtCs4VqSFjx4n5U_12clap_builder7builder10value_hint9ValueHintENtNtNtCsgxBkk5gSRhY_4core3ops4drop4Drop4dropCsdTd832gKU3b_9uu_expand (<alloc::sync::Weak<clap_builder::builder::value_hint::ValueHint> as core::ops::drop::Drop>::drop)
FUNCTION _RNvXs_NtCs6i54tJFfzR_5alloc5allocNtB4_6GlobalNtNtCsgxBkk5gSRhY_4core5alloc9Allocator10deallocateCsdTd832gKU3b_9uu_expand (<alloc::alloc::Global as core::alloc::Allocator>::deallocate)
FUNCTION _RNCINvMNtNtCs4VqSFjx4n5U_12clap_builder4util9any_valueNtB5_8AnyValue13downcast_intoNtNtNtB9_7builder10value_hint9ValueHintEs_0CsdTd832gKU3b_9uu_expand (<clap_builder::util::any_value::AnyValue>::downcast_into::<clap_builder::builder::value_hint::ValueHint>::{closure#1})
FUNCTION _RINvMNtCsgxBkk5gSRhY_4core6optionINtB3_6OptionRjE11is_some_andNCNvCsdTd832gKU3b_9uu_expand14tabstops_parse0EB12_ (<core::option::Option<&usize>>::is_some_and::<uu_expand::tabstops_parse::{closure#0}>)
FUNCTION _RNCNvCsdTd832gKU3b_9uu_expand14tabstops_parse0B3_ (uu_expand::tabstops_parse::{closure#0})
FUNCTION _RINvMNtCsgxBkk5gSRhY_4core6optionINtB3_6OptionTNtNtNtCs4VqSFjx4n5U_12clap_builder4util9any_value10AnyValueIdNtBL_8AnyValueEE3mapB1I_NCINvMNtBN_8flat_mapINtB2c_7FlatMapBJ_B1I_E6removeBJ_E0ECsdTd832gKU3b_9uu_expand (<core::option::Option<(clap_builder::util::any_value::AnyValueId, clap_builder::util::any_value::AnyValue)>>::map::<clap_builder::util::any_value::AnyValue, <clap_builder::util::flat_map::FlatMap<clap_builder::util::any_value::AnyValueId, clap_builder::util::any_value::AnyValue>>::remove<clap_builder::util::any_value::AnyValueId>::{closure#0}>)
FUNCTION _RNCINvMNtNtCs4VqSFjx4n5U_12clap_builder4util8flat_mapINtB5_7FlatMapNtNtB7_9any_value10AnyValueIdNtB15_8AnyValueE6removeB13_E0CsdTd832gKU3b_9uu_expand (<clap_builder::util::flat_map::FlatMap<clap_builder::util::any_value::AnyValueId, clap_builder::util::any_value::AnyValue>>::remove::<clap_builder::util::any_value::AnyValueId>::{closure#0})
FUNCTION _RINvMNtCsgxBkk5gSRhY_4core6resultINtB3_6ResultNtNtCs9k3SxhrAWiO_3std2fs4FileNtNtNtB5_2io5error5ErrorE7map_errINtNtCs6i54tJFfzR_5alloc5boxed3BoxDNtNtNtCs1leyjZMkdpi_6uucore4mods5error6UErrorEL_ENCINvXsc_B2k_Bv_INtB2k_6FromIoIBw_BI_B1J_EE15map_err_contextNCNvCsdTd832gKU3b_9uu_expand4open0E0EB47_ (<core::result::Result<std::fs::File, core::io::error::Error>>::map_err::<alloc::boxed::Box<dyn uucore::mods::error::UError>, <core::result::Result<std::fs::File, core::io::error::Error> as uucore::mods::error::FromIo<core::result::Result<std::fs::File, alloc::boxed::Box<dyn uucore::mods::error::UError>>>>::map_err_context<uu_expand::open::{closure#0}>::{closure#0}>)
FUNCTION _RNCINvXsc_NtNtCs1leyjZMkdpi_6uucore4mods5errorINtNtCsgxBkk5gSRhY_4core6result6ResultNtNtCs9k3SxhrAWiO_3std2fs4FileNtNtNtBN_2io5error5ErrorEINtB8_6FromIoIBJ_B1k_INtNtCs6i54tJFfzR_5alloc5boxed3BoxDNtB8_6UErrorEL_EEE15map_err_contextNCNvCsdTd832gKU3b_9uu_expand4open0E0B3K_ (<core::result::Result<std::fs::File, core::io::error::Error> as uucore::mods::error::FromIo<core::result::Result<std::fs::File, alloc::boxed::Box<dyn uucore::mods::error::UError>>>>::map_err_context::<uu_expand::open::{closure#0}>::{closure#0})
FUNCTION _RINvXsb_NtNtCs1leyjZMkdpi_6uucore4mods5errorNtNtNtCsgxBkk5gSRhY_4core2io5error5ErrorINtB6_6FromIoINtNtCs6i54tJFfzR_5alloc5boxed3BoxNtB6_8UIoErrorEE15map_err_contextNCNvCsdTd832gKU3b_9uu_expand4open0EB2G_ (<core::io::error::Error as uucore::mods::error::FromIo<alloc::boxed::Box<uucore::mods::error::UIoError>>>::map_err_context::<uu_expand::open::{closure#0}>)
FUNCTION _RNvXsx_NtNtCs1leyjZMkdpi_6uucore4mods5errorNtB5_8UIoErrorNtNtCsgxBkk5gSRhY_4core3fmt5Debug3fmtCsdTd832gKU3b_9uu_expand (<uucore::mods::error::UIoError as core::fmt::Debug>::fmt)
FUNCTION _RNCNvCsdTd832gKU3b_9uu_expand4open0B3_ (uu_expand::open::{closure#0})
FUNCTION _RNvNtCs6i54tJFfzR_5alloc5boxed14box_new_uninitCsdTd832gKU3b_9uu_expand (alloc::boxed::box_new_uninit)
FUNCTION _RNvMNtCs6i54tJFfzR_5alloc5allocNtB2_6Global18alloc_impl_runtimeCsdTd832gKU3b_9uu_expand (<alloc::alloc::Global>::alloc_impl_runtime)
FUNCTION _RNvNvMs1_NtNtCsgxBkk5gSRhY_4core3ptr8non_nullINtB7_7NonNullpE13new_unchecked18precondition_checkCsdTd832gKU3b_9uu_expand (<core::ptr::non_null::NonNull<_>>::new_unchecked::precondition_check)
FUNCTION _RNvXs3_NtNtCs9k3SxhrAWiO_3std3ffi6os_strNtB5_8OsStringNtNtNtCsgxBkk5gSRhY_4core3ops5deref5Deref5derefCsdTd832gKU3b_9uu_expand (<std::ffi::os_str::OsString as core::ops::deref::Deref>::deref)
FUNCTION _RNvYNtNtNtCs9k3SxhrAWiO_3std3ffi6os_str5OsStrNtNtCshCYJtwdHXUA_10os_display6native8Quotable11maybe_quoteCsdTd832gKU3b_9uu_expand (<std::ffi::os_str::OsStr as os_display::native::Quotable>::maybe_quote)
FUNCTION _RNvXsB_NtCs6i54tJFfzR_5alloc6stringNtCshCYJtwdHXUA_10os_display6QuotedNtB5_8ToString9to_stringCsdTd832gKU3b_9uu_expand (<os_display::Quoted as alloc::string::ToString>::to_string)
FUNCTION _RNvXsC_NtCs6i54tJFfzR_5alloc6stringNtCshCYJtwdHXUA_10os_display6QuotedNtB5_12SpecToString14spec_to_stringCsdTd832gKU3b_9uu_expand (<os_display::Quoted as alloc::string::SpecToString>::spec_to_string)
FUNCTION _RNvXsZ_NtCs6i54tJFfzR_5alloc6stringNtB5_6StringNtNtCsgxBkk5gSRhY_4core3fmt5Write9write_strCsdTd832gKU3b_9uu_expand (<alloc::string::String as core::fmt::Write>::write_str)
FUNCTION _RNvXsZ_NtCs6i54tJFfzR_5alloc6stringNtB5_6StringNtNtCsgxBkk5gSRhY_4core3fmt5Write10write_charCsdTd832gKU3b_9uu_expand (<alloc::string::String as core::fmt::Write>::write_char)
FUNCTION _RNvMNtCs6i54tJFfzR_5alloc6stringNtB2_6String4pushCsdTd832gKU3b_9uu_expand (<alloc::string::String>::push)
FUNCTION _RNvNtNtCsgxBkk5gSRhY_4core4char7methods25encode_utf8_raw_uncheckedCsdTd832gKU3b_9uu_expand (core::char::methods::encode_utf8_raw_unchecked)
FUNCTION _RNvNvMs_NtCs6i54tJFfzR_5alloc3vecINtB6_3VecppE7set_len18precondition_checkCsdTd832gKU3b_9uu_expand (<alloc::vec::Vec<_, _>>::set_len::precondition_check)
FUNCTION _RNvMNtCs6i54tJFfzR_5alloc6stringNtB2_6String8push_strCsdTd832gKU3b_9uu_expand (<alloc::string::String>::push_str)
FUNCTION _RNvNvNtNtCsgxBkk5gSRhY_4core5slice3raw14from_raw_parts18precondition_checkCsdTd832gKU3b_9uu_expand (core::slice::raw::from_raw_parts::precondition_check)
FUNCTION _RNvXs1_NtNtCs9k3SxhrAWiO_3std3ffi6os_strNtB5_8OsStringINtNtNtCsgxBkk5gSRhY_4core3ops5index5IndexNtNtBV_5range9RangeFullE5indexCsdTd832gKU3b_9uu_expand (<std::ffi::os_str::OsString as core::ops::index::Index<core::ops::range::RangeFull>>::index)
FUNCTION _RINvMNtCsgxBkk5gSRhY_4core6resultINtB3_6ResultuNtNtNtB5_2io5error5ErrorE7map_errINtNtCs6i54tJFfzR_5alloc5boxed3BoxDNtNtNtCs1leyjZMkdpi_6uucore4mods5error6UErrorEL_ENCINvXsc_B1R_Bv_INtB1R_6FromIoIBw_uB1g_EE15map_err_contextNCNvCsdTd832gKU3b_9uu_expand11expand_file0E0EB3C_ (<core::result::Result<(), core::io::error::Error>>::map_err::<alloc::boxed::Box<dyn uucore::mods::error::UError>, <core::result::Result<(), core::io::error::Error> as uucore::mods::error::FromIo<core::result::Result<(), alloc::boxed::Box<dyn uucore::mods::error::UError>>>>::map_err_context<uu_expand::expand_file::{closure#0}>::{closure#0}>)
FUNCTION _RNCINvXsc_NtNtCs1leyjZMkdpi_6uucore4mods5errorINtNtCsgxBkk5gSRhY_4core6result6ResultuNtNtNtBN_2io5error5ErrorEINtB8_6FromIoIBJ_uINtNtCs6i54tJFfzR_5alloc5boxed3BoxDNtB8_6UErrorEL_EEE15map_err_contextNCNvCsdTd832gKU3b_9uu_expand11expand_file0E0B3e_ (<core::result::Result<(), core::io::error::Error> as uucore::mods::error::FromIo<core::result::Result<(), alloc::boxed::Box<dyn uucore::mods::error::UError>>>>::map_err_context::<uu_expand::expand_file::{closure#0}>::{closure#0})
FUNCTION _RINvXsb_NtNtCs1leyjZMkdpi_6uucore4mods5errorNtNtNtCsgxBkk5gSRhY_4core2io5error5ErrorINtB6_6FromIoINtNtCs6i54tJFfzR_5alloc5boxed3BoxNtB6_8UIoErrorEE15map_err_contextNCNvCsdTd832gKU3b_9uu_expand11expand_file0EB2G_ (<core::io::error::Error as uucore::mods::error::FromIo<alloc::boxed::Box<uucore::mods::error::UIoError>>>::map_err_context::<uu_expand::expand_file::{closure#0}>)
FUNCTION _RNCNvCsdTd832gKU3b_9uu_expand11expand_file0B3_ (uu_expand::expand_file::{closure#0})
FUNCTION _RINvMNtCsgxBkk5gSRhY_4core6resultINtB3_6ResultuNtNtNtB5_2io5error5ErrorE7map_errINtNtCs6i54tJFfzR_5alloc5boxed3BoxDNtNtNtCs1leyjZMkdpi_6uucore4mods5error6UErrorEL_ENCINvXsc_B1R_Bv_INtB1R_6FromIoIBw_uB1g_EE15map_err_contextNCNvCsdTd832gKU3b_9uu_expand6expand0E0EB3C_ (<core::result::Result<(), core::io::error::Error>>::map_err::<alloc::boxed::Box<dyn uucore::mods::error::UError>, <core::result::Result<(), core::io::error::Error> as uucore::mods::error::FromIo<core::result::Result<(), alloc::boxed::Box<dyn uucore::mods::error::UError>>>>::map_err_context<uu_expand::expand::{closure#0}>::{closure#0}>)
FUNCTION _RNCINvXsc_NtNtCs1leyjZMkdpi_6uucore4mods5errorINtNtCsgxBkk5gSRhY_4core6result6ResultuNtNtNtBN_2io5error5ErrorEINtB8_6FromIoIBJ_uINtNtCs6i54tJFfzR_5alloc5boxed3BoxDNtB8_6UErrorEL_EEE15map_err_contextNCNvCsdTd832gKU3b_9uu_expand6expand0E0B3e_ (<core::result::Result<(), core::io::error::Error> as uucore::mods::error::FromIo<core::result::Result<(), alloc::boxed::Box<dyn uucore::mods::error::UError>>>>::map_err_context::<uu_expand::expand::{closure#0}>::{closure#0})
FUNCTION _RINvXsb_NtNtCs1leyjZMkdpi_6uucore4mods5errorNtNtNtCsgxBkk5gSRhY_4core2io5error5ErrorINtB6_6FromIoINtNtCs6i54tJFfzR_5alloc5boxed3BoxNtB6_8UIoErrorEE15map_err_contextNCNvCsdTd832gKU3b_9uu_expand6expand0EB2G_ (<core::io::error::Error as uucore::mods::error::FromIo<alloc::boxed::Box<uucore::mods::error::UIoError>>>::map_err_context::<uu_expand::expand::{closure#0}>)
FUNCTION _RNCNvCsdTd832gKU3b_9uu_expand6expand0B3_ (uu_expand::expand::{closure#0})
FUNCTION _RINvMNtNtCs4VqSFjx4n5U_12clap_builder4util8flat_mapINtB3_7FlatMapNtNtB5_9any_value10AnyValueIdNtB13_8AnyValueE12remove_entryB11_ECsdTd832gKU3b_9uu_expand (<clap_builder::util::flat_map::FlatMap<clap_builder::util::any_value::AnyValueId, clap_builder::util::any_value::AnyValue>>::remove_entry::<clap_builder::util::any_value::AnyValueId>)
FUNCTION _RINvYINtNtNtNtCsgxBkk5gSRhY_4core4iter8adapters9enumerate9EnumerateINtNtNtBc_5slice4iter4IterNtNtNtCs4VqSFjx4n5U_12clap_builder4util9any_value10AnyValueIdEENtNtNtBa_6traits8iterator8Iterator8find_mapjNCINvMNtB1x_8flat_mapINtB3i_7FlatMapB1t_NtB1v_8AnyValueE12remove_entryB1t_E0ECsdTd832gKU3b_9uu_expand (<core::iter::adapters::enumerate::Enumerate<core::slice::iter::Iter<clap_builder::util::any_value::AnyValueId>> as core::iter::traits::iterator::Iterator>::find_map::<usize, <clap_builder::util::flat_map::FlatMap<clap_builder::util::any_value::AnyValueId, clap_builder::util::any_value::AnyValue>>::remove_entry<clap_builder::util::any_value::AnyValueId>::{closure#0}>)
FUNCTION _RNvMs_NtCs6i54tJFfzR_5alloc3vecINtB4_3VecNtNtNtCs4VqSFjx4n5U_12clap_builder4util9any_value10AnyValueIdE6removeCsdTd832gKU3b_9uu_expand (<alloc::vec::Vec<clap_builder::util::any_value::AnyValueId>>::remove)
FUNCTION _RNvMs_NtCs6i54tJFfzR_5alloc3vecINtB4_3VecNtNtNtCs4VqSFjx4n5U_12clap_builder4util9any_value8AnyValueE6removeCsdTd832gKU3b_9uu_expand (<alloc::vec::Vec<clap_builder::util::any_value::AnyValue>>::remove)
FUNCTION _RNvMs_NtCs6i54tJFfzR_5alloc3vecINtB4_3VecNtNtNtCs4VqSFjx4n5U_12clap_builder4util9any_value8AnyValueE10try_removeCsdTd832gKU3b_9uu_expand (<alloc::vec::Vec<clap_builder::util::any_value::AnyValue>>::try_remove)
FUNCTION _RNvNvNtCsgxBkk5gSRhY_4core3ptr4copy18precondition_checkCsdTd832gKU3b_9uu_expand (core::ptr::copy::precondition_check)
FUNCTION _RNvMs_NtCs6i54tJFfzR_5alloc3vecINtB4_3VecNtNtNtCs4VqSFjx4n5U_12clap_builder4util9any_value10AnyValueIdE10try_removeCsdTd832gKU3b_9uu_expand (<alloc::vec::Vec<clap_builder::util::any_value::AnyValueId>>::try_remove)
FUNCTION _RINvXs_NtNtNtCsgxBkk5gSRhY_4core4iter8adapters9enumerateINtB5_9EnumerateINtNtNtBb_5slice4iter4IterNtNtNtCs4VqSFjx4n5U_12clap_builder4util9any_value10AnyValueIdEENtNtNtB9_6traits8iterator8Iterator8try_folduNCINvNvB2z_8find_map5checkTjRB1y_EjNCINvMNtB1C_8flat_mapINtB3W_7FlatMapB1y_NtB1A_8AnyValueE12remove_entryB1y_E0E0INtNtNtBb_3ops12control_flow11ControlFlowjEECsdTd832gKU3b_9uu_expand (<core::iter::adapters::enumerate::Enumerate<core::slice::iter::Iter<clap_builder::util::any_value::AnyValueId>> as core::iter::traits::iterator::Iterator>::try_fold::<(), core::iter::traits::iterator::Iterator::find_map::check<(usize, &clap_builder::util::any_value::AnyValueId), usize, <clap_builder::util::flat_map::FlatMap<clap_builder::util::any_value::AnyValueId, clap_builder::util::any_value::AnyValue>>::remove_entry<clap_builder::util::any_value::AnyValueId>::{closure#0}>::{closure#0}, core::ops::control_flow::ControlFlow<usize>>)
FUNCTION _RINvYINtNtNtCsgxBkk5gSRhY_4core5slice4iter4IterNtNtNtCs4VqSFjx4n5U_12clap_builder4util9any_value10AnyValueIdENtNtNtNtBa_4iter6traits8iterator8Iterator8try_folduNCINvNvXs_NtNtB1P_8adapters9enumerateINtB2I_9EnumeratepEB1J_8try_fold9enumerateRBJ_uINtNtNtBa_3ops12control_flow11ControlFlowjENCINvNvB1J_8find_map5checkTjB3P_EjNCINvMNtBN_8flat_mapINtB5f_7FlatMapBJ_NtBL_8AnyValueE12remove_entryBJ_E0E0E0B3U_ECsdTd832gKU3b_9uu_expand (<core::slice::iter::Iter<clap_builder::util::any_value::AnyValueId> as core::iter::traits::iterator::Iterator>::try_fold::<(), <core::iter::adapters::enumerate::Enumerate<_> as core::iter::traits::iterator::Iterator>::try_fold::enumerate<&clap_builder::util::any_value::AnyValueId, (), core::ops::control_flow::ControlFlow<usize>, core::iter::traits::iterator::Iterator::find_map::check<(usize, &clap_builder::util::any_value::AnyValueId), usize, <clap_builder::util::flat_map::FlatMap<clap_builder::util::any_value::AnyValueId, clap_builder::util::any_value::AnyValue>>::remove_entry<clap_builder::util::any_value::AnyValueId>::{closure#0}>::{closure#0}>::{closure#0}, core::ops::control_flow::ControlFlow<usize>>)
{"function": "_RINvYINtNtNtCsgxBkk5gSRhY_4core5slice4iter4IterNtNtNtCs4VqSFjx4n5U_12clap_builder4util9any_value10AnyValueIdENtNtNtNtBa_4iter6traits8iterator8Iterator8try_folduNCINvNvXs_NtNtB1P_8adapters9enumerateINtB2I_9EnumeratepEB1J_8try_fold9enumerateRBJ_uINtNtNtBa_3ops12control_flow11ControlFlowjENCINvNvB1J_8find_map5checkTjB3P_EjNCINvMNtBN_8flat_mapINtB5f_7FlatMapBJ_NtBL_8AnyValueE12remove_entryBJ_E0E0E0B3U_ECsdTd832gKU3b_9uu_expand", "function_demangled": "<core::slice::iter::Iter<clap_builder::util::any_value::AnyValueId> as core::iter::traits::iterator::Iterator>::try_fold::<(), <core::iter::adapters::enumerate::Enumerate<_> as core::iter::traits::iterator::Iterator>::try_fold::enumerate<&clap_builder::util::any_value::AnyValueId, (), core::ops::control_flow::ControlFlow<usize>, core::iter::traits::iterator::Iterator::find_map::check<(usize, &clap_builder::util::any_value::AnyValueId), usize, <clap_builder::util::flat_map::FlatMap<clap_builder::util::any_value::AnyValueId, clap_builder::util::any_value::AnyValue>>::remove_entry<clap_builder::util::any_value::AnyValueId>::{closure#0}>::{closure#0}>::{closure#0}, core::ops::control_flow::ControlFlow<usize>>", "header": "bb1", "depth": 1, "latch_count": 1, "subloop_count": 0, "src_loc": [{"col":34,"dir":"/rustc/48a229ceaefd4985c50990b14116b6d856af0985","file":"library/core/src/iter/traits/iterator.rs","line":2493}]}
FUNCTION _RNCINvNvXs_NtNtNtCsgxBkk5gSRhY_4core4iter8adapters9enumerateINtB9_9EnumeratepENtNtNtBd_6traits8iterator8Iterator8try_fold9enumerateRNtNtNtCs4VqSFjx4n5U_12clap_builder4util9any_value10AnyValueIduINtNtNtBf_3ops12control_flow11ControlFlowjENCINvNvB1e_8find_map5checkTjB25_EjNCINvMNtB2a_8flat_mapINtB4r_7FlatMapB26_NtB28_8AnyValueE12remove_entryB26_E0E0E0CsdTd832gKU3b_9uu_expand (<core::iter::adapters::enumerate::Enumerate<_> as core::iter::traits::iterator::Iterator>::try_fold::enumerate::<&clap_builder::util::any_value::AnyValueId, (), core::ops::control_flow::ControlFlow<usize>, core::iter::traits::iterator::Iterator::find_map::check<(usize, &clap_builder::util::any_value::AnyValueId), usize, <clap_builder::util::flat_map::FlatMap<clap_builder::util::any_value::AnyValueId, clap_builder::util::any_value::AnyValue>>::remove_entry<clap_builder::util::any_value::AnyValueId>::{closure#0}>::{closure#0}>::{closure#0})
FUNCTION _RNCINvNvNtNtNtNtCsgxBkk5gSRhY_4core4iter6traits8iterator8Iterator8find_map5checkTjRNtNtNtCs4VqSFjx4n5U_12clap_builder4util9any_value10AnyValueIdEjNCINvMNtB1n_8flat_mapINtB2q_7FlatMapB1j_NtB1l_8AnyValueE12remove_entryB1j_E0E0CsdTd832gKU3b_9uu_expand (core::iter::traits::iterator::Iterator::find_map::check::<(usize, &clap_builder::util::any_value::AnyValueId), usize, <clap_builder::util::flat_map::FlatMap<clap_builder::util::any_value::AnyValueId, clap_builder::util::any_value::AnyValue>>::remove_entry<clap_builder::util::any_value::AnyValueId>::{closure#0}>::{closure#0})
FUNCTION _RNCINvMNtNtCs4VqSFjx4n5U_12clap_builder4util8flat_mapINtB5_7FlatMapNtNtB7_9any_value10AnyValueIdNtB15_8AnyValueE12remove_entryB13_E0CsdTd832gKU3b_9uu_expand (<clap_builder::util::flat_map::FlatMap<clap_builder::util::any_value::AnyValueId, clap_builder::util::any_value::AnyValue>>::remove_entry::<clap_builder::util::any_value::AnyValueId>::{closure#0})
FUNCTION _RINvMNtNtCs4VqSFjx4n5U_12clap_builder4util8flat_mapINtB3_7FlatMapNtNtB5_9any_value10AnyValueIdNtB13_8AnyValueE6removeB11_ECsdTd832gKU3b_9uu_expand (<clap_builder::util::flat_map::FlatMap<clap_builder::util::any_value::AnyValueId, clap_builder::util::any_value::AnyValue>>::remove::<clap_builder::util::any_value::AnyValueId>)
FUNCTION _RINvMNtNtCs4VqSFjx4n5U_12clap_builder4util9any_valueNtB3_8AnyValue12downcast_refNtNtCs6i54tJFfzR_5alloc6string6StringECsdTd832gKU3b_9uu_expand (<clap_builder::util::any_value::AnyValue>::downcast_ref::<alloc::string::String>)
FUNCTION _RINvMs4_NtCsgxBkk5gSRhY_4core3anyDNtB6_3AnyNtNtB8_6marker4SendNtBH_4SyncEL_12downcast_refNtNtCs6i54tJFfzR_5alloc6string6StringECsdTd832gKU3b_9uu_expand (<dyn core::any::Any + core::marker::Send + core::marker::Sync>::downcast_ref::<alloc::string::String>)
FUNCTION _RINvMNtNtCs4VqSFjx4n5U_12clap_builder4util9any_valueNtB3_8AnyValue12downcast_refNtNtNtCs9k3SxhrAWiO_3std3ffi6os_str8OsStringECsdTd832gKU3b_9uu_expand (<clap_builder::util::any_value::AnyValue>::downcast_ref::<std::ffi::os_str::OsString>)
FUNCTION _RINvMs4_NtCsgxBkk5gSRhY_4core3anyDNtB6_3AnyNtNtB8_6marker4SendNtBH_4SyncEL_12downcast_refNtNtNtCs9k3SxhrAWiO_3std3ffi6os_str8OsStringECsdTd832gKU3b_9uu_expand (<dyn core::any::Any + core::marker::Send + core::marker::Sync>::downcast_ref::<std::ffi::os_str::OsString>)
FUNCTION _RINvMs2_NtCsgxBkk5gSRhY_4core3anyDNtB6_3AnyEL_12downcast_refNtNtNtCs9k3SxhrAWiO_3std3ffi6os_str8OsStringECsdTd832gKU3b_9uu_expand (<dyn core::any::Any>::downcast_ref::<std::ffi::os_str::OsString>)
FUNCTION _RINvMNtNtCs4VqSFjx4n5U_12clap_builder4util9any_valueNtB3_8AnyValue3newNtNtNtB7_7builder10value_hint9ValueHintECsdTd832gKU3b_9uu_expand (<clap_builder::util::any_value::AnyValue>::new::<clap_builder::builder::value_hint::ValueHint>)
FUNCTION _RNvMse_NtCs6i54tJFfzR_5alloc4syncINtB5_3ArcNtNtNtCs4VqSFjx4n5U_12clap_builder7builder10value_hint9ValueHintE3newCsdTd832gKU3b_9uu_expand (<alloc::sync::Arc<clap_builder::builder::value_hint::ValueHint>>::new)
FUNCTION _RNvXNtCsgxBkk5gSRhY_4core3anyNtNtNtCs4VqSFjx4n5U_12clap_builder7builder10value_hint9ValueHintNtB2_3Any7type_idCsdTd832gKU3b_9uu_expand (<clap_builder::builder::value_hint::ValueHint as core::any::Any>::type_id)
FUNCTION _RINvMNtNtCs4VqSFjx4n5U_12clap_builder6parser5errorNtB3_12MatchesError6unwrapINtNtCsgxBkk5gSRhY_4core6option6OptionINtNtNtB5_7matches11arg_matches9ValuesRefNtNtCs6i54tJFfzR_5alloc6string6StringEEECsdTd832gKU3b_9uu_expand (<clap_builder::parser::error::MatchesError>::unwrap::<core::option::Option<clap_builder::parser::matches::arg_matches::ValuesRef<alloc::string::String>>>)
FUNCTION _RINvMNtNtCs4VqSFjx4n5U_12clap_builder6parser5errorNtB3_12MatchesError6unwrapINtNtCsgxBkk5gSRhY_4core6option6OptionINtNtNtB5_7matches11arg_matches9ValuesRefNtNtNtCs9k3SxhrAWiO_3std3ffi6os_str8OsStringEEECsdTd832gKU3b_9uu_expand (<clap_builder::parser::error::MatchesError>::unwrap::<core::option::Option<clap_builder::parser::matches::arg_matches::ValuesRef<std::ffi::os_str::OsString>>>)
FUNCTION _RINvMNtNtCs4VqSFjx4n5U_12clap_builder7builder3extNtB3_10Extensions3setNtNtB5_10value_hint9ValueHintECsdTd832gKU3b_9uu_expand (<clap_builder::builder::ext::Extensions>::set::<clap_builder::builder::value_hint::ValueHint>)
FUNCTION _RNvMNtCsgxBkk5gSRhY_4core6optionINtB2_6OptionNtNtNtCs4VqSFjx4n5U_12clap_builder4util9any_value8AnyValueE7is_someCsdTd832gKU3b_9uu_expand (<core::option::Option<clap_builder::util::any_value::AnyValue>>::is_some)
FUNCTION _RINvMNtNtCs4VqSFjx4n5U_12clap_builder7builder3extNtB3_10Extensions6removeNtNtB5_10value_hint9ValueHintECsdTd832gKU3b_9uu_expand (<clap_builder::builder::ext::Extensions>::remove::<clap_builder::builder::value_hint::ValueHint>)
FUNCTION _RINvMNtNtCsgxBkk5gSRhY_4core3fmt2rtNtB3_8Argument11new_displayINtNtCs6i54tJFfzR_5alloc5boxed3BoxDNtNtNtCs1leyjZMkdpi_6uucore4mods5error6UErrorEL_EECsdTd832gKU3b_9uu_expand (<core::fmt::rt::Argument>::new_display::<alloc::boxed::Box<dyn uucore::mods::error::UError>>)
FUNCTION _RNvXsm_NtCs6i54tJFfzR_5alloc5boxedINtB5_3BoxDNtNtNtCs1leyjZMkdpi_6uucore4mods5error6UErrorEL_ENtNtCsgxBkk5gSRhY_4core3fmt7Display3fmtCsdTd832gKU3b_9uu_expand (<alloc::boxed::Box<dyn uucore::mods::error::UError> as core::fmt::Display>::fmt)
FUNCTION _RINvMNtNtNtCs4VqSFjx4n5U_12clap_builder6parser7matches11arg_matchesNtB3_10ArgMatches8get_manyNtNtCs6i54tJFfzR_5alloc6string6StringECsdTd832gKU3b_9uu_expand (<clap_builder::parser::matches::arg_matches::ArgMatches>::get_many::<alloc::string::String>)
FUNCTION _RINvMs0_NtNtNtCs4VqSFjx4n5U_12clap_builder6parser7matches11arg_matchesNtB6_10ArgMatches12try_get_manyNtNtCs6i54tJFfzR_5alloc6string6StringECsdTd832gKU3b_9uu_expand (<clap_builder::parser::matches::arg_matches::ArgMatches>::try_get_many::<alloc::string::String>)
FUNCTION _RINvMs1_NtNtNtCs4VqSFjx4n5U_12clap_builder6parser7matches11arg_matchesNtB6_10ArgMatches13try_get_arg_tNtNtCs6i54tJFfzR_5alloc6string6StringECsdTd832gKU3b_9uu_expand (<clap_builder::parser::matches::arg_matches::ArgMatches>::try_get_arg_t::<alloc::string::String>)
FUNCTION _RNSINvNtNtNtCs4VqSFjx4n5U_12clap_builder6parser7matches11arg_matches19unwrap_downcast_refNtNtCs6i54tJFfzR_5alloc6string6StringE5reifyCsdTd832gKU3b_9uu_expand (clap_builder::parser::matches::arg_matches::unwrap_downcast_ref::<alloc::string::String>::{shim:reify#0})
FUNCTION _RINvYINtNtNtNtCsgxBkk5gSRhY_4core4iter8adapters7flatten7FlattenINtNtNtBc_5slice4iter4IterINtNtCs6i54tJFfzR_5alloc3vec3VecNtNtNtCs4VqSFjx4n5U_12clap_builder4util9any_value8AnyValueEEENtNtNtBa_6traits8iterator8Iterator3mapRNtNtB1u_6string6StringFG_RL0_B1V_ERL0_B3x_ECsdTd832gKU3b_9uu_expand (<core::iter::adapters::flatten::Flatten<core::slice::iter::Iter<alloc::vec::Vec<clap_builder::util::any_value::AnyValue>>> as core::iter::traits::iterator::Iterator>::map::<&alloc::string::String, for<'a> fn(&'a clap_builder::util::any_value::AnyValue) -> &'a alloc::string::String>)
FUNCTION _RINvNtNtNtCs4VqSFjx4n5U_12clap_builder6parser7matches11arg_matches19unwrap_downcast_refNtNtCs6i54tJFfzR_5alloc6string6StringECsdTd832gKU3b_9uu_expand (clap_builder::parser::matches::arg_matches::unwrap_downcast_ref::<alloc::string::String>)
FUNCTION _RNvMNtCsgxBkk5gSRhY_4core6optionINtB2_6OptionRNtNtCs6i54tJFfzR_5alloc6string6StringE6expectCsdTd832gKU3b_9uu_expand (<core::option::Option<&alloc::string::String>>::expect)
FUNCTION _RNvMs1_NtNtNtCs4VqSFjx4n5U_12clap_builder6parser7matches11arg_matchesNtB5_10ArgMatches11try_get_argCsdTd832gKU3b_9uu_expand (<clap_builder::parser::matches::arg_matches::ArgMatches>::try_get_arg)
FUNCTION _RINvMs1_NtNtNtCs4VqSFjx4n5U_12clap_builder6parser7matches11arg_matchesNtB6_10ArgMatches12verify_arg_tNtNtCs6i54tJFfzR_5alloc6string6StringECsdTd832gKU3b_9uu_expand (<clap_builder::parser::matches::arg_matches::ArgMatches>::verify_arg_t::<alloc::string::String>)
FUNCTION _RNvMs1_NtNtNtCs4VqSFjx4n5U_12clap_builder6parser7matches11arg_matchesNtB5_10ArgMatches10verify_argCsdTd832gKU3b_9uu_expand (<clap_builder::parser::matches::arg_matches::ArgMatches>::verify_arg)
FUNCTION _RINvMNtNtNtCs4VqSFjx4n5U_12clap_builder6parser7matches11arg_matchesNtB3_10ArgMatches8get_manyNtNtNtCs9k3SxhrAWiO_3std3ffi6os_str8OsStringECsdTd832gKU3b_9uu_expand (<clap_builder::parser::matches::arg_matches::ArgMatches>::get_many::<std::ffi::os_str::OsString>)
FUNCTION _RINvMs0_NtNtNtCs4VqSFjx4n5U_12clap_builder6parser7matches11arg_matchesNtB6_10ArgMatches12try_get_manyNtNtNtCs9k3SxhrAWiO_3std3ffi6os_str8OsStringECsdTd832gKU3b_9uu_expand (<clap_builder::parser::matches::arg_matches::ArgMatches>::try_get_many::<std::ffi::os_str::OsString>)
FUNCTION _RINvMs1_NtNtNtCs4VqSFjx4n5U_12clap_builder6parser7matches11arg_matchesNtB6_10ArgMatches13try_get_arg_tNtNtNtCs9k3SxhrAWiO_3std3ffi6os_str8OsStringECsdTd832gKU3b_9uu_expand (<clap_builder::parser::matches::arg_matches::ArgMatches>::try_get_arg_t::<std::ffi::os_str::OsString>)
FUNCTION _RNSINvNtNtNtCs4VqSFjx4n5U_12clap_builder6parser7matches11arg_matches19unwrap_downcast_refNtNtNtCs9k3SxhrAWiO_3std3ffi6os_str8OsStringE5reifyCsdTd832gKU3b_9uu_expand (clap_builder::parser::matches::arg_matches::unwrap_downcast_ref::<std::ffi::os_str::OsString>::{shim:reify#0})
FUNCTION _RINvYINtNtNtNtCsgxBkk5gSRhY_4core4iter8adapters7flatten7FlattenINtNtNtBc_5slice4iter4IterINtNtCs6i54tJFfzR_5alloc3vec3VecNtNtNtCs4VqSFjx4n5U_12clap_builder4util9any_value8AnyValueEEENtNtNtBa_6traits8iterator8Iterator3mapRNtNtNtCs9k3SxhrAWiO_3std3ffi6os_str8OsStringFG_RL0_B1V_ERL0_B3x_ECsdTd832gKU3b_9uu_expand (<core::iter::adapters::flatten::Flatten<core::slice::iter::Iter<alloc::vec::Vec<clap_builder::util::any_value::AnyValue>>> as core::iter::traits::iterator::Iterator>::map::<&std::ffi::os_str::OsString, for<'a> fn(&'a clap_builder::util::any_value::AnyValue) -> &'a std::ffi::os_str::OsString>)
FUNCTION _RINvNtNtNtCs4VqSFjx4n5U_12clap_builder6parser7matches11arg_matches19unwrap_downcast_refNtNtNtCs9k3SxhrAWiO_3std3ffi6os_str8OsStringECsdTd832gKU3b_9uu_expand (clap_builder::parser::matches::arg_matches::unwrap_downcast_ref::<std::ffi::os_str::OsString>)
FUNCTION _RINvMs1_NtNtNtCs4VqSFjx4n5U_12clap_builder6parser7matches11arg_matchesNtB6_10ArgMatches12verify_arg_tNtNtNtCs9k3SxhrAWiO_3std3ffi6os_str8OsStringECsdTd832gKU3b_9uu_expand (<clap_builder::parser::matches::arg_matches::ArgMatches>::verify_arg_t::<std::ffi::os_str::OsString>)
FUNCTION _RINvMNtNtNtNtCs9k3SxhrAWiO_3std2io8buffered9bufreader6bufferNtB3_6Buffer8fill_bufQINtNtCs6i54tJFfzR_5alloc5boxed3BoxDNtB9_4ReadEL_EECsdTd832gKU3b_9uu_expand (<std::io::buffered::bufreader::buffer::Buffer>::fill_buf::<&mut alloc::boxed::Box<dyn std::io::Read>>)
FUNCTION _RNvXNtNtCs9k3SxhrAWiO_3std2io5implsQINtNtCs6i54tJFfzR_5alloc5boxed3BoxDNtB4_4ReadEL_EB17_8read_bufCsdTd832gKU3b_9uu_expand (<&mut alloc::boxed::Box<dyn std::io::Read> as std::io::Read>::read_buf)
FUNCTION _RNvNvXs2_NtNtCsgxBkk5gSRhY_4core5slice5indexINtNtNtBb_3ops5range5RangejEINtB7_10SliceIndexSpE13get_unchecked18precondition_checkCsdTd832gKU3b_9uu_expand (<core::ops::range::Range<usize> as core::slice::index::SliceIndex<[_]>>::get_unchecked::precondition_check)
FUNCTION _RNvXs2_NtNtCs9k3SxhrAWiO_3std2io5implsINtNtCs6i54tJFfzR_5alloc5boxed3BoxDNtB7_4ReadEL_EB19_8read_bufCsdTd832gKU3b_9uu_expand (<alloc::boxed::Box<dyn std::io::Read> as std::io::Read>::read_buf)
FUNCTION _RINvMs0_NtNtCs4VqSFjx4n5U_12clap_builder7builder3argNtB6_3Arg4helpNtNtCs6i54tJFfzR_5alloc6string6StringECsdTd832gKU3b_9uu_expand (<clap_builder::builder::arg::Arg>::help::<alloc::string::String>)
FUNCTION _RNvXsh_NtNtCs4VqSFjx4n5U_12clap_builder7builder10resettableNtNtCs6i54tJFfzR_5alloc6string6StringINtB5_14IntoResettableNtNtB7_10styled_str9StyledStrE15into_resettableCsdTd832gKU3b_9uu_expand (<alloc::string::String as clap_builder::builder::resettable::IntoResettable<clap_builder::builder::styled_str::StyledStr>>::into_resettable)
FUNCTION _RNvXs1_NtCsgxBkk5gSRhY_4core7convertNtNtCs6i54tJFfzR_5alloc6string6StringINtB5_4IntoNtNtNtCs4VqSFjx4n5U_12clap_builder7builder10styled_str9StyledStrE4intoCsdTd832gKU3b_9uu_expand (<alloc::string::String as core::convert::Into<clap_builder::builder::styled_str::StyledStr>>::into)
FUNCTION _RINvMs0_NtNtCs4VqSFjx4n5U_12clap_builder7builder7commandNtB6_7Command14override_usageNtNtCs6i54tJFfzR_5alloc6string6StringECsdTd832gKU3b_9uu_expand (<clap_builder::builder::command::Command>::override_usage::<alloc::string::String>)
FUNCTION _RINvMs0_NtNtCs4VqSFjx4n5U_12clap_builder7builder7commandNtB6_7Command5aboutNtNtCs6i54tJFfzR_5alloc6string6StringECsdTd832gKU3b_9uu_expand (<clap_builder::builder::command::Command>::about::<alloc::string::String>)
FUNCTION _RINvMs0_NtNtCs4VqSFjx4n5U_12clap_builder7builder7commandNtB6_7Command7versionReECsdTd832gKU3b_9uu_expand (<clap_builder::builder::command::Command>::version::<&str>)
FUNCTION _RINvMs2_NtCs9k3SxhrAWiO_3std2fsNtB6_4File4openRNtNtB8_4path4PathECsdTd832gKU3b_9uu_expand (<std::fs::File>::open::<&std::path::Path>)
FUNCTION _RINvMsj_NtCs9k3SxhrAWiO_3std2fsNtB6_11OpenOptions4openRNtNtB8_4path4PathECsdTd832gKU3b_9uu_expand (<std::fs::OpenOptions>::open::<&std::path::Path>)
FUNCTION _RINvMs2_NtCsgxBkk5gSRhY_4core3fmtNtB6_9Arguments3newKja_Kj1_ECsdTd832gKU3b_9uu_expand (<core::fmt::Arguments>::new::<10, 1>)
FUNCTION _RINvMs_NtNtCs4VqSFjx4n5U_12clap_builder7builder3argNtB5_3Arg10value_hintNtNtB7_10value_hint9ValueHintECsdTd832gKU3b_9uu_expand (<clap_builder::builder::arg::Arg>::value_hint::<clap_builder::builder::value_hint::ValueHint>)
FUNCTION _RNvMNtNtCs4VqSFjx4n5U_12clap_builder7builder10resettableINtB2_10ResettableNtNtB4_10value_hint9ValueHintE11into_optionCsdTd832gKU3b_9uu_expand (<clap_builder::builder::resettable::Resettable<clap_builder::builder::value_hint::ValueHint>>::into_option)
FUNCTION _RINvMs_NtNtCs4VqSFjx4n5U_12clap_builder7builder3argNtB5_3Arg12value_parserNtNtB7_12value_parser11ValueParserECsdTd832gKU3b_9uu_expand (<clap_builder::builder::arg::Arg>::value_parser::<clap_builder::builder::value_parser::ValueParser>)
FUNCTION _RNvXsf_NtNtCs4VqSFjx4n5U_12clap_builder7builder10resettableNtNtB7_12value_parser11ValueParserINtB5_14IntoResettableBV_E15into_resettableCsdTd832gKU3b_9uu_expand (<clap_builder::builder::value_parser::ValueParser as clap_builder::builder::resettable::IntoResettable<clap_builder::builder::value_parser::ValueParser>>::into_resettable)
FUNCTION _RNvMNtNtCs4VqSFjx4n5U_12clap_builder7builder10resettableINtB2_10ResettableNtNtB4_12value_parser11ValueParserE11into_optionCsdTd832gKU3b_9uu_expand (<clap_builder::builder::resettable::Resettable<clap_builder::builder::value_parser::ValueParser>>::into_option)
FUNCTION _RNvXs1_NtCsgxBkk5gSRhY_4core7convertNtNtNtCs4VqSFjx4n5U_12clap_builder7builder12value_parser11ValueParserINtB5_4IntoBy_E4intoCsdTd832gKU3b_9uu_expand (<clap_builder::builder::value_parser::ValueParser as core::convert::Into<clap_builder::builder::value_parser::ValueParser>>::into)
FUNCTION _RINvMs_NtNtCs4VqSFjx4n5U_12clap_builder7builder3argNtB5_3Arg13default_valueReECsdTd832gKU3b_9uu_expand (<clap_builder::builder::arg::Arg>::default_value::<&str>)
FUNCTION _RNvXsi_NtNtCs4VqSFjx4n5U_12clap_builder7builder10resettableReINtB5_14IntoResettableNtNtB7_6os_str5OsStrE15into_resettableCsdTd832gKU3b_9uu_expand (<&str as clap_builder::builder::resettable::IntoResettable<clap_builder::builder::os_str::OsStr>>::into_resettable)
FUNCTION _RNvMNtNtCs4VqSFjx4n5U_12clap_builder7builder10resettableINtB2_10ResettableNtNtB4_6os_str5OsStrE11into_optionCsdTd832gKU3b_9uu_expand (<clap_builder::builder::resettable::Resettable<clap_builder::builder::os_str::OsStr>>::into_option)
FUNCTION _RINvMs_NtNtCs4VqSFjx4n5U_12clap_builder7builder3argNtB5_3Arg14default_valuesNtNtB7_6os_str5OsStrAB1c_j1_ECsdTd832gKU3b_9uu_expand (<clap_builder::builder::arg::Arg>::default_values::<clap_builder::builder::os_str::OsStr, [clap_builder::builder::os_str::OsStr; 1]>)
FUNCTION _RNvMs_NtCs6i54tJFfzR_5alloc3vecINtB4_3VecNtNtNtCs4VqSFjx4n5U_12clap_builder7builder6os_str5OsStrE5clearCsdTd832gKU3b_9uu_expand (<alloc::vec::Vec<clap_builder::builder::os_str::OsStr>>::clear)
FUNCTION _RNvXs_NtNtCsgxBkk5gSRhY_4core5array4iterANtNtNtCs4VqSFjx4n5U_12clap_builder7builder6os_str5OsStrj1_NtNtNtNtB8_4iter6traits7collect12IntoIterator9into_iterCsdTd832gKU3b_9uu_expand (<[clap_builder::builder::os_str::OsStr; 1] as core::iter::traits::collect::IntoIterator>::into_iter)
FUNCTION _RINvYINtNtNtCsgxBkk5gSRhY_4core5array4iter8IntoIterNtNtNtCs4VqSFjx4n5U_12clap_builder7builder6os_str5OsStrKj1_ENtNtNtNtBa_4iter6traits8iterator8Iterator3mapBN_NCINvMs_NtBR_3argNtB2F_3Arg14default_valuesBN_ABN_B1H_E0ECsdTd832gKU3b_9uu_expand (<core::array::iter::IntoIter<clap_builder::builder::os_str::OsStr, 1> as core::iter::traits::iterator::Iterator>::map::<clap_builder::builder::os_str::OsStr, <clap_builder::builder::arg::Arg>::default_values<clap_builder::builder::os_str::OsStr, [clap_builder::builder::os_str::OsStr; 1]>::{closure#0}>)
FUNCTION _RINvYINtNtNtNtCsgxBkk5gSRhY_4core4iter8adapters3map3MapINtNtNtBc_5array4iter8IntoIterNtNtNtCs4VqSFjx4n5U_12clap_builder7builder6os_str5OsStrKj1_ENCINvMs_NtB1p_3argNtB2r_3Arg14default_valuesB1l_AB1l_B2f_E0ENtNtNtBa_6traits8iterator8Iterator7collectINtNtCs6i54tJFfzR_5alloc3vec3VecB1l_EECsdTd832gKU3b_9uu_expand (<core::iter::adapters::map::Map<core::array::iter::IntoIter<clap_builder::builder::os_str::OsStr, 1>, <clap_builder::builder::arg::Arg>::default_values<clap_builder::builder::os_str::OsStr, [clap_builder::builder::os_str::OsStr; 1]>::{closure#0}> as core::iter::traits::iterator::Iterator>::collect::<alloc::vec::Vec<clap_builder::builder::os_str::OsStr>>)
FUNCTION _RINvXse_NtCs6i54tJFfzR_5alloc3vecINtB6_3VecNtNtNtCs4VqSFjx4n5U_12clap_builder7builder6os_str5OsStrEINtNtNtNtCsgxBkk5gSRhY_4core4iter6traits7collect12FromIteratorBF_E9from_iterINtNtNtB1G_8adapters3map3MapINtNtNtB1I_5array4iter8IntoIterBF_Kj1_ENCINvMs_NtBJ_3argNtB40_3Arg14default_valuesBF_ABF_B3O_E0EECsdTd832gKU3b_9uu_expand (<alloc::vec::Vec<clap_builder::builder::os_str::OsStr> as core::iter::traits::collect::FromIterator<clap_builder::builder::os_str::OsStr>>::from_iter::<core::iter::adapters::map::Map<core::array::iter::IntoIter<clap_builder::builder::os_str::OsStr, 1>, <clap_builder::builder::arg::Arg>::default_values<clap_builder::builder::os_str::OsStr, [clap_builder::builder::os_str::OsStr; 1]>::{closure#0}>>)
FUNCTION _RNvXNtNtNtCsgxBkk5gSRhY_4core4iter6traits7collectINtNtNtB6_8adapters3map3MapINtNtNtB8_5array4iter8IntoIterNtNtNtCs4VqSFjx4n5U_12clap_builder7builder6os_str5OsStrKj1_ENCINvMs_NtB1K_3argNtB2M_3Arg14default_valuesB1G_AB1G_B2A_E0ENtB2_12IntoIterator9into_iterCsdTd832gKU3b_9uu_expand (<core::iter::adapters::map::Map<core::array::iter::IntoIter<clap_builder::builder::os_str::OsStr, 1>, <clap_builder::builder::arg::Arg>::default_values<clap_builder::builder::os_str::OsStr, [clap_builder::builder::os_str::OsStr; 1]>::{closure#0}> as core::iter::traits::collect::IntoIterator>::into_iter)
FUNCTION _RNvXNtNtCs6i54tJFfzR_5alloc3vec14spec_from_iterINtB4_3VecNtNtNtCs4VqSFjx4n5U_12clap_builder7builder6os_str5OsStrEINtB2_12SpecFromIterBT_INtNtNtNtCsgxBkk5gSRhY_4core4iter8adapters3map3MapINtNtNtB2j_5array4iter8IntoIterBT_Kj1_ENCINvMs_NtBX_3argNtB3J_3Arg14default_valuesBT_ABT_B3x_E0EE9from_iterCsdTd832gKU3b_9uu_expand (<alloc::vec::Vec<clap_builder::builder::os_str::OsStr> as alloc::vec::spec_from_iter::SpecFromIter<clap_builder::builder::os_str::OsStr, core::iter::adapters::map::Map<core::array::iter::IntoIter<clap_builder::builder::os_str::OsStr, 1>, <clap_builder::builder::arg::Arg>::default_values<clap_builder::builder::os_str::OsStr, [clap_builder::builder::os_str::OsStr; 1]>::{closure#0}>>>::from_iter)
FUNCTION _RNvXs_NtNtCs6i54tJFfzR_5alloc3vec21spec_from_iter_nestedINtB6_3VecNtNtNtCs4VqSFjx4n5U_12clap_builder7builder6os_str5OsStrEINtB4_18SpecFromIterNestedB12_INtNtNtNtCsgxBkk5gSRhY_4core4iter8adapters3map3MapINtNtNtB2z_5array4iter8IntoIterB12_Kj1_ENCINvMs_NtB16_3argNtB40_3Arg14default_valuesB12_AB12_B3O_E0EE9from_iterCsdTd832gKU3b_9uu_expand (<alloc::vec::Vec<clap_builder::builder::os_str::OsStr> as alloc::vec::spec_from_iter_nested::SpecFromIterNested<clap_builder::builder::os_str::OsStr, core::iter::adapters::map::Map<core::array::iter::IntoIter<clap_builder::builder::os_str::OsStr, 1>, <clap_builder::builder::arg::Arg>::default_values<clap_builder::builder::os_str::OsStr, [clap_builder::builder::os_str::OsStr; 1]>::{closure#0}>>>::from_iter)
FUNCTION _RNvXs0_NtNtNtCsgxBkk5gSRhY_4core4iter8adapters3mapINtB5_3MapINtNtNtBb_5array4iter8IntoIterNtNtNtCs4VqSFjx4n5U_12clap_builder7builder6os_str5OsStrKj1_ENCINvMs_NtB1u_3argNtB2w_3Arg14default_valuesB1q_AB1q_B2k_E0ENtNtNtB9_6traits8iterator8Iterator9size_hintCsdTd832gKU3b_9uu_expand (<core::iter::adapters::map::Map<core::array::iter::IntoIter<clap_builder::builder::os_str::OsStr, 1>, <clap_builder::builder::arg::Arg>::default_values<clap_builder::builder::os_str::OsStr, [clap_builder::builder::os_str::OsStr; 1]>::{closure#0}> as core::iter::traits::iterator::Iterator>::size_hint)
FUNCTION _RNvXs_NtNtCs6i54tJFfzR_5alloc3vec11spec_extendINtB6_3VecNtNtNtCs4VqSFjx4n5U_12clap_builder7builder6os_str5OsStrEINtB4_10SpecExtendBS_INtNtNtNtCsgxBkk5gSRhY_4core4iter8adapters3map3MapINtNtNtB2g_5array4iter8IntoIterBS_Kj1_ENCINvMs_NtBW_3argNtB3G_3Arg14default_valuesBS_ABS_B3u_E0EE11spec_extendCsdTd832gKU3b_9uu_expand (<alloc::vec::Vec<clap_builder::builder::os_str::OsStr> as alloc::vec::spec_extend::SpecExtend<clap_builder::builder::os_str::OsStr, core::iter::adapters::map::Map<core::array::iter::IntoIter<clap_builder::builder::os_str::OsStr, 1>, <clap_builder::builder::arg::Arg>::default_values<clap_builder::builder::os_str::OsStr, [clap_builder::builder::os_str::OsStr; 1]>::{closure#0}>>>::spec_extend)
FUNCTION _RINvNtCsgxBkk5gSRhY_4core3ptr9drop_glueINtNtNtNtB4_4iter8adapters3map3MapINtNtNtB4_5array4iter8IntoIterNtNtNtCs4VqSFjx4n5U_12clap_builder7builder6os_str5OsStrKj1_ENCINvMs_NtB1H_3argNtB2J_3Arg14default_valuesB1D_AB1D_B2x_E0EECsdTd832gKU3b_9uu_expand (core::ptr::drop_glue::<core::iter::adapters::map::Map<core::array::iter::IntoIter<clap_builder::builder::os_str::OsStr, 1>, <clap_builder::builder::arg::Arg>::default_values<clap_builder::builder::os_str::OsStr, [clap_builder::builder::os_str::OsStr; 1]>::{closure#0}>>)
FUNCTION _RINvNtCsgxBkk5gSRhY_4core3ptr9drop_glueINtNtNtB4_5array4iter8IntoIterNtNtNtCs4VqSFjx4n5U_12clap_builder7builder6os_str5OsStrKj1_EECsdTd832gKU3b_9uu_expand (core::ptr::drop_glue::<core::array::iter::IntoIter<clap_builder::builder::os_str::OsStr, 1>>)
FUNCTION _RNvXs4_NtNtCsgxBkk5gSRhY_4core5array4iterINtB5_8IntoIterNtNtNtCs4VqSFjx4n5U_12clap_builder7builder6os_str5OsStrKj1_ENtNtNtB9_3ops4drop4Drop4dropCsdTd832gKU3b_9uu_expand (<core::array::iter::IntoIter<clap_builder::builder::os_str::OsStr, 1> as core::ops::drop::Drop>::drop)
FUNCTION _RINvMsj_NtCs6i54tJFfzR_5alloc3vecINtB6_3VecNtNtNtCs4VqSFjx4n5U_12clap_builder7builder6os_str5OsStrE14extend_trustedINtNtNtNtCsgxBkk5gSRhY_4core4iter8adapters3map3MapINtNtNtB1Y_5array4iter8IntoIterBF_Kj1_ENCINvMs_NtBJ_3argNtB3o_3Arg14default_valuesBF_ABF_B3c_E0EECsdTd832gKU3b_9uu_expand (<alloc::vec::Vec<clap_builder::builder::os_str::OsStr>>::extend_trusted::<core::iter::adapters::map::Map<core::array::iter::IntoIter<clap_builder::builder::os_str::OsStr, 1>, <clap_builder::builder::arg::Arg>::default_values<clap_builder::builder::os_str::OsStr, [clap_builder::builder::os_str::OsStr; 1]>::{closure#0}>>)
FUNCTION _RNvMs_NtCs6i54tJFfzR_5alloc3vecINtB4_3VecNtNtNtCs4VqSFjx4n5U_12clap_builder7builder6os_str5OsStrE7reserveCsdTd832gKU3b_9uu_expand (<alloc::vec::Vec<clap_builder::builder::os_str::OsStr>>::reserve)
FUNCTION _RINvYINtNtNtNtCsgxBkk5gSRhY_4core4iter8adapters3map3MapINtNtNtBc_5array4iter8IntoIterNtNtNtCs4VqSFjx4n5U_12clap_builder7builder6os_str5OsStrKj1_ENCINvMs_NtB1p_3argNtB2r_3Arg14default_valuesB1l_AB1l_B2f_E0ENtNtNtBa_6traits8iterator8Iterator8for_eachNCINvMsj_NtCs6i54tJFfzR_5alloc3vecINtB47_3VecB1l_E14extend_trustedB3_E0ECsdTd832gKU3b_9uu_expand (<core::iter::adapters::map::Map<core::array::iter::IntoIter<clap_builder::builder::os_str::OsStr, 1>, <clap_builder::builder::arg::Arg>::default_values<clap_builder::builder::os_str::OsStr, [clap_builder::builder::os_str::OsStr; 1]>::{closure#0}> as core::iter::traits::iterator::Iterator>::for_each::<<alloc::vec::Vec<clap_builder::builder::os_str::OsStr>>::extend_trusted<core::iter::adapters::map::Map<core::array::iter::IntoIter<clap_builder::builder::os_str::OsStr, 1>, <clap_builder::builder::arg::Arg>::default_values<clap_builder::builder::os_str::OsStr, [clap_builder::builder::os_str::OsStr; 1]>::{closure#0}>>::{closure#0}>)
FUNCTION _RINvXs0_NtNtNtCsgxBkk5gSRhY_4core4iter8adapters3mapINtB6_3MapINtNtNtBc_5array4iter8IntoIterNtNtNtCs4VqSFjx4n5U_12clap_builder7builder6os_str5OsStrKj1_ENCINvMs_NtB1v_3argNtB2x_3Arg14default_valuesB1r_AB1r_B2l_E0ENtNtNtBa_6traits8iterator8Iterator4folduNCINvNvB3n_8for_each4callB1r_NCINvMsj_NtCs6i54tJFfzR_5alloc3vecINtB4D_3VecB1r_E14extend_trustedBN_E0E0ECsdTd832gKU3b_9uu_expand (<core::iter::adapters::map::Map<core::array::iter::IntoIter<clap_builder::builder::os_str::OsStr, 1>, <clap_builder::builder::arg::Arg>::default_values<clap_builder::builder::os_str::OsStr, [clap_builder::builder::os_str::OsStr; 1]>::{closure#0}> as core::iter::traits::iterator::Iterator>::fold::<(), core::iter::traits::iterator::Iterator::for_each::call<clap_builder::builder::os_str::OsStr, <alloc::vec::Vec<clap_builder::builder::os_str::OsStr>>::extend_trusted<core::iter::adapters::map::Map<core::array::iter::IntoIter<clap_builder::builder::os_str::OsStr, 1>, <clap_builder::builder::arg::Arg>::default_values<clap_builder::builder::os_str::OsStr, [clap_builder::builder::os_str::OsStr; 1]>::{closure#0}>>::{closure#0}>::{closure#0}>)
FUNCTION _RINvXs2_NtNtCsgxBkk5gSRhY_4core5array4iterINtB6_8IntoIterNtNtNtCs4VqSFjx4n5U_12clap_builder7builder6os_str5OsStrKj1_ENtNtNtNtBa_4iter6traits8iterator8Iterator4folduNCINvNtNtB1X_8adapters3map8map_foldBT_BT_uNCINvMs_NtBX_3argNtB3q_3Arg14default_valuesBT_ABT_B1N_E0NCINvNvB1R_8for_each4callBT_NCINvMsj_NtCs6i54tJFfzR_5alloc3vecINtB4N_3VecBT_E14extend_trustedINtB2H_3MapBE_B3i_EE0E0E0ECsdTd832gKU3b_9uu_expand (<core::array::iter::IntoIter<clap_builder::builder::os_str::OsStr, 1> as core::iter::traits::iterator::Iterator>::fold::<(), core::iter::adapters::map::map_fold<clap_builder::builder::os_str::OsStr, clap_builder::builder::os_str::OsStr, (), <clap_builder::builder::arg::Arg>::default_values<clap_builder::builder::os_str::OsStr, [clap_builder::builder::os_str::OsStr; 1]>::{closure#0}, core::iter::traits::iterator::Iterator::for_each::call<clap_builder::builder::os_str::OsStr, <alloc::vec::Vec<clap_builder::builder::os_str::OsStr>>::extend_trusted<core::iter::adapters::map::Map<core::array::iter::IntoIter<clap_builder::builder::os_str::OsStr, 1>, <clap_builder::builder::arg::Arg>::default_values<clap_builder::builder::os_str::OsStr, [clap_builder::builder::os_str::OsStr; 1]>::{closure#0}>>::{closure#0}>::{closure#0}>::{closure#0}>)
FUNCTION _RINvXs_NtNtCsgxBkk5gSRhY_4core3ops11index_rangeNtB5_10IndexRangeNtNtNtNtB9_4iter6traits8iterator8Iterator8try_folduNCINvMs8_NtNtNtB9_5array4iter10iter_innerINtB1Y_15PolymorphicIterSINtNtNtB9_3mem12maybe_uninit11MaybeUninitNtNtNtCs4VqSFjx4n5U_12clap_builder7builder6os_str5OsStrEE8try_folduNCINvMNtB7_9try_traitINtB4J_17NeverShortCircuituE10wrap_mut_2uB3y_NCINvNtNtB16_8adapters3map8map_foldB3y_B3y_uNCINvMs_NtB3C_3argNtB6x_3Arg14default_valuesB3y_AB3y_j1_E0NCINvNvB10_8for_each4callB3y_NCINvMsj_NtCs6i54tJFfzR_5alloc3vecINtB7X_3VecB3y_E14extend_trustedINtB5M_3MapINtB20_8IntoIterB3y_KB7g_EB6p_EE0E0E0E0B4Y_E0B4Y_ECsdTd832gKU3b_9uu_expand (<core::ops::index_range::IndexRange as core::iter::traits::iterator::Iterator>::try_fold::<(), <core::array::iter::iter_inner::PolymorphicIter<[core::mem::maybe_uninit::MaybeUninit<clap_builder::builder::os_str::OsStr>]>>::try_fold<(), <core::ops::try_trait::NeverShortCircuit<()>>::wrap_mut_2<(), clap_builder::builder::os_str::OsStr, core::iter::adapters::map::map_fold<clap_builder::builder::os_str::OsStr, clap_builder::builder::os_str::OsStr, (), <clap_builder::builder::arg::Arg>::default_values<clap_builder::builder::os_str::OsStr, [clap_builder::builder::os_str::OsStr; 1]>::{closure#0}, core::iter::traits::iterator::Iterator::for_each::call<clap_builder::builder::os_str::OsStr, <alloc::vec::Vec<clap_builder::builder::os_str::OsStr>>::extend_trusted<core::iter::adapters::map::Map<core::array::iter::IntoIter<clap_builder::builder::os_str::OsStr, 1>, <clap_builder::builder::arg::Arg>::default_values<clap_builder::builder::os_str::OsStr, [clap_builder::builder::os_str::OsStr; 1]>::{closure#0}>>::{closure#0}>::{closure#0}>::{closure#0}>::{closure#0}, core::ops::try_trait::NeverShortCircuit<()>>::{closure#0}, core::ops::try_trait::NeverShortCircuit<()>>)
{"function": "_RINvXs_NtNtCsgxBkk5gSRhY_4core3ops11index_rangeNtB5_10IndexRangeNtNtNtNtB9_4iter6traits8iterator8Iterator8try_folduNCINvMs8_NtNtNtB9_5array4iter10iter_innerINtB1Y_15PolymorphicIterSINtNtNtB9_3mem12maybe_uninit11MaybeUninitNtNtNtCs4VqSFjx4n5U_12clap_builder7builder6os_str5OsStrEE8try_folduNCINvMNtB7_9try_traitINtB4J_17NeverShortCircuituE10wrap_mut_2uB3y_NCINvNtNtB16_8adapters3map8map_foldB3y_B3y_uNCINvMs_NtB3C_3argNtB6x_3Arg14default_valuesB3y_AB3y_j1_E0NCINvNvB10_8for_each4callB3y_NCINvMsj_NtCs6i54tJFfzR_5alloc3vecINtB7X_3VecB3y_E14extend_trustedINtB5M_3MapINtB20_8IntoIterB3y_KB7g_EB6p_EE0E0E0E0B4Y_E0B4Y_ECsdTd832gKU3b_9uu_expand", "function_demangled": "<core::ops::index_range::IndexRange as core::iter::traits::iterator::Iterator>::try_fold::<(), <core::array::iter::iter_inner::PolymorphicIter<[core::mem::maybe_uninit::MaybeUninit<clap_builder::builder::os_str::OsStr>]>>::try_fold<(), <core::ops::try_trait::NeverShortCircuit<()>>::wrap_mut_2<(), clap_builder::builder::os_str::OsStr, core::iter::adapters::map::map_fold<clap_builder::builder::os_str::OsStr, clap_builder::builder::os_str::OsStr, (), <clap_builder::builder::arg::Arg>::default_values<clap_builder::builder::os_str::OsStr, [clap_builder::builder::os_str::OsStr; 1]>::{closure#0}, core::iter::traits::iterator::Iterator::for_each::call<clap_builder::builder::os_str::OsStr, <alloc::vec::Vec<clap_builder::builder::os_str::OsStr>>::extend_trusted<core::iter::adapters::map::Map<core::array::iter::IntoIter<clap_builder::builder::os_str::OsStr, 1>, <clap_builder::builder::arg::Arg>::default_values<clap_builder::builder::os_str::OsStr, [clap_builder::builder::os_str::OsStr; 1]>::{closure#0}>>::{closure#0}>::{closure#0}>::{closure#0}>::{closure#0}, core::ops::try_trait::NeverShortCircuit<()>>::{closure#0}, core::ops::try_trait::NeverShortCircuit<()>>", "header": "bb1", "depth": 1, "latch_count": 1, "subloop_count": 0, "src_loc": [{"col":15,"dir":"/rustc/48a229ceaefd4985c50990b14116b6d856af0985","file":"library/core/src/ops/index_range.rs","line":167}]}
FUNCTION _RNvNvNtCsgxBkk5gSRhY_4core4hint16assert_unchecked18precondition_checkCsdTd832gKU3b_9uu_expand (core::hint::assert_unchecked::precondition_check)
FUNCTION _RINvNtCsgxBkk5gSRhY_4core3ptr9drop_glueNCINvMs8_NtNtNtB4_5array4iter10iter_innerINtBK_15PolymorphicIterSINtNtNtB4_3mem12maybe_uninit11MaybeUninitNtNtNtCs4VqSFjx4n5U_12clap_builder7builder6os_str5OsStrEE8try_folduNCINvMNtNtB4_3ops9try_traitINtB3u_17NeverShortCircuituE10wrap_mut_2uB2j_NCINvNtNtNtB4_4iter8adapters3map8map_foldB2j_B2j_uNCINvMs_NtB2n_3argNtB5u_3Arg14default_valuesB2j_AB2j_j1_E0NCINvNvNtNtNtB4H_6traits8iterator8Iterator8for_each4callB2j_NCINvMsj_NtCs6i54tJFfzR_5alloc3vecINtB7p_3VecB2j_E14extend_trustedINtB4D_3MapINtBM_8IntoIterB2j_KB6d_EB5m_EE0E0E0E0B3P_E0ECsdTd832gKU3b_9uu_expand (core::ptr::drop_glue::<<core::array::iter::iter_inner::PolymorphicIter<[core::mem::maybe_uninit::MaybeUninit<clap_builder::builder::os_str::OsStr>]>>::try_fold<(), <core::ops::try_trait::NeverShortCircuit<()>>::wrap_mut_2<(), clap_builder::builder::os_str::OsStr, core::iter::adapters::map::map_fold<clap_builder::builder::os_str::OsStr, clap_builder::builder::os_str::OsStr, (), <clap_builder::builder::arg::Arg>::default_values<clap_builder::builder::os_str::OsStr, [clap_builder::builder::os_str::OsStr; 1]>::{closure#0}, core::iter::traits::iterator::Iterator::for_each::call<clap_builder::builder::os_str::OsStr, <alloc::vec::Vec<clap_builder::builder::os_str::OsStr>>::extend_trusted<core::iter::adapters::map::Map<core::array::iter::IntoIter<clap_builder::builder::os_str::OsStr, 1>, <clap_builder::builder::arg::Arg>::default_values<clap_builder::builder::os_str::OsStr, [clap_builder::builder::os_str::OsStr; 1]>::{closure#0}>>::{closure#0}>::{closure#0}>::{closure#0}>::{closure#0}, core::ops::try_trait::NeverShortCircuit<()>>::{closure#0}>)
FUNCTION _RNvNvMs9_NtCsgxBkk5gSRhY_4core3numj13unchecked_add18precondition_checkCsdTd832gKU3b_9uu_expand (<usize>::unchecked_add::precondition_check)
FUNCTION _RNCINvMs8_NtNtNtCsgxBkk5gSRhY_4core5array4iter10iter_innerINtB8_15PolymorphicIterSINtNtNtBe_3mem12maybe_uninit11MaybeUninitNtNtNtCs4VqSFjx4n5U_12clap_builder7builder6os_str5OsStrEE8try_folduNCINvMNtNtBe_3ops9try_traitINtB38_17NeverShortCircuituE10wrap_mut_2uB1X_NCINvNtNtNtBe_4iter8adapters3map8map_foldB1X_B1X_uNCINvMs_NtB21_3argNtB58_3Arg14default_valuesB1X_AB1X_j1_E0NCINvNvNtNtNtB4l_6traits8iterator8Iterator8for_each4callB1X_NCINvMsj_NtCs6i54tJFfzR_5alloc3vecINtB73_3VecB1X_E14extend_trustedINtB4h_3MapINtBa_8IntoIterB1X_KB5R_EB50_EE0E0E0E0B3t_E0CsdTd832gKU3b_9uu_expand (<core::array::iter::iter_inner::PolymorphicIter<[core::mem::maybe_uninit::MaybeUninit<clap_builder::builder::os_str::OsStr>]>>::try_fold::<(), <core::ops::try_trait::NeverShortCircuit<()>>::wrap_mut_2<(), clap_builder::builder::os_str::OsStr, core::iter::adapters::map::map_fold<clap_builder::builder::os_str::OsStr, clap_builder::builder::os_str::OsStr, (), <clap_builder::builder::arg::Arg>::default_values<clap_builder::builder::os_str::OsStr, [clap_builder::builder::os_str::OsStr; 1]>::{closure#0}, core::iter::traits::iterator::Iterator::for_each::call<clap_builder::builder::os_str::OsStr, <alloc::vec::Vec<clap_builder::builder::os_str::OsStr>>::extend_trusted<core::iter::adapters::map::Map<core::array::iter::IntoIter<clap_builder::builder::os_str::OsStr, 1>, <clap_builder::builder::arg::Arg>::default_values<clap_builder::builder::os_str::OsStr, [clap_builder::builder::os_str::OsStr; 1]>::{closure#0}>>::{closure#0}>::{closure#0}>::{closure#0}>::{closure#0}, core::ops::try_trait::NeverShortCircuit<()>>::{closure#0})
FUNCTION _RNvNvXs0_NtNtCsgxBkk5gSRhY_4core5slice5indexjINtB7_10SliceIndexSpE13get_unchecked18precondition_checkCsdTd832gKU3b_9uu_expand (<usize as core::slice::index::SliceIndex<[_]>>::get_unchecked::precondition_check)
FUNCTION _RNCINvMNtNtCsgxBkk5gSRhY_4core3ops9try_traitINtB5_17NeverShortCircuituE10wrap_mut_2uNtNtNtCs4VqSFjx4n5U_12clap_builder7builder6os_str5OsStrNCINvNtNtNtB9_4iter8adapters3map8map_foldB1k_B1k_uNCINvMs_NtB1o_3argNtB39_3Arg14default_valuesB1k_AB1k_j1_E0NCINvNvNtNtNtB2m_6traits8iterator8Iterator8for_each4callB1k_NCINvMsj_NtCs6i54tJFfzR_5alloc3vecINtB54_3VecB1k_E14extend_trustedINtB2i_3MapINtNtNtB9_5array4iter8IntoIterB1k_KB3S_EB31_EE0E0E0E0CsdTd832gKU3b_9uu_expand (<core::ops::try_trait::NeverShortCircuit<()>>::wrap_mut_2::<(), clap_builder::builder::os_str::OsStr, core::iter::adapters::map::map_fold<clap_builder::builder::os_str::OsStr, clap_builder::builder::os_str::OsStr, (), <clap_builder::builder::arg::Arg>::default_values<clap_builder::builder::os_str::OsStr, [clap_builder::builder::os_str::OsStr; 1]>::{closure#0}, core::iter::traits::iterator::Iterator::for_each::call<clap_builder::builder::os_str::OsStr, <alloc::vec::Vec<clap_builder::builder::os_str::OsStr>>::extend_trusted<core::iter::adapters::map::Map<core::array::iter::IntoIter<clap_builder::builder::os_str::OsStr, 1>, <clap_builder::builder::arg::Arg>::default_values<clap_builder::builder::os_str::OsStr, [clap_builder::builder::os_str::OsStr; 1]>::{closure#0}>>::{closure#0}>::{closure#0}>::{closure#0}>::{closure#0})
FUNCTION _RNCINvNtNtNtCsgxBkk5gSRhY_4core4iter8adapters3map8map_foldNtNtNtCs4VqSFjx4n5U_12clap_builder7builder6os_str5OsStrBU_uNCINvMs_NtBY_3argNtB1Z_3Arg14default_valuesBU_ABU_j1_E0NCINvNvNtNtNtB8_6traits8iterator8Iterator8for_each4callBU_NCINvMsj_NtCs6i54tJFfzR_5alloc3vecINtB3P_3VecBU_E14extend_trustedINtB4_3MapINtNtNtBa_5array4iter8IntoIterBU_KB2F_EB1R_EE0E0E0CsdTd832gKU3b_9uu_expand (core::iter::adapters::map::map_fold::<clap_builder::builder::os_str::OsStr, clap_builder::builder::os_str::OsStr, (), <clap_builder::builder::arg::Arg>::default_values<clap_builder::builder::os_str::OsStr, [clap_builder::builder::os_str::OsStr; 1]>::{closure#0}, core::iter::traits::iterator::Iterator::for_each::call<clap_builder::builder::os_str::OsStr, <alloc::vec::Vec<clap_builder::builder::os_str::OsStr>>::extend_trusted<core::iter::adapters::map::Map<core::array::iter::IntoIter<clap_builder::builder::os_str::OsStr, 1>, <clap_builder::builder::arg::Arg>::default_values<clap_builder::builder::os_str::OsStr, [clap_builder::builder::os_str::OsStr; 1]>::{closure#0}>>::{closure#0}>::{closure#0}>::{closure#0})
FUNCTION _RNCINvMs_NtNtCs4VqSFjx4n5U_12clap_builder7builder3argNtB7_3Arg14default_valuesNtNtB9_6os_str5OsStrAB1e_j1_E0CsdTd832gKU3b_9uu_expand (<clap_builder::builder::arg::Arg>::default_values::<clap_builder::builder::os_str::OsStr, [clap_builder::builder::os_str::OsStr; 1]>::{closure#0})
FUNCTION _RNCINvNvNtNtNtNtCsgxBkk5gSRhY_4core4iter6traits8iterator8Iterator8for_each4callNtNtNtCs4VqSFjx4n5U_12clap_builder7builder6os_str5OsStrNCINvMsj_NtCs6i54tJFfzR_5alloc3vecINtB2h_3VecB1f_E14extend_trustedINtNtNtBc_8adapters3map3MapINtNtNtBe_5array4iter8IntoIterB1f_Kj1_ENCINvMs_NtB1j_3argNtB4o_3Arg14default_valuesB1f_AB1f_B4c_E0EE0E0CsdTd832gKU3b_9uu_expand (core::iter::traits::iterator::Iterator::for_each::call::<clap_builder::builder::os_str::OsStr, <alloc::vec::Vec<clap_builder::builder::os_str::OsStr>>::extend_trusted<core::iter::adapters::map::Map<core::array::iter::IntoIter<clap_builder::builder::os_str::OsStr, 1>, <clap_builder::builder::arg::Arg>::default_values<clap_builder::builder::os_str::OsStr, [clap_builder::builder::os_str::OsStr; 1]>::{closure#0}>>::{closure#0}>::{closure#0})
FUNCTION _RNCINvMsj_NtCs6i54tJFfzR_5alloc3vecINtB8_3VecNtNtNtCs4VqSFjx4n5U_12clap_builder7builder6os_str5OsStrE14extend_trustedINtNtNtNtCsgxBkk5gSRhY_4core4iter8adapters3map3MapINtNtNtB20_5array4iter8IntoIterBH_Kj1_ENCINvMs_NtBL_3argNtB3q_3Arg14default_valuesBH_ABH_B3e_E0EE0CsdTd832gKU3b_9uu_expand (<alloc::vec::Vec<clap_builder::builder::os_str::OsStr>>::extend_trusted::<core::iter::adapters::map::Map<core::array::iter::IntoIter<clap_builder::builder::os_str::OsStr, 1>, <clap_builder::builder::arg::Arg>::default_values<clap_builder::builder::os_str::OsStr, [clap_builder::builder::os_str::OsStr; 1]>::{closure#0}>>::{closure#0})
FUNCTION _RNvXs1_NtCsgxBkk5gSRhY_4core7convertNtNtNtCs4VqSFjx4n5U_12clap_builder7builder6os_str5OsStrINtB5_4IntoBy_E4intoCsdTd832gKU3b_9uu_expand (<clap_builder::builder::os_str::OsStr as core::convert::Into<clap_builder::builder::os_str::OsStr>>::into)
FUNCTION _RINvNtCsgxBkk5gSRhY_4core3ptr9drop_glueNCINvMNtNtB4_3ops9try_traitINtBH_17NeverShortCircuituE10wrap_mut_2uNtNtNtCs4VqSFjx4n5U_12clap_builder7builder6os_str5OsStrNCINvNtNtNtB4_4iter8adapters3map8map_foldB1G_B1G_uNCINvMs_NtB1K_3argNtB3v_3Arg14default_valuesB1G_AB1G_j1_E0NCINvNvNtNtNtB2I_6traits8iterator8Iterator8for_each4callB1G_NCINvMsj_NtCs6i54tJFfzR_5alloc3vecINtB5q_3VecB1G_E14extend_trustedINtB2E_3MapINtNtNtB4_5array4iter8IntoIterB1G_KB4e_EB3n_EE0E0E0E0ECsdTd832gKU3b_9uu_expand (core::ptr::drop_glue::<<core::ops::try_trait::NeverShortCircuit<()>>::wrap_mut_2<(), clap_builder::builder::os_str::OsStr, core::iter::adapters::map::map_fold<clap_builder::builder::os_str::OsStr, clap_builder::builder::os_str::OsStr, (), <clap_builder::builder::arg::Arg>::default_values<clap_builder::builder::os_str::OsStr, [clap_builder::builder::os_str::OsStr; 1]>::{closure#0}, core::iter::traits::iterator::Iterator::for_each::call<clap_builder::builder::os_str::OsStr, <alloc::vec::Vec<clap_builder::builder::os_str::OsStr>>::extend_trusted<core::iter::adapters::map::Map<core::array::iter::IntoIter<clap_builder::builder::os_str::OsStr, 1>, <clap_builder::builder::arg::Arg>::default_values<clap_builder::builder::os_str::OsStr, [clap_builder::builder::os_str::OsStr; 1]>::{closure#0}>>::{closure#0}>::{closure#0}>::{closure#0}>::{closure#0}>)
FUNCTION _RINvNtCsgxBkk5gSRhY_4core3ptr9drop_glueNCINvNtNtNtB4_4iter8adapters3map8map_foldNtNtNtCs4VqSFjx4n5U_12clap_builder7builder6os_str5OsStrB1g_uNCINvMs_NtB1k_3argNtB2m_3Arg14default_valuesB1g_AB1g_j1_E0NCINvNvNtNtNtBK_6traits8iterator8Iterator8for_each4callB1g_NCINvMsj_NtCs6i54tJFfzR_5alloc3vecINtB4g_3VecB1g_E14extend_trustedINtBG_3MapINtNtNtB4_5array4iter8IntoIterB1g_KB35_EB2e_EE0E0E0ECsdTd832gKU3b_9uu_expand (core::ptr::drop_glue::<core::iter::adapters::map::map_fold<clap_builder::builder::os_str::OsStr, clap_builder::builder::os_str::OsStr, (), <clap_builder::builder::arg::Arg>::default_values<clap_builder::builder::os_str::OsStr, [clap_builder::builder::os_str::OsStr; 1]>::{closure#0}, core::iter::traits::iterator::Iterator::for_each::call<clap_builder::builder::os_str::OsStr, <alloc::vec::Vec<clap_builder::builder::os_str::OsStr>>::extend_trusted<core::iter::adapters::map::Map<core::array::iter::IntoIter<clap_builder::builder::os_str::OsStr, 1>, <clap_builder::builder::arg::Arg>::default_values<clap_builder::builder::os_str::OsStr, [clap_builder::builder::os_str::OsStr; 1]>::{closure#0}>>::{closure#0}>::{closure#0}>::{closure#0}>)
FUNCTION _RINvNtCsgxBkk5gSRhY_4core3ptr9drop_glueNCINvNvNtNtNtNtB4_4iter6traits8iterator8Iterator8for_each4callNtNtNtCs4VqSFjx4n5U_12clap_builder7builder6os_str5OsStrNCINvMsj_NtCs6i54tJFfzR_5alloc3vecINtB2D_3VecB1B_E14extend_trustedINtNtNtBO_8adapters3map3MapINtNtNtB4_5array4iter8IntoIterB1B_Kj1_ENCINvMs_NtB1F_3argNtB4K_3Arg14default_valuesB1B_AB1B_B4y_E0EE0E0ECsdTd832gKU3b_9uu_expand (core::ptr::drop_glue::<core::iter::traits::iterator::Iterator::for_each::call<clap_builder::builder::os_str::OsStr, <alloc::vec::Vec<clap_builder::builder::os_str::OsStr>>::extend_trusted<core::iter::adapters::map::Map<core::array::iter::IntoIter<clap_builder::builder::os_str::OsStr, 1>, <clap_builder::builder::arg::Arg>::default_values<clap_builder::builder::os_str::OsStr, [clap_builder::builder::os_str::OsStr; 1]>::{closure#0}>>::{closure#0}>::{closure#0}>)
FUNCTION _RINvNtCsgxBkk5gSRhY_4core3ptr9drop_glueNCINvMsj_NtCs6i54tJFfzR_5alloc3vecINtBK_3VecNtNtNtCs4VqSFjx4n5U_12clap_builder7builder6os_str5OsStrE14extend_trustedINtNtNtNtB4_4iter8adapters3map3MapINtNtNtB4_5array4iter8IntoIterB1j_Kj1_ENCINvMs_NtB1n_3argNtB3M_3Arg14default_valuesB1j_AB1j_B3A_E0EE0ECsdTd832gKU3b_9uu_expand (core::ptr::drop_glue::<<alloc::vec::Vec<clap_builder::builder::os_str::OsStr>>::extend_trusted<core::iter::adapters::map::Map<core::array::iter::IntoIter<clap_builder::builder::os_str::OsStr, 1>, <clap_builder::builder::arg::Arg>::default_values<clap_builder::builder::os_str::OsStr, [clap_builder::builder::os_str::OsStr; 1]>::{closure#0}>>::{closure#0}>)
FUNCTION _RNvXs2_NtNtCsgxBkk5gSRhY_4core5array4iterINtB5_8IntoIterNtNtNtCs4VqSFjx4n5U_12clap_builder7builder6os_str5OsStrKj1_ENtNtNtNtB9_4iter6traits8iterator8Iterator9size_hintCsdTd832gKU3b_9uu_expand (<core::array::iter::IntoIter<clap_builder::builder::os_str::OsStr, 1> as core::iter::traits::iterator::Iterator>::size_hint)
FUNCTION _RINvMsj_NtCs6i54tJFfzR_5alloc3vecINtB6_3VecNtNtNtCs9k3SxhrAWiO_3std3ffi6os_str8OsStringE16extend_desugaredINtNtNtNtCsgxBkk5gSRhY_4core4iter8adapters6cloned6ClonedINtNtNtNtCs4VqSFjx4n5U_12clap_builder6parser7matches11arg_matches9ValuesRefBF_EEECsdTd832gKU3b_9uu_expand (<alloc::vec::Vec<std::ffi::os_str::OsString>>::extend_desugared::<core::iter::adapters::cloned::Cloned<clap_builder::parser::matches::arg_matches::ValuesRef<std::ffi::os_str::OsString>>>)
{"function": "_RINvMsj_NtCs6i54tJFfzR_5alloc3vecINtB6_3VecNtNtNtCs9k3SxhrAWiO_3std3ffi6os_str8OsStringE16extend_desugaredINtNtNtNtCsgxBkk5gSRhY_4core4iter8adapters6cloned6ClonedINtNtNtNtCs4VqSFjx4n5U_12clap_builder6parser7matches11arg_matches9ValuesRefBF_EEECsdTd832gKU3b_9uu_expand", "function_demangled": "<alloc::vec::Vec<std::ffi::os_str::OsString>>::extend_desugared::<core::iter::adapters::cloned::Cloned<clap_builder::parser::matches::arg_matches::ValuesRef<std::ffi::os_str::OsString>>>", "header": "bb1", "depth": 1, "latch_count": 1, "subloop_count": 0, "src_loc": [{"col":44,"dir":"/rustc/48a229ceaefd4985c50990b14116b6d856af0985","file":"library/alloc/src/vec/mod.rs","line":4045}]}
FUNCTION _RNvXs_NtNtNtCsgxBkk5gSRhY_4core4iter8adapters6clonedINtB4_6ClonedINtNtNtNtCs4VqSFjx4n5U_12clap_builder6parser7matches11arg_matches9ValuesRefNtNtNtCs9k3SxhrAWiO_3std3ffi6os_str8OsStringEENtNtNtB8_6traits8iterator8Iterator4nextCsdTd832gKU3b_9uu_expand (<core::iter::adapters::cloned::Cloned<clap_builder::parser::matches::arg_matches::ValuesRef<std::ffi::os_str::OsString>> as core::iter::traits::iterator::Iterator>::next)
FUNCTION _RNvXs_NtNtNtCsgxBkk5gSRhY_4core4iter8adapters6clonedINtB4_6ClonedINtNtNtNtCs4VqSFjx4n5U_12clap_builder6parser7matches11arg_matches9ValuesRefNtNtNtCs9k3SxhrAWiO_3std3ffi6os_str8OsStringEENtNtNtB8_6traits8iterator8Iterator9size_hintCsdTd832gKU3b_9uu_expand (<core::iter::adapters::cloned::Cloned<clap_builder::parser::matches::arg_matches::ValuesRef<std::ffi::os_str::OsString>> as core::iter::traits::iterator::Iterator>::size_hint)
FUNCTION _RNvXs9_NtNtNtCs4VqSFjx4n5U_12clap_builder6parser7matches11arg_matchesINtB5_9ValuesRefNtNtNtCs9k3SxhrAWiO_3std3ffi6os_str8OsStringENtNtNtNtCsgxBkk5gSRhY_4core4iter6traits8iterator8Iterator9size_hintCsdTd832gKU3b_9uu_expand (<clap_builder::parser::matches::arg_matches::ValuesRef<std::ffi::os_str::OsString> as core::iter::traits::iterator::Iterator>::size_hint)
FUNCTION _RNvXs9_NtNtNtCs4VqSFjx4n5U_12clap_builder6parser7matches11arg_matchesINtB5_9ValuesRefNtNtNtCs9k3SxhrAWiO_3std3ffi6os_str8OsStringENtNtNtNtCsgxBkk5gSRhY_4core4iter6traits8iterator8Iterator4nextCsdTd832gKU3b_9uu_expand (<clap_builder::parser::matches::arg_matches::ValuesRef<std::ffi::os_str::OsString> as core::iter::traits::iterator::Iterator>::next)
FUNCTION _RNvXs6_NtNtCs9k3SxhrAWiO_3std3ffi6os_strNtB5_8OsStringNtNtCsgxBkk5gSRhY_4core5clone5Clone5cloneCsdTd832gKU3b_9uu_expand (<std::ffi::os_str::OsString as core::clone::Clone>::clone)
FUNCTION _RNvXs0_NtNtNtCsgxBkk5gSRhY_4core4iter8adapters3mapINtB5_3MapINtNtB7_7flatten7FlattenINtNtNtBb_5slice4iter4IterINtNtCs6i54tJFfzR_5alloc3vec3VecNtNtNtCs4VqSFjx4n5U_12clap_builder4util9any_value8AnyValueEEEFG_RL0_B2g_ERL0_NtNtNtCs9k3SxhrAWiO_3std3ffi6os_str8OsStringENtNtNtB9_6traits8iterator8Iterator4nextCsdTd832gKU3b_9uu_expand (<core::iter::adapters::map::Map<core::iter::adapters::flatten::Flatten<core::slice::iter::Iter<alloc::vec::Vec<clap_builder::util::any_value::AnyValue>>>, for<'a> fn(&'a clap_builder::util::any_value::AnyValue) -> &'a std::ffi::os_str::OsString> as core::iter::traits::iterator::Iterator>::next)
FUNCTION _RNvYFG_RL0_NtNtNtCs4VqSFjx4n5U_12clap_builder4util9any_value8AnyValueERL0_NtNtNtCs9k3SxhrAWiO_3std3ffi6os_str8OsStringINtNtNtCsgxBkk5gSRhY_4core3ops8function5FnMutTRB9_EE8call_mutCsdTd832gKU3b_9uu_expand (<for<'a> fn(&'a clap_builder::util::any_value::AnyValue) -> &'a std::ffi::os_str::OsString as core::ops::function::FnMut<(&clap_builder::util::any_value::AnyValue,)>>::call_mut)
FUNCTION _RINvMsj_NtCs6i54tJFfzR_5alloc3vecINtB6_3VecReE16extend_desugaredINtNtNtNtCsgxBkk5gSRhY_4core4iter8adapters3map3MapINtNtNtNtCs4VqSFjx4n5U_12clap_builder6parser7matches11arg_matches9ValuesRefNtNtB8_6string6StringENvMB33_B31_6as_strEECsdTd832gKU3b_9uu_expand (<alloc::vec::Vec<&str>>::extend_desugared::<core::iter::adapters::map::Map<clap_builder::parser::matches::arg_matches::ValuesRef<alloc::string::String>, <alloc::string::String>::as_str>>)
{"function": "_RINvMsj_NtCs6i54tJFfzR_5alloc3vecINtB6_3VecReE16extend_desugaredINtNtNtNtCsgxBkk5gSRhY_4core4iter8adapters3map3MapINtNtNtNtCs4VqSFjx4n5U_12clap_builder6parser7matches11arg_matches9ValuesRefNtNtB8_6string6StringENvMB33_B31_6as_strEECsdTd832gKU3b_9uu_expand", "function_demangled": "<alloc::vec::Vec<&str>>::extend_desugared::<core::iter::adapters::map::Map<clap_builder::parser::matches::arg_matches::ValuesRef<alloc::string::String>, <alloc::string::String>::as_str>>", "header": "bb1", "depth": 1, "latch_count": 1, "subloop_count": 0, "src_loc": [{"col":44,"dir":"/rustc/48a229ceaefd4985c50990b14116b6d856af0985","file":"library/alloc/src/vec/mod.rs","line":4045}]}
FUNCTION _RNvXs0_NtNtNtCsgxBkk5gSRhY_4core4iter8adapters3mapINtB5_3MapINtNtNtNtCs4VqSFjx4n5U_12clap_builder6parser7matches11arg_matches9ValuesRefNtNtCs6i54tJFfzR_5alloc6string6StringENvMB2b_B29_6as_strENtNtNtB9_6traits8iterator8Iterator4nextCsdTd832gKU3b_9uu_expand (<core::iter::adapters::map::Map<clap_builder::parser::matches::arg_matches::ValuesRef<alloc::string::String>, <alloc::string::String>::as_str> as core::iter::traits::iterator::Iterator>::next)
FUNCTION _RNvXs0_NtNtNtCsgxBkk5gSRhY_4core4iter8adapters3mapINtB5_3MapINtNtNtNtCs4VqSFjx4n5U_12clap_builder6parser7matches11arg_matches9ValuesRefNtNtCs6i54tJFfzR_5alloc6string6StringENvMB2b_B29_6as_strENtNtNtB9_6traits8iterator8Iterator9size_hintCsdTd832gKU3b_9uu_expand (<core::iter::adapters::map::Map<clap_builder::parser::matches::arg_matches::ValuesRef<alloc::string::String>, <alloc::string::String>::as_str> as core::iter::traits::iterator::Iterator>::size_hint)
FUNCTION _RNvXs9_NtNtNtCs4VqSFjx4n5U_12clap_builder6parser7matches11arg_matchesINtB5_9ValuesRefNtNtCs6i54tJFfzR_5alloc6string6StringENtNtNtNtCsgxBkk5gSRhY_4core4iter6traits8iterator8Iterator9size_hintCsdTd832gKU3b_9uu_expand (<clap_builder::parser::matches::arg_matches::ValuesRef<alloc::string::String> as core::iter::traits::iterator::Iterator>::size_hint)
FUNCTION _RNvXs9_NtNtNtCs4VqSFjx4n5U_12clap_builder6parser7matches11arg_matchesINtB5_9ValuesRefNtNtCs6i54tJFfzR_5alloc6string6StringENtNtNtNtCsgxBkk5gSRhY_4core4iter6traits8iterator8Iterator4nextCsdTd832gKU3b_9uu_expand (<clap_builder::parser::matches::arg_matches::ValuesRef<alloc::string::String> as core::iter::traits::iterator::Iterator>::next)
FUNCTION _RNvYNvMNtCs6i54tJFfzR_5alloc6stringNtB5_6String6as_strINtNtNtCsgxBkk5gSRhY_4core3ops8function5FnMutTRBx_EE8call_mutCsdTd832gKU3b_9uu_expand (<<alloc::string::String>::as_str as core::ops::function::FnMut<(&alloc::string::String,)>>::call_mut)
FUNCTION _RNvMNtCs6i54tJFfzR_5alloc6stringNtB2_6String6as_strCsdTd832gKU3b_9uu_expand (<alloc::string::String>::as_str)
FUNCTION _RNvXs0_NtNtNtCsgxBkk5gSRhY_4core4iter8adapters3mapINtB5_3MapINtNtB7_7flatten7FlattenINtNtNtBb_5slice4iter4IterINtNtCs6i54tJFfzR_5alloc3vec3VecNtNtNtCs4VqSFjx4n5U_12clap_builder4util9any_value8AnyValueEEEFG_RL0_B2g_ERL0_NtNtB1P_6string6StringENtNtNtB9_6traits8iterator8Iterator4nextCsdTd832gKU3b_9uu_expand (<core::iter::adapters::map::Map<core::iter::adapters::flatten::Flatten<core::slice::iter::Iter<alloc::vec::Vec<clap_builder::util::any_value::AnyValue>>>, for<'a> fn(&'a clap_builder::util::any_value::AnyValue) -> &'a alloc::string::String> as core::iter::traits::iterator::Iterator>::next)
FUNCTION _RNvYFG_RL0_NtNtNtCs4VqSFjx4n5U_12clap_builder4util9any_value8AnyValueERL0_NtNtCs6i54tJFfzR_5alloc6string6StringINtNtNtCsgxBkk5gSRhY_4core3ops8function5FnMutTRB9_EE8call_mutCsdTd832gKU3b_9uu_expand (<for<'a> fn(&'a clap_builder::util::any_value::AnyValue) -> &'a alloc::string::String as core::ops::function::FnMut<(&clap_builder::util::any_value::AnyValue,)>>::call_mut)
FUNCTION _RINvNtCs9k3SxhrAWiO_3std2io18default_read_exactNtNtB4_2fs4FileECsdTd832gKU3b_9uu_expand (std::io::default_read_exact::<std::fs::File>)
{"function": "_RINvNtCs9k3SxhrAWiO_3std2io18default_read_exactNtNtB4_2fs4FileECsdTd832gKU3b_9uu_expand", "function_demangled": "std::io::default_read_exact::<std::fs::File>", "header": "bb1", "depth": 1, "latch_count": 1, "subloop_count": 0, "src_loc": [{"col":12,"dir":"/rustc/48a229ceaefd4985c50990b14116b6d856af0985","file":"library/std/src/io/mod.rs","line":560}]}
FUNCTION _RNvMs1_NtNtCsgxBkk5gSRhY_4core2io5errorNtB5_5Error14is_interruptedCsdTd832gKU3b_9uu_expand (<core::io::error::Error>::is_interrupted)
FUNCTION _RINvNtCs9k3SxhrAWiO_3std2io22default_read_buf_exactNtNtB4_2fs4FileECsdTd832gKU3b_9uu_expand (std::io::default_read_buf_exact::<std::fs::File>)
{"function": "_RINvNtCs9k3SxhrAWiO_3std2io22default_read_buf_exactNtNtB4_2fs4FileECsdTd832gKU3b_9uu_expand", "function_demangled": "std::io::default_read_buf_exact::<std::fs::File>", "header": "bb1", "depth": 1, "latch_count": 2, "subloop_count": 0, "src_loc": [{"col":11,"dir":"/rustc/48a229ceaefd4985c50990b14116b6d856af0985","file":"library/std/src/io/mod.rs","line":586}]}
FUNCTION _RINvNtCsgxBkk5gSRhY_4core3ptr9drop_glueDNtNtCs9k3SxhrAWiO_3std2io4ReadEL_ECsdTd832gKU3b_9uu_expand (core::ptr::drop_glue::<dyn std::io::Read>)
FUNCTION _RINvNtCsgxBkk5gSRhY_4core3ptr9drop_glueDNtNtNtCs1leyjZMkdpi_6uucore4mods5error6UErrorEL_ECsdTd832gKU3b_9uu_expand (core::ptr::drop_glue::<dyn uucore::mods::error::UError>)
FUNCTION _RINvNtCsgxBkk5gSRhY_4core3ptr9drop_glueINtNtCs6i54tJFfzR_5alloc5boxed3BoxDNtNtCs9k3SxhrAWiO_3std2io4ReadEL_EECsdTd832gKU3b_9uu_expand (core::ptr::drop_glue::<alloc::boxed::Box<dyn std::io::Read>>)
FUNCTION _RNvXs8_NtCs6i54tJFfzR_5alloc5boxedINtB5_3BoxDNtNtCs9k3SxhrAWiO_3std2io4ReadEL_ENtNtNtCsgxBkk5gSRhY_4core3ops4drop4Drop4dropCsdTd832gKU3b_9uu_expand (<alloc::boxed::Box<dyn std::io::Read> as core::ops::drop::Drop>::drop)
FUNCTION _RINvNtCsgxBkk5gSRhY_4core3ptr9drop_glueINtNtCs6i54tJFfzR_5alloc5boxed3BoxDNtNtNtCs1leyjZMkdpi_6uucore4mods5error6UErrorEL_EECsdTd832gKU3b_9uu_expand (core::ptr::drop_glue::<alloc::boxed::Box<dyn uucore::mods::error::UError>>)
FUNCTION _RNvXs8_NtCs6i54tJFfzR_5alloc5boxedINtB5_3BoxDNtNtNtCs1leyjZMkdpi_6uucore4mods5error6UErrorEL_ENtNtNtCsgxBkk5gSRhY_4core3ops4drop4Drop4dropCsdTd832gKU3b_9uu_expand (<alloc::boxed::Box<dyn uucore::mods::error::UError> as core::ops::drop::Drop>::drop)
FUNCTION _RINvNtCsgxBkk5gSRhY_4core3ptr9drop_glueINtNtCs6i54tJFfzR_5alloc5boxed3BoxSINtNtNtB4_3mem12maybe_uninit11MaybeUninithEEECsdTd832gKU3b_9uu_expand (core::ptr::drop_glue::<alloc::boxed::Box<[core::mem::maybe_uninit::MaybeUninit<u8>]>>)
FUNCTION _RNvXs8_NtCs6i54tJFfzR_5alloc5boxedINtB5_3BoxSINtNtNtCsgxBkk5gSRhY_4core3mem12maybe_uninit11MaybeUninithEENtNtNtBO_3ops4drop4Drop4dropCsdTd832gKU3b_9uu_expand (<alloc::boxed::Box<[core::mem::maybe_uninit::MaybeUninit<u8>]> as core::ops::drop::Drop>::drop)
FUNCTION _RINvNtCsgxBkk5gSRhY_4core3ptr9drop_glueINtNtNtNtCs9k3SxhrAWiO_3std2io8buffered9bufreader9BufReaderINtNtCs6i54tJFfzR_5alloc5boxed3BoxDNtBI_4ReadEL_EEECsdTd832gKU3b_9uu_expand (core::ptr::drop_glue::<std::io::buffered::bufreader::BufReader<alloc::boxed::Box<dyn std::io::Read>>>)
FUNCTION _RINvNtCsgxBkk5gSRhY_4core3ptr9drop_glueNtNtNtNtNtCs9k3SxhrAWiO_3std2io8buffered9bufreader6buffer6BufferECsdTd832gKU3b_9uu_expand (core::ptr::drop_glue::<std::io::buffered::bufreader::buffer::Buffer>)
FUNCTION _RINvNtCsgxBkk5gSRhY_4core3ptr9drop_glueINtNtNtNtCs9k3SxhrAWiO_3std2io8buffered9bufwriter9BufWriterNtNtBI_5stdio6StdoutEECsdTd832gKU3b_9uu_expand (core::ptr::drop_glue::<std::io::buffered::bufwriter::BufWriter<std::io::stdio::Stdout>>)
FUNCTION _RNvXs7_NtNtNtCs9k3SxhrAWiO_3std2io8buffered9bufwriterINtB5_9BufWriterNtNtB9_5stdio6StdoutENtNtNtCsgxBkk5gSRhY_4core3ops4drop4Drop4dropCsdTd832gKU3b_9uu_expand (<std::io::buffered::bufwriter::BufWriter<std::io::stdio::Stdout> as core::ops::drop::Drop>::drop)
FUNCTION _RNvMs_NtNtNtCs9k3SxhrAWiO_3std2io8buffered9bufwriterINtB4_9BufWriterNtNtB8_5stdio6StdoutE9flush_bufCsdTd832gKU3b_9uu_expand (<std::io::buffered::bufwriter::BufWriter<std::io::stdio::Stdout>>::flush_buf)
{"function": "_RNvMs_NtNtNtCs9k3SxhrAWiO_3std2io8buffered9bufwriterINtB4_9BufWriterNtNtB8_5stdio6StdoutE9flush_bufCsdTd832gKU3b_9uu_expand", "function_demangled": "<std::io::buffered::bufwriter::BufWriter<std::io::stdio::Stdout>>::flush_buf", "header": "bb1", "depth": 1, "latch_count": 1, "subloop_count": 0, "src_loc": [{"col":16,"dir":"/rustc/48a229ceaefd4985c50990b14116b6d856af0985","file":"library/std/src/io/buffered/bufwriter.rs","line":247}]}
FUNCTION _RINvNtCsgxBkk5gSRhY_4core3ptr9drop_glueNtNvMs_NtNtNtCs9k3SxhrAWiO_3std2io8buffered9bufwriterINtBI_9BufWriterpE9flush_buf8BufGuardECsdTd832gKU3b_9uu_expand (core::ptr::drop_glue::<<std::io::buffered::bufwriter::BufWriter<_>>::flush_buf::BufGuard>)
FUNCTION _RINvNtCsgxBkk5gSRhY_4core3ptr9drop_glueINtNtNtNtCs9k3SxhrAWiO_3std4sync6poison5mutex10MutexGuardINtNtNtNtBK_2io8buffered9bufreader9BufReaderNtNtB1D_5stdio8StdinRawEEECsdTd832gKU3b_9uu_expand (core::ptr::drop_glue::<std::sync::poison::mutex::MutexGuard<std::io::buffered::bufreader::BufReader<std::io::stdio::StdinRaw>>>)
FUNCTION _RNvXsc_NtNtNtCs9k3SxhrAWiO_3std4sync6poison5mutexINtB5_10MutexGuardINtNtNtNtBb_2io8buffered9bufreader9BufReaderNtNtB1a_5stdio8StdinRawEENtNtNtCsgxBkk5gSRhY_4core3ops4drop4Drop4dropCsdTd832gKU3b_9uu_expand (<std::sync::poison::mutex::MutexGuard<std::io::buffered::bufreader::BufReader<std::io::stdio::StdinRaw>> as core::ops::drop::Drop>::drop)
FUNCTION _RNvMNtNtCs9k3SxhrAWiO_3std4sync6poisonNtB2_4Flag4doneCsdTd832gKU3b_9uu_expand (<std::sync::poison::Flag>::done)
FUNCTION _RINvNtCsgxBkk5gSRhY_4core3ptr9drop_glueNtNtCs9k3SxhrAWiO_3std2fs4FileECsdTd832gKU3b_9uu_expand (core::ptr::drop_glue::<std::fs::File>)
FUNCTION _RINvNtCsgxBkk5gSRhY_4core3ptr9drop_glueNtNtNtNtCs9k3SxhrAWiO_3std3sys2fs4unix4FileECsdTd832gKU3b_9uu_expand (core::ptr::drop_glue::<std::sys::fs::unix::File>)
FUNCTION _RINvNtCsgxBkk5gSRhY_4core3ptr9drop_glueNtNtNtNtCs9k3SxhrAWiO_3std3sys2fd4unix8FileDescECsdTd832gKU3b_9uu_expand (core::ptr::drop_glue::<std::sys::fd::unix::FileDesc>)
FUNCTION _RINvNtCsgxBkk5gSRhY_4core3ptr9drop_glueNtNtNtCs9k3SxhrAWiO_3std2io5stdio9StdinLockECsdTd832gKU3b_9uu_expand (core::ptr::drop_glue::<std::io::stdio::StdinLock>)
FUNCTION _RINvNtNtCshb1QsBuIw9q_6rustix2fs7fadvise7fadviseRNtNtCs9k3SxhrAWiO_3std2fs4FileECsdTd832gKU3b_9uu_expand (rustix::fs::fadvise::fadvise::<&std::fs::File>)
FUNCTION _RNvXs8_NtNtNtCs9k3SxhrAWiO_3std2os2fd5ownedRNtNtBb_2fs4FileNtB5_4AsFd5as_fdCsdTd832gKU3b_9uu_expand (<&std::fs::File as std::os::fd::owned::AsFd>::as_fd)
FUNCTION _RNvNtNtNtCshb1QsBuIw9q_6rustix7backend2fs8syscalls7fadviseCsdTd832gKU3b_9uu_expand (rustix::backend::fs::syscalls::fadvise)
FUNCTION _RNvMse_NtNtCsgxBkk5gSRhY_4core3num7nonzeroINtB5_7NonZeroyE3getCsdTd832gKU3b_9uu_expand (<core::num::nonzero::NonZero<u64>>::get)
FUNCTION _RNvNtNtCshb1QsBuIw9q_6rustix7backend3reg2nrCsdTd832gKU3b_9uu_expand (rustix::backend::reg::nr)
FUNCTION _RINvNtNtCshb1QsBuIw9q_6rustix7backend4conv15loff_t_from_u64NtNtB4_3reg2A1ECsdTd832gKU3b_9uu_expand (rustix::backend::conv::loff_t_from_u64::<rustix::backend::reg::A1>)
FUNCTION _RINvNtNtCshb1QsBuIw9q_6rustix7backend4conv15loff_t_from_u64NtNtB4_3reg2A2ECsdTd832gKU3b_9uu_expand (rustix::backend::conv::loff_t_from_u64::<rustix::backend::reg::A2>)
FUNCTION _RNvXs1_NtCsgxBkk5gSRhY_4core7convertNtNtNtNtCshb1QsBuIw9q_6rustix7backend2fs5types6AdviceINtB5_4IntoINtNtBE_3reg6ArgRegNtB1D_2A3EE4intoCsdTd832gKU3b_9uu_expand (<rustix::backend::fs::types::Advice as core::convert::Into<rustix::backend::reg::ArgReg<rustix::backend::reg::A3>>>::into)
FUNCTION _RNvNtNtNtCshb1QsBuIw9q_6rustix7backend4arch3asm17syscall4_readonlyCsdTd832gKU3b_9uu_expand (rustix::backend::arch::asm::syscall4_readonly)
FUNCTION _RNvNtNtCshb1QsBuIw9q_6rustix7backend4conv3retCsdTd832gKU3b_9uu_expand (rustix::backend::conv::ret)
FUNCTION _RNvXs8_NtNtCshb1QsBuIw9q_6rustix7backend3regNtB5_13SyscallNumberNtB5_5ToAsm6to_asmCsdTd832gKU3b_9uu_expand (<rustix::backend::reg::SyscallNumber as rustix::backend::reg::ToAsm>::to_asm)
FUNCTION _RNvXs9_NtNtNtCshb1QsBuIw9q_6rustix7backend4conv2fsINtNtB9_3reg6ArgRegNtBP_2A3EINtNtCsgxBkk5gSRhY_4core7convert4FromNtNtNtB9_2fs5types6AdviceE4fromCsdTd832gKU3b_9uu_expand (<rustix::backend::reg::ArgReg<rustix::backend::reg::A3> as core::convert::From<rustix::backend::fs::types::Advice>>::from)
FUNCTION _RNvXsc_NtNtNtCs9k3SxhrAWiO_3std2os2fd5ownedNtNtBb_2fs4FileNtB5_4AsFd5as_fdCsdTd832gKU3b_9uu_expand (<std::fs::File as std::os::fd::owned::AsFd>::as_fd)
FUNCTION _RINvXs1_NtNtNtCsgxBkk5gSRhY_4core4iter8adapters6filterINtB6_6FilterINtNtNtBc_3str4iter5SplitcENCNvCsdTd832gKU3b_9uu_expand16expand_shortcuts0ENtNtNtBa_6traits8iterator8Iterator4folduNCINvNvB2g_8for_each4callReNCB1w_s_0E0EB1y_ (<core::iter::adapters::filter::Filter<core::str::iter::Split<char>, uu_expand::expand_shortcuts::{closure#0}> as core::iter::traits::iterator::Iterator>::fold::<(), core::iter::traits::iterator::Iterator::for_each::call<&str, uu_expand::expand_shortcuts::{closure#1}>::{closure#0}>)
FUNCTION _RINvYINtNtNtCsgxBkk5gSRhY_4core3str4iter5SplitcENtNtNtNtBa_4iter6traits8iterator8Iterator4folduNCINvNtNtBQ_8adapters6filter11filter_foldReuNCNvCsdTd832gKU3b_9uu_expand16expand_shortcuts0NCINvNvBK_8for_each4callB2a_NCB2f_s_0E0E0EB2h_ (<core::str::iter::Split<char> as core::iter::traits::iterator::Iterator>::fold::<(), core::iter::adapters::filter::filter_fold<&str, (), uu_expand::expand_shortcuts::{closure#0}, core::iter::traits::iterator::Iterator::for_each::call<&str, uu_expand::expand_shortcuts::{closure#1}>::{closure#0}>::{closure#0}>)
{"function": "_RINvYINtNtNtCsgxBkk5gSRhY_4core3str4iter5SplitcENtNtNtNtBa_4iter6traits8iterator8Iterator4folduNCINvNtNtBQ_8adapters6filter11filter_foldReuNCNvCsdTd832gKU3b_9uu_expand16expand_shortcuts0NCINvNvBK_8for_each4callB2a_NCB2f_s_0E0E0EB2h_", "function_demangled": "<core::str::iter::Split<char> as core::iter::traits::iterator::Iterator>::fold::<(), core::iter::adapters::filter::filter_fold<&str, (), uu_expand::expand_shortcuts::{closure#0}, core::iter::traits::iterator::Iterator::for_each::call<&str, uu_expand::expand_shortcuts::{closure#1}>::{closure#0}>::{closure#0}>", "header": "bb1", "depth": 1, "latch_count": 1, "subloop_count": 0, "src_loc": [{"col":34,"dir":"/rustc/48a229ceaefd4985c50990b14116b6d856af0985","file":"library/core/src/iter/traits/iterator.rs","line":2670}]}
FUNCTION _RNCINvNtNtNtCsgxBkk5gSRhY_4core4iter8adapters6filter11filter_foldReuNCNvCsdTd832gKU3b_9uu_expand16expand_shortcuts0NCINvNvNtNtNtB8_6traits8iterator8Iterator8for_each4callB11_NCB16_s_0E0E0B18_ (core::iter::adapters::filter::filter_fold::<&str, (), uu_expand::expand_shortcuts::{closure#0}, core::iter::traits::iterator::Iterator::for_each::call<&str, uu_expand::expand_shortcuts::{closure#1}>::{closure#0}>::{closure#0})
FUNCTION _RNCNvCsdTd832gKU3b_9uu_expand16expand_shortcuts0B3_ (uu_expand::expand_shortcuts::{closure#0})
FUNCTION _RNCINvNvNtNtNtNtCsgxBkk5gSRhY_4core4iter6traits8iterator8Iterator8for_each4callReNCNvCsdTd832gKU3b_9uu_expand16expand_shortcutss_0E0B1l_ (core::iter::traits::iterator::Iterator::for_each::call::<&str, uu_expand::expand_shortcuts::{closure#1}>::{closure#0})
FUNCTION _RNCNvCsdTd832gKU3b_9uu_expand16expand_shortcutss_0B3_ (uu_expand::expand_shortcuts::{closure#1})
FUNCTION _RNvNtCs6i54tJFfzR_5alloc3fmt6formatCsdTd832gKU3b_9uu_expand (alloc::fmt::format)
FUNCTION _RNvXs_NtNtCs9k3SxhrAWiO_3std3ffi6os_strNtB4_8OsStringINtNtCsgxBkk5gSRhY_4core7convert4FromNtNtCs6i54tJFfzR_5alloc6string6StringE4fromCsdTd832gKU3b_9uu_expand (<std::ffi::os_str::OsString as core::convert::From<alloc::string::String>>::from)
FUNCTION _RNvMNtCsgxBkk5gSRhY_4core3stre8is_emptyCsdTd832gKU3b_9uu_expand (<str>::is_empty)
FUNCTION _RINvXs2J_NtNtCsgxBkk5gSRhY_4core5slice4iterINtB7_4IterhENtNtNtNtBb_4iter6traits8iterator8Iterator3anyNCNvCsdTd832gKU3b_9uu_expand10expand_buf0EB1F_ (<core::slice::iter::Iter<u8> as core::iter::traits::iterator::Iterator>::any::<uu_expand::expand_buf::{closure#0}>)
{"function": "_RINvXs2J_NtNtCsgxBkk5gSRhY_4core5slice4iterINtB7_4IterhENtNtNtNtBb_4iter6traits8iterator8Iterator3anyNCNvCsdTd832gKU3b_9uu_expand10expand_buf0EB1F_", "function_demangled": "<core::slice::iter::Iter<u8> as core::iter::traits::iterator::Iterator>::any::<uu_expand::expand_buf::{closure#0}>", "header": "bb1", "depth": 1, "latch_count": 1, "subloop_count": 0, "src_loc": [{"col":24,"dir":"/rustc/48a229ceaefd4985c50990b14116b6d856af0985","file":"library/core/src/slice/iter/macros.rs","line":166},{"col":42,"dir":"/rustc/48a229ceaefd4985c50990b14116b6d856af0985","file":"library/core/src/slice/iter/macros.rs","line":331}]}
FUNCTION _RNCNvCsdTd832gKU3b_9uu_expand10expand_buf0B3_ (uu_expand::expand_buf::{closure#0})
FUNCTION _RINvXs2J_NtNtCsgxBkk5gSRhY_4core5slice4iterINtB7_4IterhENtNtNtNtBb_4iter6traits8iterator8Iterator9rpositionNCNvCsdTd832gKU3b_9uu_expand10expand_bufs_0EB1L_ (<core::slice::iter::Iter<u8> as core::iter::traits::iterator::Iterator>::rposition::<uu_expand::expand_buf::{closure#1}>)
{"function": "_RINvXs2J_NtNtCsgxBkk5gSRhY_4core5slice4iterINtB7_4IterhENtNtNtNtBb_4iter6traits8iterator8Iterator9rpositionNCNvCsdTd832gKU3b_9uu_expand10expand_bufs_0EB1L_", "function_demangled": "<core::slice::iter::Iter<u8> as core::iter::traits::iterator::Iterator>::rposition::<uu_expand::expand_buf::{closure#1}>", "header": "bb4", "depth": 1, "latch_count": 1, "subloop_count": 0, "src_loc": [{"col":42,"dir":"/rustc/48a229ceaefd4985c50990b14116b6d856af0985","file":"library/core/src/slice/iter/macros.rs","line":405}]}
FUNCTION _RNCNvCsdTd832gKU3b_9uu_expand10expand_bufs_0B3_ (uu_expand::expand_buf::{closure#1})
FUNCTION _RINvXs2J_NtNtCsgxBkk5gSRhY_4core5slice4iterINtB7_4IterjENtNtNtNtBb_4iter6traits8iterator8Iterator4findNCNvCsdTd832gKU3b_9uu_expand12next_tabstop0EB1G_ (<core::slice::iter::Iter<usize> as core::iter::traits::iterator::Iterator>::find::<uu_expand::next_tabstop::{closure#0}>)
{"function": "_RINvXs2J_NtNtCsgxBkk5gSRhY_4core5slice4iterINtB7_4IterjENtNtNtNtBb_4iter6traits8iterator8Iterator4findNCNvCsdTd832gKU3b_9uu_expand12next_tabstop0EB1G_", "function_demangled": "<core::slice::iter::Iter<usize> as core::iter::traits::iterator::Iterator>::find::<uu_expand::next_tabstop::{closure#0}>", "header": "bb1", "depth": 1, "latch_count": 1, "subloop_count": 0, "src_loc": [{"col":24,"dir":"/rustc/48a229ceaefd4985c50990b14116b6d856af0985","file":"library/core/src/slice/iter/macros.rs","line":166},{"col":42,"dir":"/rustc/48a229ceaefd4985c50990b14116b6d856af0985","file":"library/core/src/slice/iter/macros.rs","line":348}]}
FUNCTION _RNCNvCsdTd832gKU3b_9uu_expand12next_tabstop0B3_ (uu_expand::next_tabstop::{closure#0})
FUNCTION _RINvXs2J_NtNtCsgxBkk5gSRhY_4core5slice4iterINtB7_4IterjENtNtNtNtBb_4iter6traits8iterator8Iterator4findNCNvCsdTd832gKU3b_9uu_expand12next_tabstops0_0EB1G_ (<core::slice::iter::Iter<usize> as core::iter::traits::iterator::Iterator>::find::<uu_expand::next_tabstop::{closure#2}>)
{"function": "_RINvXs2J_NtNtCsgxBkk5gSRhY_4core5slice4iterINtB7_4IterjENtNtNtNtBb_4iter6traits8iterator8Iterator4findNCNvCsdTd832gKU3b_9uu_expand12next_tabstops0_0EB1G_", "function_demangled": "<core::slice::iter::Iter<usize> as core::iter::traits::iterator::Iterator>::find::<uu_expand::next_tabstop::{closure#2}>", "header": "bb1", "depth": 1, "latch_count": 1, "subloop_count": 0, "src_loc": [{"col":24,"dir":"/rustc/48a229ceaefd4985c50990b14116b6d856af0985","file":"library/core/src/slice/iter/macros.rs","line":166},{"col":42,"dir":"/rustc/48a229ceaefd4985c50990b14116b6d856af0985","file":"library/core/src/slice/iter/macros.rs","line":348}]}
FUNCTION _RNCNvCsdTd832gKU3b_9uu_expand12next_tabstops0_0B3_ (uu_expand::next_tabstop::{closure#2})
FUNCTION _RINvXs2J_NtNtCsgxBkk5gSRhY_4core5slice4iterINtB7_4IterjENtNtNtNtBb_4iter6traits8iterator8Iterator4findNCNvCsdTd832gKU3b_9uu_expand12next_tabstops_0EB1G_ (<core::slice::iter::Iter<usize> as core::iter::traits::iterator::Iterator>::find::<uu_expand::next_tabstop::{closure#1}>)
{"function": "_RINvXs2J_NtNtCsgxBkk5gSRhY_4core5slice4iterINtB7_4IterjENtNtNtNtBb_4iter6traits8iterator8Iterator4findNCNvCsdTd832gKU3b_9uu_expand12next_tabstops_0EB1G_", "function_demangled": "<core::slice::iter::Iter<usize> as core::iter::traits::iterator::Iterator>::find::<uu_expand::next_tabstop::{closure#1}>", "header": "bb1", "depth": 1, "latch_count": 1, "subloop_count": 0, "src_loc": [{"col":24,"dir":"/rustc/48a229ceaefd4985c50990b14116b6d856af0985","file":"library/core/src/slice/iter/macros.rs","line":166},{"col":42,"dir":"/rustc/48a229ceaefd4985c50990b14116b6d856af0985","file":"library/core/src/slice/iter/macros.rs","line":348}]}
FUNCTION _RNCNvCsdTd832gKU3b_9uu_expand12next_tabstops_0B3_ (uu_expand::next_tabstop::{closure#1})
FUNCTION _RINvXsb_NtNtCs1leyjZMkdpi_6uucore4mods5errorNtNtNtCsgxBkk5gSRhY_4core2io5error5ErrorINtB6_6FromIoINtNtCs6i54tJFfzR_5alloc5boxed3BoxNtB6_8UIoErrorEE15map_err_contextNCNvCsdTd832gKU3b_9uu_expand11expand_files_0EB2G_ (<core::io::error::Error as uucore::mods::error::FromIo<alloc::boxed::Box<uucore::mods::error::UIoError>>>::map_err_context::<uu_expand::expand_file::{closure#1}>)
FUNCTION _RNCNvCsdTd832gKU3b_9uu_expand11expand_files_0B3_ (uu_expand::expand_file::{closure#1})
FUNCTION _RINvXsc_NtNtCs1leyjZMkdpi_6uucore4mods5errorINtNtCsgxBkk5gSRhY_4core6result6ResultNtNtCs9k3SxhrAWiO_3std2fs4FileNtNtNtBL_2io5error5ErrorEINtB6_6FromIoIBH_B1i_INtNtCs6i54tJFfzR_5alloc5boxed3BoxDNtB6_6UErrorEL_EEE15map_err_contextNCNvCsdTd832gKU3b_9uu_expand4open0EB3I_ (<core::result::Result<std::fs::File, core::io::error::Error> as uucore::mods::error::FromIo<core::result::Result<std::fs::File, alloc::boxed::Box<dyn uucore::mods::error::UError>>>>::map_err_context::<uu_expand::open::{closure#0}>)
FUNCTION _RINvXsc_NtNtCs1leyjZMkdpi_6uucore4mods5errorINtNtCsgxBkk5gSRhY_4core6result6ResultuNtNtNtBL_2io5error5ErrorEINtB6_6FromIoIBH_uINtNtCs6i54tJFfzR_5alloc5boxed3BoxDNtB6_6UErrorEL_EEE15map_err_contextNCNvCsdTd832gKU3b_9uu_expand11expand_file0EB3c_ (<core::result::Result<(), core::io::error::Error> as uucore::mods::error::FromIo<core::result::Result<(), alloc::boxed::Box<dyn uucore::mods::error::UError>>>>::map_err_context::<uu_expand::expand_file::{closure#0}>)
FUNCTION _RINvXsc_NtNtCs1leyjZMkdpi_6uucore4mods5errorINtNtCsgxBkk5gSRhY_4core6result6ResultuNtNtNtBL_2io5error5ErrorEINtB6_6FromIoIBH_uINtNtCs6i54tJFfzR_5alloc5boxed3BoxDNtB6_6UErrorEL_EEE15map_err_contextNCNvCsdTd832gKU3b_9uu_expand6expand0EB3c_ (<core::result::Result<(), core::io::error::Error> as uucore::mods::error::FromIo<core::result::Result<(), alloc::boxed::Box<dyn uucore::mods::error::UError>>>>::map_err_context::<uu_expand::expand::{closure#0}>)
FUNCTION _RINvXse_NtCs6i54tJFfzR_5alloc3vecINtB6_3VecNtNtNtCs9k3SxhrAWiO_3std3ffi6os_str8OsStringEINtNtNtNtCsgxBkk5gSRhY_4core4iter6traits7collect12FromIteratorBF_E9from_iterINtNtNtB1v_8adapters6cloned6ClonedINtNtNtNtCs4VqSFjx4n5U_12clap_builder6parser7matches11arg_matches9ValuesRefBF_EEECsdTd832gKU3b_9uu_expand (<alloc::vec::Vec<std::ffi::os_str::OsString> as core::iter::traits::collect::FromIterator<std::ffi::os_str::OsString>>::from_iter::<core::iter::adapters::cloned::Cloned<clap_builder::parser::matches::arg_matches::ValuesRef<std::ffi::os_str::OsString>>>)
FUNCTION _RNvXNtNtNtCsgxBkk5gSRhY_4core4iter6traits7collectINtNtNtB6_8adapters6cloned6ClonedINtNtNtNtCs4VqSFjx4n5U_12clap_builder6parser7matches11arg_matches9ValuesRefNtNtNtCs9k3SxhrAWiO_3std3ffi6os_str8OsStringEENtB2_12IntoIterator9into_iterCsdTd832gKU3b_9uu_expand (<core::iter::adapters::cloned::Cloned<clap_builder::parser::matches::arg_matches::ValuesRef<std::ffi::os_str::OsString>> as core::iter::traits::collect::IntoIterator>::into_iter)
FUNCTION _RNvXNtNtCs6i54tJFfzR_5alloc3vec14spec_from_iterINtB4_3VecNtNtNtCs9k3SxhrAWiO_3std3ffi6os_str8OsStringEINtB2_12SpecFromIterBT_INtNtNtNtCsgxBkk5gSRhY_4core4iter8adapters6cloned6ClonedINtNtNtNtCs4VqSFjx4n5U_12clap_builder6parser7matches11arg_matches9ValuesRefBT_EEE9from_iterCsdTd832gKU3b_9uu_expand (<alloc::vec::Vec<std::ffi::os_str::OsString> as alloc::vec::spec_from_iter::SpecFromIter<std::ffi::os_str::OsString, core::iter::adapters::cloned::Cloned<clap_builder::parser::matches::arg_matches::ValuesRef<std::ffi::os_str::OsString>>>>::from_iter)
FUNCTION _RNvXNtNtCs6i54tJFfzR_5alloc3vec21spec_from_iter_nestedINtB4_3VecNtNtNtCs9k3SxhrAWiO_3std3ffi6os_str8OsStringEINtB2_18SpecFromIterNestedB10_INtNtNtNtCsgxBkk5gSRhY_4core4iter8adapters6cloned6ClonedINtNtNtNtCs4VqSFjx4n5U_12clap_builder6parser7matches11arg_matches9ValuesRefB10_EEE9from_iterCsdTd832gKU3b_9uu_expand (<alloc::vec::Vec<std::ffi::os_str::OsString> as alloc::vec::spec_from_iter_nested::SpecFromIterNested<std::ffi::os_str::OsString, core::iter::adapters::cloned::Cloned<clap_builder::parser::matches::arg_matches::ValuesRef<std::ffi::os_str::OsString>>>>::from_iter)
FUNCTION _RNvXNtNtCs6i54tJFfzR_5alloc3vec11spec_extendINtB4_3VecNtNtNtCs9k3SxhrAWiO_3std3ffi6os_str8OsStringEINtB2_10SpecExtendBQ_INtNtNtNtCsgxBkk5gSRhY_4core4iter8adapters6cloned6ClonedINtNtNtNtCs4VqSFjx4n5U_12clap_builder6parser7matches11arg_matches9ValuesRefBQ_EEE11spec_extendCsdTd832gKU3b_9uu_expand (<alloc::vec::Vec<std::ffi::os_str::OsString> as alloc::vec::spec_extend::SpecExtend<std::ffi::os_str::OsString, core::iter::adapters::cloned::Cloned<clap_builder::parser::matches::arg_matches::ValuesRef<std::ffi::os_str::OsString>>>>::spec_extend)
FUNCTION _RINvXse_NtCs6i54tJFfzR_5alloc3vecINtB6_3VecReEINtNtNtNtCsgxBkk5gSRhY_4core4iter6traits7collect12FromIteratorBF_E9from_iterINtNtNtBP_8adapters3map3MapINtNtNtNtCs4VqSFjx4n5U_12clap_builder6parser7matches11arg_matches9ValuesRefNtNtB8_6string6StringENvMB3C_B3A_6as_strEECsdTd832gKU3b_9uu_expand (<alloc::vec::Vec<&str> as core::iter::traits::collect::FromIterator<&str>>::from_iter::<core::iter::adapters::map::Map<clap_builder::parser::matches::arg_matches::ValuesRef<alloc::string::String>, <alloc::string::String>::as_str>>)
FUNCTION _RNvXNtNtNtCsgxBkk5gSRhY_4core4iter6traits7collectINtNtNtB6_8adapters3map3MapINtNtNtNtCs4VqSFjx4n5U_12clap_builder6parser7matches11arg_matches9ValuesRefNtNtCs6i54tJFfzR_5alloc6string6StringENvMB2r_B2p_6as_strENtB2_12IntoIterator9into_iterCsdTd832gKU3b_9uu_expand (<core::iter::adapters::map::Map<clap_builder::parser::matches::arg_matches::ValuesRef<alloc::string::String>, <alloc::string::String>::as_str> as core::iter::traits::collect::IntoIterator>::into_iter)
FUNCTION _RNvXNtNtCs6i54tJFfzR_5alloc3vec14spec_from_iterINtB4_3VecReEINtB2_12SpecFromIterBT_INtNtNtNtCsgxBkk5gSRhY_4core4iter8adapters3map3MapINtNtNtNtCs4VqSFjx4n5U_12clap_builder6parser7matches11arg_matches9ValuesRefNtNtB6_6string6StringENvMB3m_B3k_6as_strEE9from_iterCsdTd832gKU3b_9uu_expand (<alloc::vec::Vec<&str> as alloc::vec::spec_from_iter::SpecFromIter<&str, core::iter::adapters::map::Map<clap_builder::parser::matches::arg_matches::ValuesRef<alloc::string::String>, <alloc::string::String>::as_str>>>::from_iter)
FUNCTION _RNvXNtNtCs6i54tJFfzR_5alloc3vec21spec_from_iter_nestedINtB4_3VecReEINtB2_18SpecFromIterNestedB10_INtNtNtNtCsgxBkk5gSRhY_4core4iter8adapters3map3MapINtNtNtNtCs4VqSFjx4n5U_12clap_builder6parser7matches11arg_matches9ValuesRefNtNtB6_6string6StringENvMB3A_B3y_6as_strEE9from_iterCsdTd832gKU3b_9uu_expand (<alloc::vec::Vec<&str> as alloc::vec::spec_from_iter_nested::SpecFromIterNested<&str, core::iter::adapters::map::Map<clap_builder::parser::matches::arg_matches::ValuesRef<alloc::string::String>, <alloc::string::String>::as_str>>>::from_iter)
FUNCTION _RNvXNtNtCs6i54tJFfzR_5alloc3vec11spec_extendINtB4_3VecReEINtB2_10SpecExtendBQ_INtNtNtNtCsgxBkk5gSRhY_4core4iter8adapters3map3MapINtNtNtNtCs4VqSFjx4n5U_12clap_builder6parser7matches11arg_matches9ValuesRefNtNtB6_6string6StringENvMB3h_B3f_6as_strEE11spec_extendCsdTd832gKU3b_9uu_expand (<alloc::vec::Vec<&str> as alloc::vec::spec_extend::SpecExtend<&str, core::iter::adapters::map::Map<clap_builder::parser::matches::arg_matches::ValuesRef<alloc::string::String>, <alloc::string::String>::as_str>>>::spec_extend)
FUNCTION _RINvYINtNtNtCsgxBkk5gSRhY_4core3str4iter5SplitcENtNtNtNtBa_4iter6traits8iterator8Iterator6filterNCNvCsdTd832gKU3b_9uu_expand16expand_shortcuts0EB1A_ (<core::str::iter::Split<char> as core::iter::traits::iterator::Iterator>::filter::<uu_expand::expand_shortcuts::{closure#0}>)
FUNCTION _RINvYINtNtNtNtCs4VqSFjx4n5U_12clap_builder6parser7matches11arg_matches9ValuesRefNtNtCs6i54tJFfzR_5alloc6string6StringENtNtNtNtCsgxBkk5gSRhY_4core4iter6traits8iterator8Iterator3mapReNvMB1i_B1g_6as_strECsdTd832gKU3b_9uu_expand (<clap_builder::parser::matches::arg_matches::ValuesRef<alloc::string::String> as core::iter::traits::iterator::Iterator>::map::<&str, <alloc::string::String>::as_str>)
FUNCTION _RINvYINtNtNtNtCs4VqSFjx4n5U_12clap_builder6parser7matches11arg_matches9ValuesRefNtNtNtCs9k3SxhrAWiO_3std3ffi6os_str8OsStringENtNtNtNtCsgxBkk5gSRhY_4core4iter6traits8iterator8Iterator6clonedB1g_ECsdTd832gKU3b_9uu_expand (<clap_builder::parser::matches::arg_matches::ValuesRef<std::ffi::os_str::OsString> as core::iter::traits::iterator::Iterator>::cloned::<std::ffi::os_str::OsString>)
FUNCTION _RINvYINtNtNtNtCsgxBkk5gSRhY_4core4iter8adapters3map3MapINtNtNtNtCs4VqSFjx4n5U_12clap_builder6parser7matches11arg_matches9ValuesRefNtNtCs6i54tJFfzR_5alloc6string6StringENvMB26_B24_6as_strENtNtNtBa_6traits8iterator8Iterator7collectINtNtB28_3vec3VecReEECsdTd832gKU3b_9uu_expand (<core::iter::adapters::map::Map<clap_builder::parser::matches::arg_matches::ValuesRef<alloc::string::String>, <alloc::string::String>::as_str> as core::iter::traits::iterator::Iterator>::collect::<alloc::vec::Vec<&str>>)
FUNCTION _RINvYINtNtNtNtCsgxBkk5gSRhY_4core4iter8adapters6cloned6ClonedINtNtNtNtCs4VqSFjx4n5U_12clap_builder6parser7matches11arg_matches9ValuesRefNtNtNtCs9k3SxhrAWiO_3std3ffi6os_str8OsStringEENtNtNtBa_6traits8iterator8Iterator7collectINtNtCs6i54tJFfzR_5alloc3vec3VecB2a_EECsdTd832gKU3b_9uu_expand (<core::iter::adapters::cloned::Cloned<clap_builder::parser::matches::arg_matches::ValuesRef<std::ffi::os_str::OsString>> as core::iter::traits::iterator::Iterator>::collect::<alloc::vec::Vec<std::ffi::os_str::OsString>>)
FUNCTION _RINvYINtNtNtNtCsgxBkk5gSRhY_4core4iter8adapters6filter6FilterINtNtNtBc_3str4iter5SplitcENCNvCsdTd832gKU3b_9uu_expand16expand_shortcuts0ENtNtNtBa_6traits8iterator8Iterator8for_eachNCB1q_s_0EB1s_ (<core::iter::adapters::filter::Filter<core::str::iter::Split<char>, uu_expand::expand_shortcuts::{closure#0}> as core::iter::traits::iterator::Iterator>::for_each::<uu_expand::expand_shortcuts::{closure#1}>)
FUNCTION _RINvYNtNtNtCsgxBkk5gSRhY_4core3str4iter5CharsNtNtNtNtB9_4iter6traits8iterator8Iterator3allNvCsdTd832gKU3b_9uu_expand17is_digit_or_commaEB1s_ (<core::str::iter::Chars as core::iter::traits::iterator::Iterator>::all::<uu_expand::is_digit_or_comma>)
FUNCTION _RINvYNtNtNtCsgxBkk5gSRhY_4core3str4iter5CharsNtNtNtNtB9_4iter6traits8iterator8Iterator8try_folduNCINvNvBH_3all5checkcNvCsdTd832gKU3b_9uu_expand17is_digit_or_commaE0INtNtNtB9_3ops12control_flow11ControlFlowuEEB1T_ (<core::str::iter::Chars as core::iter::traits::iterator::Iterator>::try_fold::<(), core::iter::traits::iterator::Iterator::all::check<char, uu_expand::is_digit_or_comma>::{closure#0}, core::ops::control_flow::ControlFlow<()>>)
{"function": "_RINvYNtNtNtCsgxBkk5gSRhY_4core3str4iter5CharsNtNtNtNtB9_4iter6traits8iterator8Iterator8try_folduNCINvNvBH_3all5checkcNvCsdTd832gKU3b_9uu_expand17is_digit_or_commaE0INtNtNtB9_3ops12control_flow11ControlFlowuEEB1T_", "function_demangled": "<core::str::iter::Chars as core::iter::traits::iterator::Iterator>::try_fold::<(), core::iter::traits::iterator::Iterator::all::check<char, uu_expand::is_digit_or_comma>::{closure#0}, core::ops::control_flow::ControlFlow<()>>", "header": "bb1", "depth": 1, "latch_count": 1, "subloop_count": 0, "src_loc": [{"col":34,"dir":"/rustc/48a229ceaefd4985c50990b14116b6d856af0985","file":"library/core/src/iter/traits/iterator.rs","line":2493}]}
FUNCTION _RNvXNtNtCsgxBkk5gSRhY_4core3str4iterNtB2_5CharsNtNtNtNtB6_4iter6traits8iterator8Iterator4nextCsdTd832gKU3b_9uu_expand (<core::str::iter::Chars as core::iter::traits::iterator::Iterator>::next)
FUNCTION _RNCINvNvNtNtNtNtCsgxBkk5gSRhY_4core4iter6traits8iterator8Iterator3all5checkcNvCsdTd832gKU3b_9uu_expand17is_digit_or_commaE0B1e_ (core::iter::traits::iterator::Iterator::all::check::<char, uu_expand::is_digit_or_comma>::{closure#0})
FUNCTION _RNvYNvCsdTd832gKU3b_9uu_expand17is_digit_or_commaINtNtNtCsgxBkk5gSRhY_4core3ops8function5FnMutTcEE8call_mutB4_ (<uu_expand::is_digit_or_comma as core::ops::function::FnMut<(char,)>>::call_mut)
FUNCTION _RNvCsdTd832gKU3b_9uu_expand17is_digit_or_comma (uu_expand::is_digit_or_comma)
FUNCTION _RNvMNtNtCsgxBkk5gSRhY_4core4char7methodsc14is_ascii_digitCsdTd832gKU3b_9uu_expand (<char>::is_ascii_digit)
FUNCTION _RNvCsdTd832gKU3b_9uu_expand16expand_shortcuts (uu_expand::expand_shortcuts)
{"function": "_RNvCsdTd832gKU3b_9uu_expand16expand_shortcuts", "function_demangled": "uu_expand::expand_shortcuts", "header": "bb4", "depth": 1, "latch_count": 2, "subloop_count": 0, "src_loc": [{"col":16,"dir":"/workspaces/Thesis/.build/uutils-coreutils","file":"src/uu/expand/src/expand.rs","line":192}]}
FUNCTION _RNvMsj_NtNtCs9k3SxhrAWiO_3std3ffi6os_strNtB5_5OsStr6to_strCsdTd832gKU3b_9uu_expand (<std::ffi::os_str::OsStr>::to_str)
FUNCTION _RNvCsdTd832gKU3b_9uu_expand6expand (uu_expand::expand)
{"function": "_RNvCsdTd832gKU3b_9uu_expand6expand", "function_demangled": "uu_expand::expand", "header": "bb4", "depth": 1, "latch_count": 2, "subloop_count": 0, "src_loc": [{"col":17,"dir":"/workspaces/Thesis/.build/uutils-coreutils","file":"src/uu/expand/src/expand.rs","line":468}]}
FUNCTION _RNvMNtNtNtCs9k3SxhrAWiO_3std2io8buffered9bufwriterINtB2_9BufWriterNtNtB6_5stdio6StdoutE3newCsdTd832gKU3b_9uu_expand (<std::io::buffered::bufwriter::BufWriter<std::io::stdio::Stdout>>::new)
FUNCTION _RNvCsdTd832gKU3b_9uu_expand11expand_file (uu_expand::expand_file)
{"function": "_RNvCsdTd832gKU3b_9uu_expand11expand_file", "function_demangled": "uu_expand::expand_file", "header": "bb7", "depth": 1, "latch_count": 1, "subloop_count": 0, "src_loc": [{"col":21,"dir":"/workspaces/Thesis/.build/uutils-coreutils","file":"src/uu/expand/src/expand.rs","line":453}]}
FUNCTION _RNvXs4_NtNtNtCs9k3SxhrAWiO_3std2io8buffered9bufwriterINtB5_9BufWriterNtNtB9_5stdio6StdoutENtB9_5Write5flushCsdTd832gKU3b_9uu_expand (<std::io::buffered::bufwriter::BufWriter<std::io::stdio::Stdout> as std::io::Write>::flush)
FUNCTION _RNvXsp_NtCsgxBkk5gSRhY_4core6resultINtB5_6ResultuINtNtCs6i54tJFfzR_5alloc5boxed3BoxDNtNtNtCs1leyjZMkdpi_6uucore4mods5error6UErrorEL_EENtNtNtB7_3ops9try_trait3Try6branchCsdTd832gKU3b_9uu_expand (<core::result::Result<(), alloc::boxed::Box<dyn uucore::mods::error::UError>> as core::ops::try_trait::Try>::branch)
FUNCTION _RNvXsq_NtCsgxBkk5gSRhY_4core6resultINtB5_6ResultuINtNtCs6i54tJFfzR_5alloc5boxed3BoxDNtNtNtCs1leyjZMkdpi_6uucore4mods5error6UErrorEL_EEINtNtNtB7_3ops9try_trait12FromResidualIBy_NtNtB7_7convert10InfallibleBL_EE13from_residualCsdTd832gKU3b_9uu_expand (<core::result::Result<(), alloc::boxed::Box<dyn uucore::mods::error::UError>> as core::ops::try_trait::FromResidual<core::result::Result<core::convert::Infallible, alloc::boxed::Box<dyn uucore::mods::error::UError>>>>::from_residual)
FUNCTION _RNvNtNtCs9k3SxhrAWiO_3std2io5stdio6stderrCsdTd832gKU3b_9uu_expand (std::io::stdio::stderr)
FUNCTION _RNvCsdTd832gKU3b_9uu_expand4open (uu_expand::open)
FUNCTION _RNvXsp_NtCsgxBkk5gSRhY_4core6resultINtB5_6ResultINtNtNtNtCs9k3SxhrAWiO_3std2io8buffered9bufreader9BufReaderINtNtCs6i54tJFfzR_5alloc5boxed3BoxDNtBR_4ReadEL_EEIB1I_DNtNtNtCs1leyjZMkdpi_6uucore4mods5error6UErrorEL_EENtNtNtB7_3ops9try_trait3Try6branchCsdTd832gKU3b_9uu_expand (<core::result::Result<std::io::buffered::bufreader::BufReader<alloc::boxed::Box<dyn std::io::Read>>, alloc::boxed::Box<dyn uucore::mods::error::UError>> as core::ops::try_trait::Try>::branch)
FUNCTION _RNvXst_NtCs6i54tJFfzR_5alloc3vecINtB5_3VecjEINtNtCsgxBkk5gSRhY_4core7convert5AsRefSjE6as_refCsdTd832gKU3b_9uu_expand (<alloc::vec::Vec<usize> as core::convert::AsRef<[usize]>>::as_ref)
FUNCTION _RNvXs3_NtNtNtCs9k3SxhrAWiO_3std2io8buffered9bufreaderINtB5_9BufReaderINtNtCs6i54tJFfzR_5alloc5boxed3BoxDNtB9_4ReadEL_EEB1E_4readCsdTd832gKU3b_9uu_expand (<std::io::buffered::bufreader::BufReader<alloc::boxed::Box<dyn std::io::Read>> as std::io::Read>::read)
FUNCTION _RNvXsd_NtCsgxBkk5gSRhY_4core5arrayAhj1000_INtNtNtB7_3ops5index5IndexINtNtBJ_5range7RangeTojEE5indexCsdTd832gKU3b_9uu_expand (<[u8; 4096] as core::ops::index::Index<core::ops::range::RangeTo<usize>>>::index)
FUNCTION _RNvCsdTd832gKU3b_9uu_expand10expand_buf (uu_expand::expand_buf)
{"function": "_RNvCsdTd832gKU3b_9uu_expand10expand_buf", "function_demangled": "uu_expand::expand_buf", "header": "bb16", "depth": 1, "latch_count": 1, "subloop_count": 0, "src_loc": [{"col":11,"dir":"/workspaces/Thesis/.build/uutils-coreutils","file":"src/uu/expand/src/expand.rs","line":391}]}
FUNCTION _RNvXs4_NtNtNtCs9k3SxhrAWiO_3std2io8buffered9bufwriterINtB5_9BufWriterNtNtB9_5stdio6StdoutENtB9_5Write9write_allCsdTd832gKU3b_9uu_expand (<std::io::buffered::bufwriter::BufWriter<std::io::stdio::Stdout> as std::io::Write>::write_all)
FUNCTION _RNvCsdTd832gKU3b_9uu_expand13classify_charB1_ (uu_expand::classify_char)
FUNCTION _RNvCsdTd832gKU3b_9uu_expand12next_tabstop (uu_expand::next_tabstop)
FUNCTION _RINvCsdTd832gKU3b_9uu_expand12write_spacesINtNtNtNtCs9k3SxhrAWiO_3std2io8buffered9bufwriter9BufWriterNtNtBL_5stdio6StdoutEEB2_ (uu_expand::write_spaces::<std::io::buffered::bufwriter::BufWriter<std::io::stdio::Stdout>>)
{"function": "_RINvCsdTd832gKU3b_9uu_expand12write_spacesINtNtNtNtCs9k3SxhrAWiO_3std2io8buffered9bufwriter9BufWriterNtNtBL_5stdio6StdoutEEB2_", "function_demangled": "uu_expand::write_spaces::<std::io::buffered::bufwriter::BufWriter<std::io::stdio::Stdout>>", "header": "bb1", "depth": 1, "latch_count": 1, "subloop_count": 0, "src_loc": [{"col":11,"dir":"/workspaces/Thesis/.build/uutils-coreutils","file":"src/uu/expand/src/expand.rs","line":356}]}
FUNCTION _RNvXsd_NtCsgxBkk5gSRhY_4core5arrayAhj100_INtNtNtB7_3ops5index5IndexINtNtBI_5range7RangeTojEE5indexCsdTd832gKU3b_9uu_expand (<[u8; 256] as core::ops::index::Index<core::ops::range::RangeTo<usize>>>::index)
FUNCTION _RNvXs1g_NtNtCsgxBkk5gSRhY_4core3ops5arithRjINtB6_3SubjE3subCsdTd832gKU3b_9uu_expand (<&usize as core::ops::arith::Sub<usize>>::sub)
FUNCTION _RNvMs4_NtCsgxBkk5gSRhY_4core3numh8is_asciiCsdTd832gKU3b_9uu_expand (<u8>::is_ascii)
FUNCTION _RNvMs_NtNtNtCs9k3SxhrAWiO_3std2io8buffered9bufwriterINtB4_9BufWriterNtNtB8_5stdio6StdoutE14write_all_coldCsdTd832gKU3b_9uu_expand (<std::io::buffered::bufwriter::BufWriter<std::io::stdio::Stdout>>::write_all_cold)
FUNCTION _RNvMs_NtNtNtCs9k3SxhrAWiO_3std2io8buffered9bufwriterINtB4_9BufWriterNtNtB8_5stdio6StdoutE25write_to_buffer_uncheckedCsdTd832gKU3b_9uu_expand (<std::io::buffered::bufwriter::BufWriter<std::io::stdio::Stdout>>::write_to_buffer_unchecked)
FUNCTION _RNvNvNtCsgxBkk5gSRhY_4core3ptr19copy_nonoverlapping18precondition_checkCsdTd832gKU3b_9uu_expand (core::ptr::copy_nonoverlapping::precondition_check)
FUNCTION _RNvNvNtCsgxBkk5gSRhY_4core9ub_checks23maybe_is_nonoverlapping7runtimeCsdTd832gKU3b_9uu_expand (core::ub_checks::maybe_is_nonoverlapping::runtime)
FUNCTION _RNvXs2_NtNtCs9k3SxhrAWiO_3std2io5implsINtNtCs6i54tJFfzR_5alloc5boxed3BoxDNtB7_4ReadEL_EB19_4readCsdTd832gKU3b_9uu_expand (<alloc::boxed::Box<dyn std::io::Read> as std::io::Read>::read)
FUNCTION _RNvXs6_NtNtCs9k3SxhrAWiO_3std2io5implsRShNtB7_4Read4readCsdTd832gKU3b_9uu_expand (<&[u8] as std::io::Read>::read)
FUNCTION _RNvXs7_NtNtCsgxBkk5gSRhY_4core3cmp5implsRNtNtNtCs9k3SxhrAWiO_3std3ffi6os_str8OsStringINtB7_9PartialEqReE2eqCsdTd832gKU3b_9uu_expand (<&std::ffi::os_str::OsString as core::cmp::PartialEq<&str>>::eq)
FUNCTION _RNvXsp_NtCsgxBkk5gSRhY_4core6resultINtB5_6ResultNtNtCs9k3SxhrAWiO_3std2fs4FileINtNtCs6i54tJFfzR_5alloc5boxed3BoxDNtNtNtCs1leyjZMkdpi_6uucore4mods5error6UErrorEL_EENtNtNtB7_3ops9try_trait3Try6branchCsdTd832gKU3b_9uu_expand (<core::result::Result<std::fs::File, alloc::boxed::Box<dyn uucore::mods::error::UError>> as core::ops::try_trait::Try>::branch)
FUNCTION _RNvMNtNtNtCs9k3SxhrAWiO_3std2io8buffered9bufreaderINtB2_9BufReaderINtNtCs6i54tJFfzR_5alloc5boxed3BoxDNtB6_4ReadEL_EE3newCsdTd832gKU3b_9uu_expand (<std::io::buffered::bufreader::BufReader<alloc::boxed::Box<dyn std::io::Read>>>::new)
FUNCTION _RNvXsq_NtCsgxBkk5gSRhY_4core6resultINtB5_6ResultINtNtNtNtCs9k3SxhrAWiO_3std2io8buffered9bufreader9BufReaderINtNtCs6i54tJFfzR_5alloc5boxed3BoxDNtBR_4ReadEL_EEIB1I_DNtNtNtCs1leyjZMkdpi_6uucore4mods5error6UErrorEL_EEINtNtNtB7_3ops9try_trait12FromResidualIBy_NtNtB7_7convert10InfallibleB2v_EE13from_residualCsdTd832gKU3b_9uu_expand (<core::result::Result<std::io::buffered::bufreader::BufReader<alloc::boxed::Box<dyn std::io::Read>>, alloc::boxed::Box<dyn uucore::mods::error::UError>> as core::ops::try_trait::FromResidual<core::result::Result<core::convert::Infallible, alloc::boxed::Box<dyn uucore::mods::error::UError>>>>::from_residual)
FUNCTION _RNvXsa_NtCs9k3SxhrAWiO_3std2fsNtB5_4FileNtNtB7_2io4Read16is_read_vectoredCsdTd832gKU3b_9uu_expand (<std::fs::File as std::io::Read>::is_read_vectored)
FUNCTION _RNvYNtNtCs9k3SxhrAWiO_3std2fs4FileNtNtB6_2io4Read10read_exactCsdTd832gKU3b_9uu_expand (<std::fs::File as std::io::Read>::read_exact)
FUNCTION _RNvYNtNtCs9k3SxhrAWiO_3std2fs4FileNtNtB6_2io4Read14read_buf_exactCsdTd832gKU3b_9uu_expand (<std::fs::File as std::io::Read>::read_buf_exact)
FUNCTION _RNvMNtNtNtCs9k3SxhrAWiO_3std2io8buffered9bufreaderINtB2_9BufReaderINtNtCs6i54tJFfzR_5alloc5boxed3BoxDNtB6_4ReadEL_EE13with_capacityCsdTd832gKU3b_9uu_expand (<std::io::buffered::bufreader::BufReader<alloc::boxed::Box<dyn std::io::Read>>>::with_capacity)
FUNCTION _RNvMs2_NtCs6i54tJFfzR_5alloc5boxedINtB5_3BoxShE16new_uninit_sliceCsdTd832gKU3b_9uu_expand (<alloc::boxed::Box<[u8]>>::new_uninit_slice)
FUNCTION _RNvXs3_NtNtCs9k3SxhrAWiO_3std2io5stdioNtB5_5StdinNtB7_4Read16is_read_vectoredCsdTd832gKU3b_9uu_expand (<std::io::stdio::Stdin as std::io::Read>::is_read_vectored)
FUNCTION _RNvXs9_NtNtCs9k3SxhrAWiO_3std3ffi6os_strNtB5_8OsStringINtNtCsgxBkk5gSRhY_4core3cmp9PartialEqeE2eqCsdTd832gKU3b_9uu_expand (<std::ffi::os_str::OsString as core::cmp::PartialEq<str>>::eq)
FUNCTION _RNvMNtNtNtCs9k3SxhrAWiO_3std2io8buffered9bufwriterINtB2_9BufWriterNtNtB6_5stdio6StdoutE13with_capacityCsdTd832gKU3b_9uu_expand (<std::io::buffered::bufwriter::BufWriter<std::io::stdio::Stdout>>::with_capacity)
FUNCTION _RNvCsdTd832gKU3b_9uu_expand6uu_app (uu_expand::uu_app)
FUNCTION _RNvXsx_NtCs6i54tJFfzR_5alloc6stringNtB5_6StringNtNtNtCsgxBkk5gSRhY_4core3ops5deref5Deref5derefCsdTd832gKU3b_9uu_expand (<alloc::string::String as core::ops::deref::Deref>::deref)
FUNCTION _RNvMs_NtNtCs4VqSFjx4n5U_12clap_builder7builder7commandNtB4_7Command15infer_long_argsCsdTd832gKU3b_9uu_expand (<clap_builder::builder::command::Command>::infer_long_args)
FUNCTION _RNvMs_NtNtCs4VqSFjx4n5U_12clap_builder7builder7commandNtB4_7Command18args_override_selfCsdTd832gKU3b_9uu_expand (<clap_builder::builder::command::Command>::args_override_self)
FUNCTION _RNvMs0_NtNtCs4VqSFjx4n5U_12clap_builder7builder3argNtB5_3Arg4hideCsdTd832gKU3b_9uu_expand (<clap_builder::builder::arg::Arg>::hide)
FUNCTION _RNvMs1c_NtNtCs4VqSFjx4n5U_12clap_builder7builder12value_parserINtB6_22__infer_ValueParser_forNtNtNtCs9k3SxhrAWiO_3std3ffi6os_str8OsStringE3newCsdTd832gKU3b_9uu_expand (<clap_builder::builder::value_parser::_infer_ValueParser_for<std::ffi::os_str::OsString>>::new)
FUNCTION _RNvXNtNtNtCs4VqSFjx4n5U_12clap_builder7builder12value_parser12impl_preludeRRRRRRINtB4_22__infer_ValueParser_forNtNtNtCs9k3SxhrAWiO_3std3ffi6os_str8OsStringENtB2_25__impls_ValueParserFactory12value_parserCsdTd832gKU3b_9uu_expand (<&&&&&&clap_builder::builder::value_parser::_infer_ValueParser_for<std::ffi::os_str::OsString> as clap_builder::builder::value_parser::impl_prelude::_impls_ValueParserFactory>::value_parser)
FUNCTION _RNvXsd_NtCsgxBkk5gSRhY_4core6markerINtB5_11PhantomDataNtNtNtCs9k3SxhrAWiO_3std3ffi6os_str8OsStringENtNtB7_7default7Default7defaultCsdTd832gKU3b_9uu_expand (<core::marker::PhantomData<std::ffi::os_str::OsString> as core::default::Default>::default)
FUNCTION _RNvMNtNtCs4VqSFjx4n5U_12clap_builder7builder3argNtB2_3Arg13unset_settingCsdTd832gKU3b_9uu_expand (<clap_builder::builder::arg::Arg>::unset_setting)
FUNCTION _RNvMNtNtCs4VqSFjx4n5U_12clap_builder7builder3argNtB2_3Arg7settingCsdTd832gKU3b_9uu_expand (<clap_builder::builder::arg::Arg>::setting)
FUNCTION _RNvMs0_NtNtCs4VqSFjx4n5U_12clap_builder7builder7commandNtB5_7Command20unset_global_settingCsdTd832gKU3b_9uu_expand (<clap_builder::builder::command::Command>::unset_global_setting)
FUNCTION _RNvMs0_NtNtCs4VqSFjx4n5U_12clap_builder7builder7commandNtB5_7Command14global_settingCsdTd832gKU3b_9uu_expand (<clap_builder::builder::command::Command>::global_setting)
FUNCTION _RNvMNtCsgxBkk5gSRhY_4core5sliceSj4lastCsdTd832gKU3b_9uu_expand (<[usize]>::last)
FUNCTION _RNvMs_CsdTd832gKU3b_9uu_expandNtB4_7Options3new (<uu_expand::Options>::new)
FUNCTION _RNvNvMs_NtCs6i54tJFfzR_5alloc3vecINtB6_3VecppE17from_raw_parts_in18precondition_checkCsdTd832gKU3b_9uu_expand (<alloc::vec::Vec<_, _>>::from_raw_parts_in::precondition_check)
FUNCTION _RNvCsdTd832gKU3b_9uu_expand14tabstops_parse (uu_expand::tabstops_parse)
{"function": "_RNvCsdTd832gKU3b_9uu_expand14tabstops_parse", "function_demangled": "uu_expand::tabstops_parse", "header": "bb10", "depth": 1, "latch_count": 2, "subloop_count": 1, "src_loc": [{"col":17,"dir":"/workspaces/Thesis/.build/uutils-coreutils","file":"src/uu/expand/src/expand.rs","line":84}]}
{"function": "_RNvCsdTd832gKU3b_9uu_expand14tabstops_parse", "function_demangled": "uu_expand::tabstops_parse", "header": "bb17", "depth": 2, "latch_count": 2, "subloop_count": 0, "src_loc": [{"col":18,"dir":"/workspaces/Thesis/.build/uutils-coreutils","file":"src/uu/expand/src/expand.rs","line":86}]}
FUNCTION _RNvXsp_NtCsgxBkk5gSRhY_4core6resultINtB5_6ResultTNtCsdTd832gKU3b_9uu_expand13RemainingModeINtNtCs6i54tJFfzR_5alloc3vec3VecjEENtBN_10ParseErrorENtNtNtB7_3ops9try_trait3Try6branchBN_ (<core::result::Result<(uu_expand::RemainingMode, alloc::vec::Vec<usize>), uu_expand::ParseError> as core::ops::try_trait::Try>::branch)
FUNCTION _RNvXsq_NtCsgxBkk5gSRhY_4core6resultINtB5_6ResultNtCsdTd832gKU3b_9uu_expand7OptionsNtBM_10ParseErrorEINtNtNtB7_3ops9try_trait12FromResidualIBy_NtNtB7_7convert10InfallibleB1i_EE13from_residualBM_ (<core::result::Result<uu_expand::Options, uu_expand::ParseError> as core::ops::try_trait::FromResidual<core::result::Result<core::convert::Infallible, uu_expand::ParseError>>>::from_residual)
FUNCTION _RNvXNtNtNtCsgxBkk5gSRhY_4core4iter6traits7collectINtNtNtB8_3str4iter5SplitAcj3_ENtB2_12IntoIterator9into_iterCsdTd832gKU3b_9uu_expand (<core::str::iter::Split<[char; 3]> as core::iter::traits::collect::IntoIterator>::into_iter)
FUNCTION _RNvXsX_NtNtCsgxBkk5gSRhY_4core3str4iterINtB5_5SplitAcj3_ENtNtNtNtB9_4iter6traits8iterator8Iterator4nextCsdTd832gKU3b_9uu_expand (<core::str::iter::Split<[char; 3]> as core::iter::traits::iterator::Iterator>::next)
FUNCTION _RNvMs_NtCs6i54tJFfzR_5alloc3vecINtB4_3VecjE8is_emptyCsdTd832gKU3b_9uu_expand (<alloc::vec::Vec<usize>>::is_empty)
FUNCTION _RNvMs_NtCs6i54tJFfzR_5alloc3vecINtB4_3VecjE3lenCsdTd832gKU3b_9uu_expand (<alloc::vec::Vec<usize>>::len)
FUNCTION _RNvMs3_NtNtCsgxBkk5gSRhY_4core3num5errorNtB5_13ParseIntError4kindCsdTd832gKU3b_9uu_expand (<core::num::error::ParseIntError>::kind)
FUNCTION _RNvYNtCsdTd832gKU3b_9uu_expand13RemainingModeNtNtCsgxBkk5gSRhY_4core3cmp9PartialEq2neB4_ (<uu_expand::RemainingMode as core::cmp::PartialEq>::ne)
FUNCTION _RNvXs1_CsdTd832gKU3b_9uu_expandNtB5_13RemainingModeNtNtCsgxBkk5gSRhY_4core3cmp9PartialEq2eqB5_ (<uu_expand::RemainingMode as core::cmp::PartialEq>::eq)
FUNCTION _RNvXsm_NtNtCsgxBkk5gSRhY_4core3num5errorNtB5_12IntErrorKindNtNtB9_3cmp9PartialEq2eqCsdTd832gKU3b_9uu_expand (<core::num::error::IntErrorKind as core::cmp::PartialEq>::eq)
FUNCTION _RNvXs9_NtNtCsgxBkk5gSRhY_4core3str5errorNtB5_9Utf8ErrorNtNtB9_3fmt5Debug3fmtCsdTd832gKU3b_9uu_expand (<core::str::error::Utf8Error as core::fmt::Debug>::fmt)
FUNCTION _RNvXsZ_NtNtCsgxBkk5gSRhY_4core3fmt3numjNtB7_5Debug3fmtCsdTd832gKU3b_9uu_expand (<usize as core::fmt::Debug>::fmt)
FUNCTION _RNvMsf_NtNtCsgxBkk5gSRhY_4core3str4iterINtB5_13SplitInternalAcj3_E4nextCsdTd832gKU3b_9uu_expand (<core::str::iter::SplitInternal<[char; 3]>>::next)
FUNCTION _RNvXsc_NtNtCsgxBkk5gSRhY_4core3str7patternINtB5_17CharArraySearcherKj3_ENtB5_8Searcher8haystackCsdTd832gKU3b_9uu_expand (<core::str::pattern::CharArraySearcher<3> as core::str::pattern::Searcher>::haystack)
FUNCTION _RNvXsc_NtNtCsgxBkk5gSRhY_4core3str7patternINtB5_17CharArraySearcherKj3_ENtB5_8Searcher10next_matchCsdTd832gKU3b_9uu_expand (<core::str::pattern::CharArraySearcher<3> as core::str::pattern::Searcher>::next_match)
FUNCTION _RNvMsf_NtNtCsgxBkk5gSRhY_4core3str4iterINtB5_13SplitInternalAcj3_E7get_endCsdTd832gKU3b_9uu_expand (<core::str::iter::SplitInternal<[char; 3]>>::get_end)
FUNCTION _RNvYINtNtNtCsgxBkk5gSRhY_4core3str7pattern19MultiCharEqSearcherAcj3_ENtB5_8Searcher10next_matchCsdTd832gKU3b_9uu_expand (<core::str::pattern::MultiCharEqSearcher<[char; 3]> as core::str::pattern::Searcher>::next_match)
{"function": "_RNvYINtNtNtCsgxBkk5gSRhY_4core3str7pattern19MultiCharEqSearcherAcj3_ENtB5_8Searcher10next_matchCsdTd832gKU3b_9uu_expand", "function_demangled": "<core::str::pattern::MultiCharEqSearcher<[char; 3]> as core::str::pattern::Searcher>::next_match", "header": "bb1", "depth": 1, "latch_count": 1, "subloop_count": 0, "src_loc": [{"col":13,"dir":"/rustc/48a229ceaefd4985c50990b14116b6d856af0985","file":"library/core/src/str/pattern.rs","line":251}]}
FUNCTION _RNvXs4_CsdTd832gKU3b_9uu_expandNtB5_10ParseErrorNtNtCsgxBkk5gSRhY_4core3fmt7Display3fmt (<uu_expand::ParseError as core::fmt::Display>::fmt)
FUNCTION _RNvMsa_NtCsgxBkk5gSRhY_4core3fmtNtB5_9Formatter9write_fmtCsdTd832gKU3b_9uu_expand (<core::fmt::Formatter>::write_fmt)
FUNCTION _RNvMs4_NtCsgxBkk5gSRhY_4core3fmtNtB5_9Arguments23as_statically_known_strCsdTd832gKU3b_9uu_expand (<core::fmt::Arguments>::as_statically_known_str)
