FUNCTION _RINvNtCs9k3SxhrAWiO_3std2rt10lang_startuECs1dPCSYNd95o_2nl (std::rt::lang_start::<()>)
FUNCTION _RNSNvYNCINvNtCs9k3SxhrAWiO_3std2rt10lang_startuE0INtNtNtCsgxBkk5gSRhY_4core3ops8function6FnOnceuE9call_once6vtableCs1dPCSYNd95o_2nl (<std::rt::lang_start<()>::{closure#0} as core::ops::function::FnOnce<()>>::call_once::{shim:vtable#0})
FUNCTION _RNCINvNtCs9k3SxhrAWiO_3std2rt10lang_startuE0Cs1dPCSYNd95o_2nl (std::rt::lang_start::<()>::{closure#0})
FUNCTION _RINvNtNtCs9k3SxhrAWiO_3std3sys9backtrace28___rust_begin_short_backtraceFEuuECs1dPCSYNd95o_2nl (std::sys::backtrace::__rust_begin_short_backtrace::<fn(), ()>)
FUNCTION _RNvXsU_NtCs9k3SxhrAWiO_3std7processuNtB5_11Termination6reportCs1dPCSYNd95o_2nl (<() as std::process::Termination>::report)
FUNCTION _RNvYFEuINtNtNtCsgxBkk5gSRhY_4core3ops8function6FnOnceuE9call_onceCs1dPCSYNd95o_2nl (<fn() as core::ops::function::FnOnce<()>>::call_once)
FUNCTION _RNvYNCINvNtCs9k3SxhrAWiO_3std2rt10lang_startuE0INtNtNtCsgxBkk5gSRhY_4core3ops8function6FnOnceuE9call_onceCs1dPCSYNd95o_2nl (<std::rt::lang_start<()>::{closure#0} as core::ops::function::FnOnce<()>>::call_once)
FUNCTION _RNvCs1dPCSYNd95o_2nl4main (nl::main)
FUNCTION _RINvMNtCsgxBkk5gSRhY_4core6resultINtB3_6ResultuNtNtNtCs2YF497ZVQEG_6uucore4mods6locale17LocalizationErrorE14unwrap_or_elseNCNvCs1dPCSYNd95o_2nl4main0EB20_ (<core::result::Result<(), uucore::mods::locale::LocalizationError>>::unwrap_or_else::<nl::main::{closure#0}>)
FUNCTION _RINvCsL1Yq96M8oh_5uu_nl6uumainINtNtNtNtCsgxBkk5gSRhY_4core4iter8adapters6cloned6ClonedINtNtNtBB_5slice4iter4IterNtNtNtCs9k3SxhrAWiO_3std3ffi6os_str8OsStringEEECs1dPCSYNd95o_2nl (uu_nl::uumain::<core::iter::adapters::cloned::Cloned<core::slice::iter::Iter<std::ffi::os_str::OsString>>>)
FUNCTION _RINvMs2_NtCsgxBkk5gSRhY_4core3fmtNtB6_9Arguments3newKj1c_Kj1_ECs1dPCSYNd95o_2nl (<core::fmt::Arguments>::new::<28, 1>)
FUNCTION _RNvMNtCsgxBkk5gSRhY_4core6resultINtB2_6ResultuNtNtNtCsbRzQFPXpg46_3nix5errno6consts5ErrnoE6expectCs1dPCSYNd95o_2nl (<core::result::Result<(), nix::errno::consts::Errno>>::expect)
FUNCTION _RINvNvCsL1Yq96M8oh_5uu_nl6uumain6uumainINtNtNtNtCsgxBkk5gSRhY_4core4iter8adapters6cloned6ClonedINtNtNtBK_5slice4iter4IterNtNtNtCs9k3SxhrAWiO_3std3ffi6os_str8OsStringEEECs1dPCSYNd95o_2nl (uu_nl::uumain::uumain::<core::iter::adapters::cloned::Cloned<core::slice::iter::Iter<std::ffi::os_str::OsString>>>)
{"function": "_RINvNvCsL1Yq96M8oh_5uu_nl6uumain6uumainINtNtNtNtCsgxBkk5gSRhY_4core4iter8adapters6cloned6ClonedINtNtNtBK_5slice4iter4IterNtNtNtCs9k3SxhrAWiO_3std3ffi6os_str8OsStringEEECs1dPCSYNd95o_2nl", "function_demangled": "uu_nl::uumain::uumain::<core::iter::adapters::cloned::Cloned<core::slice::iter::Iter<std::ffi::os_str::OsString>>>", "header": "bb32", "depth": 1, "latch_count": 4, "subloop_count": 0, "src_loc": [{"col":17,"dir":"/workspaces/Thesis/.build/uutils-coreutils","file":"src/uu/nl/src/nl.rs","line":243}]}
FUNCTION _RINvMNtNtCsgxBkk5gSRhY_4core3fmt2rtNtB3_8Argument11new_displayINtNtCs6i54tJFfzR_5alloc5boxed3BoxDNtNtNtCs2YF497ZVQEG_6uucore4mods5error6UErrorEL_EECs1dPCSYNd95o_2nl (<core::fmt::rt::Argument>::new_display::<alloc::boxed::Box<dyn uucore::mods::error::UError>>)
FUNCTION _RINvNtCsgxBkk5gSRhY_4core3ptr9drop_glueINtNtCs6i54tJFfzR_5alloc5boxed3BoxDNtNtNtCs2YF497ZVQEG_6uucore4mods5error6UErrorEL_EECs1dPCSYNd95o_2nl (core::ptr::drop_glue::<alloc::boxed::Box<dyn uucore::mods::error::UError>>)
FUNCTION _RNvNtCs6i54tJFfzR_5alloc3fmt6formatCs1dPCSYNd95o_2nl (alloc::fmt::format)
FUNCTION _RNvXs1y_NtCs6i54tJFfzR_5alloc6stringNtB6_6StringINtNtCsgxBkk5gSRhY_4core3cmp9PartialEqReE2neCs1dPCSYNd95o_2nl (<alloc::string::String as core::cmp::PartialEq<&str>>::ne)
FUNCTION _RNvNtNtCs9k3SxhrAWiO_3std2io5stdio6stderrCs1dPCSYNd95o_2nl (std::io::stdio::stderr)
FUNCTION _RNvNvNtNtCsgxBkk5gSRhY_4core5slice3raw14from_raw_parts18precondition_checkCs1dPCSYNd95o_2nl (core::slice::raw::from_raw_parts::precondition_check)
FUNCTION _RNvXs8_NtCs6i54tJFfzR_5alloc5boxedINtB5_3BoxDNtNtNtCs2YF497ZVQEG_6uucore4mods5error6UErrorEL_ENtNtNtCsgxBkk5gSRhY_4core3ops4drop4Drop4dropCs1dPCSYNd95o_2nl (<alloc::boxed::Box<dyn uucore::mods::error::UError> as core::ops::drop::Drop>::drop)
FUNCTION _RNvNvMNtNtCsgxBkk5gSRhY_4core3mem9alignmentNtB4_9Alignment13new_unchecked18precondition_checkCs1dPCSYNd95o_2nl (<core::mem::alignment::Alignment>::new_unchecked::precondition_check)
FUNCTION _RNvNvMNtNtCsgxBkk5gSRhY_4core5alloc6layoutNtB4_6Layout29from_size_alignment_unchecked18precondition_checkCs1dPCSYNd95o_2nl (<core::alloc::layout::Layout>::from_size_alignment_unchecked::precondition_check)
FUNCTION _RNvXs_NtCs6i54tJFfzR_5alloc5allocNtB4_6GlobalNtNtCsgxBkk5gSRhY_4core5alloc9Allocator10deallocateCs1dPCSYNd95o_2nl (<alloc::alloc::Global as core::alloc::Allocator>::deallocate)
FUNCTION _RNvXsm_NtCs6i54tJFfzR_5alloc5boxedINtB5_3BoxDNtNtNtCs2YF497ZVQEG_6uucore4mods5error6UErrorEL_ENtNtCsgxBkk5gSRhY_4core3fmt7Display3fmtCs1dPCSYNd95o_2nl (<alloc::boxed::Box<dyn uucore::mods::error::UError> as core::fmt::Display>::fmt)
FUNCTION _RINvNtNtCs2YF497ZVQEG_6uucore4mods17clap_localization18handle_clap_resultINtNtNtNtCsgxBkk5gSRhY_4core4iter8adapters6cloned6ClonedINtNtNtB1i_5slice4iter4IterNtNtNtCs9k3SxhrAWiO_3std3ffi6os_str8OsStringEEB2u_ECs1dPCSYNd95o_2nl (uucore::mods::clap_localization::handle_clap_result::<core::iter::adapters::cloned::Cloned<core::slice::iter::Iter<std::ffi::os_str::OsString>>, std::ffi::os_str::OsString>)
FUNCTION _RNvXsq_NtCsgxBkk5gSRhY_4core6resultINtB5_6ResultuINtNtCs6i54tJFfzR_5alloc5boxed3BoxDNtNtNtCs2YF497ZVQEG_6uucore4mods5error6UErrorEL_EEINtNtNtB7_3ops9try_trait12FromResidualIBy_NtNtB7_7convert10InfallibleBL_EE13from_residualCs1dPCSYNd95o_2nl (<core::result::Result<(), alloc::boxed::Box<dyn uucore::mods::error::UError>> as core::ops::try_trait::FromResidual<core::result::Result<core::convert::Infallible, alloc::boxed::Box<dyn uucore::mods::error::UError>>>>::from_residual)
FUNCTION _RINvNtCsgxBkk5gSRhY_4core3ptr9drop_glueNtCsL1Yq96M8oh_5uu_nl8SettingsECs1dPCSYNd95o_2nl (core::ptr::drop_glue::<uu_nl::Settings>)
FUNCTION _RINvMNtNtNtCscGCs1NCPc8C_12clap_builder6parser7matches11arg_matchesNtB3_10ArgMatches8get_manyNtNtNtCs9k3SxhrAWiO_3std3ffi6os_str8OsStringECs1dPCSYNd95o_2nl (<clap_builder::parser::matches::arg_matches::ArgMatches>::get_many::<std::ffi::os_str::OsString>)
FUNCTION _RINvMs_NtNtCs2YF497ZVQEG_6uucore4mods5errorNtB5_12USimpleError3newNtNtCs6i54tJFfzR_5alloc6string6StringECs1dPCSYNd95o_2nl (<uucore::mods::error::USimpleError>::new::<alloc::string::String>)
FUNCTION _RINvYINtNtNtNtCscGCs1NCPc8C_12clap_builder6parser7matches11arg_matches9ValuesRefNtNtNtCs9k3SxhrAWiO_3std3ffi6os_str8OsStringENtNtNtNtCsgxBkk5gSRhY_4core4iter6traits8iterator8Iterator6clonedB1g_ECs1dPCSYNd95o_2nl (<clap_builder::parser::matches::arg_matches::ValuesRef<std::ffi::os_str::OsString> as core::iter::traits::iterator::Iterator>::cloned::<std::ffi::os_str::OsString>)
FUNCTION _RNvNtCs6i54tJFfzR_5alloc5boxed14box_new_uninitCs1dPCSYNd95o_2nl (alloc::boxed::box_new_uninit)
FUNCTION _RNvNvMs_NtCs6i54tJFfzR_5alloc3vecINtB6_3VecppE17from_raw_parts_in18precondition_checkCs1dPCSYNd95o_2nl (<alloc::vec::Vec<_, _>>::from_raw_parts_in::precondition_check)
FUNCTION _RNvNvMs1_NtNtCsgxBkk5gSRhY_4core3ptr8non_nullINtB7_7NonNullpE13new_unchecked18precondition_checkCs1dPCSYNd95o_2nl (<core::ptr::non_null::NonNull<_>>::new_unchecked::precondition_check)
FUNCTION _RINvYINtNtNtNtCsgxBkk5gSRhY_4core4iter8adapters6cloned6ClonedINtNtNtNtCscGCs1NCPc8C_12clap_builder6parser7matches11arg_matches9ValuesRefNtNtNtCs9k3SxhrAWiO_3std3ffi6os_str8OsStringEENtNtNtBa_6traits8iterator8Iterator7collectINtNtCs6i54tJFfzR_5alloc3vec3VecB2a_EECs1dPCSYNd95o_2nl (<core::iter::adapters::cloned::Cloned<clap_builder::parser::matches::arg_matches::ValuesRef<std::ffi::os_str::OsString>> as core::iter::traits::iterator::Iterator>::collect::<alloc::vec::Vec<std::ffi::os_str::OsString>>)
FUNCTION _RNvXs7_NtNtCsgxBkk5gSRhY_4core3cmp5implsRNtNtNtCs9k3SxhrAWiO_3std3ffi6os_str8OsStringINtB7_9PartialEqReE2eqCs1dPCSYNd95o_2nl (<&std::ffi::os_str::OsString as core::cmp::PartialEq<&str>>::eq)
FUNCTION _RINvMs2_NtCs9k3SxhrAWiO_3std2fsNtB6_4File4openRNtNtB8_4path4PathECs1dPCSYNd95o_2nl (<std::fs::File>::open::<&std::path::Path>)
FUNCTION _RNvMNtNtNtCs9k3SxhrAWiO_3std2io8buffered9bufreaderINtB2_9BufReaderNtNtB8_2fs4FileE3newCs1dPCSYNd95o_2nl (<std::io::buffered::bufreader::BufReader<std::fs::File>>::new)
FUNCTION _RINvCsL1Yq96M8oh_5uu_nl2nlNtNtCs9k3SxhrAWiO_3std2fs4FileECs1dPCSYNd95o_2nl (uu_nl::nl::<std::fs::File>)
{"function": "_RINvCsL1Yq96M8oh_5uu_nl2nlNtNtCs9k3SxhrAWiO_3std2fs4FileECs1dPCSYNd95o_2nl", "function_demangled": "uu_nl::nl::<std::fs::File>", "header": "bb6", "depth": 1, "latch_count": 2, "subloop_count": 1, "src_loc": [{"col":14,"dir":"/workspaces/Thesis/.build/uutils-coreutils","file":"src/uu/nl/src/nl.rs","line":400}]}
{"function": "_RINvCsL1Yq96M8oh_5uu_nl2nlNtNtCs9k3SxhrAWiO_3std2fs4FileECs1dPCSYNd95o_2nl", "function_demangled": "uu_nl::nl::<std::fs::File>", "header": "bb79", "depth": 2, "latch_count": 1, "subloop_count": 0, "src_loc": [{"col":23,"dir":"/workspaces/Thesis/.build/uutils-coreutils","file":"src/uu/nl/src/nl.rs","line":470}]}
FUNCTION _RINvNtCsgxBkk5gSRhY_4core3ptr9drop_glueINtNtNtNtCs9k3SxhrAWiO_3std2io8buffered9bufreader9BufReaderNtNtBK_2fs4FileEECs1dPCSYNd95o_2nl (core::ptr::drop_glue::<std::io::buffered::bufreader::BufReader<std::fs::File>>)
FUNCTION _RNvXsp_NtCsgxBkk5gSRhY_4core6resultINtB5_6ResultuINtNtCs6i54tJFfzR_5alloc5boxed3BoxDNtNtNtCs2YF497ZVQEG_6uucore4mods5error6UErrorEL_EENtNtNtB7_3ops9try_trait3Try6branchCs1dPCSYNd95o_2nl (<core::result::Result<(), alloc::boxed::Box<dyn uucore::mods::error::UError>> as core::ops::try_trait::Try>::branch)
FUNCTION _RINvXsb_NtNtCs2YF497ZVQEG_6uucore4mods5errorNtNtNtCsgxBkk5gSRhY_4core2io5error5ErrorINtB6_6FromIoINtNtCs6i54tJFfzR_5alloc5boxed3BoxNtB6_8UIoErrorEE15map_err_contextNCINvNvCsL1Yq96M8oh_5uu_nl6uumain6uumainINtNtNtNtBM_4iter8adapters6cloned6ClonedINtNtNtBM_5slice4iter4IterNtNtNtCs9k3SxhrAWiO_3std3ffi6os_str8OsStringEEE0ECs1dPCSYNd95o_2nl (<core::io::error::Error as uucore::mods::error::FromIo<alloc::boxed::Box<uucore::mods::error::UIoError>>>::map_err_context::<uu_nl::uumain::uumain<core::iter::adapters::cloned::Cloned<core::slice::iter::Iter<std::ffi::os_str::OsString>>>::{closure#0}>)
FUNCTION _RINvNtCsgxBkk5gSRhY_4core3ptr9drop_glueINtNtCs6i54tJFfzR_5alloc5boxed3BoxNtNtNtCs2YF497ZVQEG_6uucore4mods5error8UIoErrorEECs1dPCSYNd95o_2nl (core::ptr::drop_glue::<alloc::boxed::Box<uucore::mods::error::UIoError>>)
FUNCTION _RINvMNtNtCsgxBkk5gSRhY_4core3fmt2rtNtB3_8Argument11new_displayINtNtCs6i54tJFfzR_5alloc5boxed3BoxNtNtNtCs2YF497ZVQEG_6uucore4mods5error8UIoErrorEECs1dPCSYNd95o_2nl (<core::fmt::rt::Argument>::new_display::<alloc::boxed::Box<uucore::mods::error::UIoError>>)
FUNCTION _RNvYNtNtCs9k3SxhrAWiO_3std4path4PathNtNtCshCYJtwdHXUA_10os_display6native8Quotable11maybe_quoteCs1dPCSYNd95o_2nl (<std::path::Path as os_display::native::Quotable>::maybe_quote)
FUNCTION _RNvXsB_NtCs6i54tJFfzR_5alloc6stringNtCshCYJtwdHXUA_10os_display6QuotedNtB5_8ToString9to_stringCs1dPCSYNd95o_2nl (<os_display::Quoted as alloc::string::ToString>::to_string)
FUNCTION _RNvXsx_NtCs6i54tJFfzR_5alloc6stringNtB5_6StringNtNtNtCsgxBkk5gSRhY_4core3ops5deref5Deref5derefCs1dPCSYNd95o_2nl (<alloc::string::String as core::ops::deref::Deref>::deref)
FUNCTION _RNvMNtNtNtCs9k3SxhrAWiO_3std2io8buffered9bufreaderINtB2_9BufReaderNtNtB6_5stdio5StdinE3newCs1dPCSYNd95o_2nl (<std::io::buffered::bufreader::BufReader<std::io::stdio::Stdin>>::new)
FUNCTION _RINvCsL1Yq96M8oh_5uu_nl2nlNtNtNtCs9k3SxhrAWiO_3std2io5stdio5StdinECs1dPCSYNd95o_2nl (uu_nl::nl::<std::io::stdio::Stdin>)
{"function": "_RINvCsL1Yq96M8oh_5uu_nl2nlNtNtNtCs9k3SxhrAWiO_3std2io5stdio5StdinECs1dPCSYNd95o_2nl", "function_demangled": "uu_nl::nl::<std::io::stdio::Stdin>", "header": "bb6", "depth": 1, "latch_count": 2, "subloop_count": 1, "src_loc": [{"col":14,"dir":"/workspaces/Thesis/.build/uutils-coreutils","file":"src/uu/nl/src/nl.rs","line":400}]}
{"function": "_RINvCsL1Yq96M8oh_5uu_nl2nlNtNtNtCs9k3SxhrAWiO_3std2io5stdio5StdinECs1dPCSYNd95o_2nl", "function_demangled": "uu_nl::nl::<std::io::stdio::Stdin>", "header": "bb79", "depth": 2, "latch_count": 1, "subloop_count": 0, "src_loc": [{"col":23,"dir":"/workspaces/Thesis/.build/uutils-coreutils","file":"src/uu/nl/src/nl.rs","line":470}]}
FUNCTION _RINvNtCsgxBkk5gSRhY_4core3ptr9drop_glueINtNtNtNtCs9k3SxhrAWiO_3std2io8buffered9bufreader9BufReaderNtNtBI_5stdio5StdinEECs1dPCSYNd95o_2nl (core::ptr::drop_glue::<std::io::buffered::bufreader::BufReader<std::io::stdio::Stdin>>)
FUNCTION _RINvNtCsgxBkk5gSRhY_4core3ptr9drop_glueNtNtNtNtNtCs9k3SxhrAWiO_3std2io8buffered9bufreader6buffer6BufferECs1dPCSYNd95o_2nl (core::ptr::drop_glue::<std::io::buffered::bufreader::buffer::Buffer>)
FUNCTION _RINvNtCsgxBkk5gSRhY_4core3ptr9drop_glueINtNtCs6i54tJFfzR_5alloc5boxed3BoxSINtNtNtB4_3mem12maybe_uninit11MaybeUninithEEECs1dPCSYNd95o_2nl (core::ptr::drop_glue::<alloc::boxed::Box<[core::mem::maybe_uninit::MaybeUninit<u8>]>>)
FUNCTION _RNvXs8_NtCs6i54tJFfzR_5alloc5boxedINtB5_3BoxSINtNtNtCsgxBkk5gSRhY_4core3mem12maybe_uninit11MaybeUninithEENtNtNtBO_3ops4drop4Drop4dropCs1dPCSYNd95o_2nl (<alloc::boxed::Box<[core::mem::maybe_uninit::MaybeUninit<u8>]> as core::ops::drop::Drop>::drop)
FUNCTION _RNvMNtNtNtCs9k3SxhrAWiO_3std2io8buffered9bufwriterINtB2_9BufWriterNtNtB6_5stdio6StdoutE3newCs1dPCSYNd95o_2nl (<std::io::buffered::bufwriter::BufWriter<std::io::stdio::Stdout>>::new)
FUNCTION _RINvNtCsgxBkk5gSRhY_4core3ptr9drop_glueINtNtNtNtCs9k3SxhrAWiO_3std2io8buffered9bufwriter9BufWriterNtNtBI_5stdio6StdoutEECs1dPCSYNd95o_2nl (core::ptr::drop_glue::<std::io::buffered::bufwriter::BufWriter<std::io::stdio::Stdout>>)
FUNCTION _RNvYINtNtNtNtCs9k3SxhrAWiO_3std2io8buffered9bufreader9BufReaderNtNtB9_5stdio5StdinENtB9_7BufRead10read_untilCs1dPCSYNd95o_2nl (<std::io::buffered::bufreader::BufReader<std::io::stdio::Stdin> as std::io::BufRead>::read_until)
FUNCTION _RNvXs4_NtNtNtCs9k3SxhrAWiO_3std2io8buffered9bufwriterINtB5_9BufWriterNtNtB9_5stdio6StdoutENtB9_5Write5flushCs1dPCSYNd95o_2nl (<std::io::buffered::bufwriter::BufWriter<std::io::stdio::Stdout> as std::io::Write>::flush)
FUNCTION _RINvMs_NtCs6i54tJFfzR_5alloc3vecINtB5_3VechE6pop_ifNCINvCsL1Yq96M8oh_5uu_nl2nlNtNtNtCs9k3SxhrAWiO_3std2io5stdio5StdinE0ECs1dPCSYNd95o_2nl (<alloc::vec::Vec<u8>>::pop_if::<uu_nl::nl<std::io::stdio::Stdin>::{closure#0}>)
FUNCTION _RNvMs_NtCs6i54tJFfzR_5alloc3vecINtB4_3VechE8is_emptyCs1dPCSYNd95o_2nl (<alloc::vec::Vec<u8>>::is_empty)
FUNCTION _RNvXs3_NtNtCs9k3SxhrAWiO_3std3ffi6os_strNtB5_8OsStringNtNtNtCsgxBkk5gSRhY_4core3ops5deref5Deref5derefCs1dPCSYNd95o_2nl (<std::ffi::os_str::OsString as core::ops::deref::Deref>::deref)
FUNCTION _RNvMs4_NtCsgxBkk5gSRhY_4core3fmtNtB5_9Arguments8from_strCs1dPCSYNd95o_2nl (<core::fmt::Arguments>::from_str)
FUNCTION _RNvYINtNtNtNtCs9k3SxhrAWiO_3std2io8buffered9bufwriter9BufWriterNtNtB9_5stdio6StdoutENtB9_5Write9write_fmtCs1dPCSYNd95o_2nl (<std::io::buffered::bufwriter::BufWriter<std::io::stdio::Stdout> as std::io::Write>::write_fmt)
FUNCTION _RINvXsc_NtNtCs2YF497ZVQEG_6uucore4mods5errorINtNtCsgxBkk5gSRhY_4core6result6ResultuNtNtNtBL_2io5error5ErrorEINtB6_6FromIoIBH_uINtNtCs6i54tJFfzR_5alloc5boxed3BoxDNtB6_6UErrorEL_EEE15map_err_contextNCINvCsL1Yq96M8oh_5uu_nl2nlNtNtNtCs9k3SxhrAWiO_3std2io5stdio5StdinEs_0ECs1dPCSYNd95o_2nl (<core::result::Result<(), core::io::error::Error> as uucore::mods::error::FromIo<core::result::Result<(), alloc::boxed::Box<dyn uucore::mods::error::UError>>>>::map_err_context::<uu_nl::nl<std::io::stdio::Stdin>::{closure#1}>)
FUNCTION _RNvMs7_NtCsgxBkk5gSRhY_4core3numy14is_multiple_ofCs1dPCSYNd95o_2nl (<u64>::is_multiple_of)
FUNCTION _RNvMs3_NtNtCs2BAm4Hpwumr_5regex5regex5bytesNtB5_5Regex8is_matchCs1dPCSYNd95o_2nl (<regex::regex::bytes::Regex>::is_match)
FUNCTION _RINvMNtCsgxBkk5gSRhY_4core6optionINtB3_6OptionxE10ok_or_elseINtNtCs6i54tJFfzR_5alloc5boxed3BoxDNtNtNtCs2YF497ZVQEG_6uucore4mods5error6UErrorEL_ENCINvCsL1Yq96M8oh_5uu_nl2nlNtNtNtCs9k3SxhrAWiO_3std2io5stdio5StdinEs0_0ECs1dPCSYNd95o_2nl (<core::option::Option<i64>>::ok_or_else::<alloc::boxed::Box<dyn uucore::mods::error::UError>, uu_nl::nl<std::io::stdio::Stdin>::{closure#2}>)
FUNCTION _RNvXsc_NtCs6i54tJFfzR_5alloc3vecINtB5_3VechEINtNtNtCsgxBkk5gSRhY_4core3ops5index5IndexINtNtBL_5range7RangeTojEE5indexCs1dPCSYNd95o_2nl (<alloc::vec::Vec<u8> as core::ops::index::Index<core::ops::range::RangeTo<usize>>>::index)
FUNCTION _RNvXs4_NtNtNtCs9k3SxhrAWiO_3std2io8buffered9bufwriterINtB5_9BufWriterNtNtB9_5stdio6StdoutENtB9_5Write9write_allCs1dPCSYNd95o_2nl (<std::io::buffered::bufwriter::BufWriter<std::io::stdio::Stdout> as std::io::Write>::write_all)
FUNCTION _RINvXsc_NtNtCs2YF497ZVQEG_6uucore4mods5errorINtNtCsgxBkk5gSRhY_4core6result6ResultuNtNtNtBL_2io5error5ErrorEINtB6_6FromIoIBH_uINtNtCs6i54tJFfzR_5alloc5boxed3BoxDNtB6_6UErrorEL_EEE15map_err_contextNCINvCsL1Yq96M8oh_5uu_nl2nlNtNtNtCs9k3SxhrAWiO_3std2io5stdio5StdinEs3_0ECs1dPCSYNd95o_2nl (<core::result::Result<(), core::io::error::Error> as uucore::mods::error::FromIo<core::result::Result<(), alloc::boxed::Box<dyn uucore::mods::error::UError>>>>::map_err_context::<uu_nl::nl<std::io::stdio::Stdin>::{closure#5}>)
FUNCTION _RNvXsp_NtCsgxBkk5gSRhY_4core6resultINtB5_6ResultxINtNtCs6i54tJFfzR_5alloc5boxed3BoxDNtNtNtCs2YF497ZVQEG_6uucore4mods5error6UErrorEL_EENtNtNtB7_3ops9try_trait3Try6branchCs1dPCSYNd95o_2nl (<core::result::Result<i64, alloc::boxed::Box<dyn uucore::mods::error::UError>> as core::ops::try_trait::Try>::branch)
FUNCTION _RINvMs2_CsL1Yq96M8oh_5uu_nlNtB6_12NumberFormat9format_toINtNtNtNtCs9k3SxhrAWiO_3std2io8buffered9bufwriter9BufWriterNtNtBZ_5stdio6StdoutEECs1dPCSYNd95o_2nl (<uu_nl::NumberFormat>::format_to::<std::io::buffered::bufwriter::BufWriter<std::io::stdio::Stdout>>)
{"function": "_RINvMs2_CsL1Yq96M8oh_5uu_nlNtB6_12NumberFormat9format_toINtNtNtNtCs9k3SxhrAWiO_3std2io8buffered9bufwriter9BufWriterNtNtBZ_5stdio6StdoutEECs1dPCSYNd95o_2nl", "function_demangled": "<uu_nl::NumberFormat>::format_to::<std::io::buffered::bufwriter::BufWriter<std::io::stdio::Stdout>>", "header": "bb14", "depth": 1, "latch_count": 1, "subloop_count": 0, "src_loc": [{"col":26,"dir":"/workspaces/Thesis/.build/uutils-coreutils","file":"src/uu/nl/src/nl.rs","line":132}]}
{"function": "_RINvMs2_CsL1Yq96M8oh_5uu_nlNtB6_12NumberFormat9format_toINtNtNtNtCs9k3SxhrAWiO_3std2io8buffered9bufwriter9BufWriterNtNtBZ_5stdio6StdoutEECs1dPCSYNd95o_2nl", "function_demangled": "<uu_nl::NumberFormat>::format_to::<std::io::buffered::bufwriter::BufWriter<std::io::stdio::Stdout>>", "header": "bb23", "depth": 1, "latch_count": 1, "subloop_count": 0, "src_loc": [{"col":26,"dir":"/workspaces/Thesis/.build/uutils-coreutils","file":"src/uu/nl/src/nl.rs","line":138}]}
{"function": "_RINvMs2_CsL1Yq96M8oh_5uu_nlNtB6_12NumberFormat9format_toINtNtNtNtCs9k3SxhrAWiO_3std2io8buffered9bufwriter9BufWriterNtNtBZ_5stdio6StdoutEECs1dPCSYNd95o_2nl", "function_demangled": "<uu_nl::NumberFormat>::format_to::<std::io::buffered::bufwriter::BufWriter<std::io::stdio::Stdout>>", "header": "bb45", "depth": 1, "latch_count": 1, "subloop_count": 0, "src_loc": [{"col":26,"dir":"/workspaces/Thesis/.build/uutils-coreutils","file":"src/uu/nl/src/nl.rs","line":146}]}
{"function": "_RINvMs2_CsL1Yq96M8oh_5uu_nlNtB6_12NumberFormat9format_toINtNtNtNtCs9k3SxhrAWiO_3std2io8buffered9bufwriter9BufWriterNtNtBZ_5stdio6StdoutEECs1dPCSYNd95o_2nl", "function_demangled": "<uu_nl::NumberFormat>::format_to::<std::io::buffered::bufwriter::BufWriter<std::io::stdio::Stdout>>", "header": "bb59", "depth": 1, "latch_count": 1, "subloop_count": 0, "src_loc": [{"col":26,"dir":"/workspaces/Thesis/.build/uutils-coreutils","file":"src/uu/nl/src/nl.rs","line":153}]}
FUNCTION _RINvXsc_NtNtCs2YF497ZVQEG_6uucore4mods5errorINtNtCsgxBkk5gSRhY_4core6result6ResultuNtNtNtBL_2io5error5ErrorEINtB6_6FromIoIBH_uINtNtCs6i54tJFfzR_5alloc5boxed3BoxDNtB6_6UErrorEL_EEE15map_err_contextNCINvCsL1Yq96M8oh_5uu_nl2nlNtNtNtCs9k3SxhrAWiO_3std2io5stdio5StdinEs1_0ECs1dPCSYNd95o_2nl (<core::result::Result<(), core::io::error::Error> as uucore::mods::error::FromIo<core::result::Result<(), alloc::boxed::Box<dyn uucore::mods::error::UError>>>>::map_err_context::<uu_nl::nl<std::io::stdio::Stdin>::{closure#3}>)
FUNCTION _RNvMsj_NtNtCs9k3SxhrAWiO_3std3ffi6os_strNtB5_5OsStr16as_encoded_bytesCs1dPCSYNd95o_2nl (<std::ffi::os_str::OsStr>::as_encoded_bytes)
FUNCTION _RINvXsc_NtNtCs2YF497ZVQEG_6uucore4mods5errorINtNtCsgxBkk5gSRhY_4core6result6ResultuNtNtNtBL_2io5error5ErrorEINtB6_6FromIoIBH_uINtNtCs6i54tJFfzR_5alloc5boxed3BoxDNtB6_6UErrorEL_EEE15map_err_contextNCINvCsL1Yq96M8oh_5uu_nl2nlNtNtNtCs9k3SxhrAWiO_3std2io5stdio5StdinEs2_0ECs1dPCSYNd95o_2nl (<core::result::Result<(), core::io::error::Error> as uucore::mods::error::FromIo<core::result::Result<(), alloc::boxed::Box<dyn uucore::mods::error::UError>>>>::map_err_context::<uu_nl::nl<std::io::stdio::Stdin>::{closure#4}>)
FUNCTION _RNvMs1_NtCsgxBkk5gSRhY_4core3numx11checked_addCs1dPCSYNd95o_2nl (<i64>::checked_add)
FUNCTION _RINvCsL1Yq96M8oh_5uu_nl10write_lineINtNtNtNtCs9k3SxhrAWiO_3std2io8buffered9bufwriter9BufWriterNtNtBE_5stdio6StdoutEECs1dPCSYNd95o_2nl (uu_nl::write_line::<std::io::buffered::bufwriter::BufWriter<std::io::stdio::Stdout>>)
FUNCTION _RINvXsc_NtNtCs2YF497ZVQEG_6uucore4mods5errorINtNtCsgxBkk5gSRhY_4core6result6ResultuNtNtNtBL_2io5error5ErrorEINtB6_6FromIoIBH_uINtNtCs6i54tJFfzR_5alloc5boxed3BoxDNtB6_6UErrorEL_EEE15map_err_contextNCINvCsL1Yq96M8oh_5uu_nl2nlNtNtNtCs9k3SxhrAWiO_3std2io5stdio5StdinEs4_0ECs1dPCSYNd95o_2nl (<core::result::Result<(), core::io::error::Error> as uucore::mods::error::FromIo<core::result::Result<(), alloc::boxed::Box<dyn uucore::mods::error::UError>>>>::map_err_context::<uu_nl::nl<std::io::stdio::Stdin>::{closure#6}>)
FUNCTION _RINvXsb_NtNtCs2YF497ZVQEG_6uucore4mods5errorNtNtNtCsgxBkk5gSRhY_4core2io5error5ErrorINtB6_6FromIoINtNtCs6i54tJFfzR_5alloc5boxed3BoxNtB6_8UIoErrorEE15map_err_contextNCINvCsL1Yq96M8oh_5uu_nl2nlNtNtNtCs9k3SxhrAWiO_3std2io5stdio5StdinEs6_0ECs1dPCSYNd95o_2nl (<core::io::error::Error as uucore::mods::error::FromIo<alloc::boxed::Box<uucore::mods::error::UIoError>>>::map_err_context::<uu_nl::nl<std::io::stdio::Stdin>::{closure#8}>)
FUNCTION _RINvXsc_NtNtCs2YF497ZVQEG_6uucore4mods5errorINtNtCsgxBkk5gSRhY_4core6result6ResultuNtNtNtBL_2io5error5ErrorEINtB6_6FromIoIBH_uINtNtCs6i54tJFfzR_5alloc5boxed3BoxDNtB6_6UErrorEL_EEE15map_err_contextNCINvCsL1Yq96M8oh_5uu_nl2nlNtNtNtCs9k3SxhrAWiO_3std2io5stdio5StdinEs5_0ECs1dPCSYNd95o_2nl (<core::result::Result<(), core::io::error::Error> as uucore::mods::error::FromIo<core::result::Result<(), alloc::boxed::Box<dyn uucore::mods::error::UError>>>>::map_err_context::<uu_nl::nl<std::io::stdio::Stdin>::{closure#7}>)
FUNCTION _RINvMNtCsgxBkk5gSRhY_4core6resultINtB3_6ResultuNtNtNtB5_2io5error5ErrorE7map_errINtNtCs6i54tJFfzR_5alloc5boxed3BoxDNtNtNtCs2YF497ZVQEG_6uucore4mods5error6UErrorEL_ENCINvXsc_B1R_Bv_INtB1R_6FromIoIBw_uB1g_EE15map_err_contextNCINvCsL1Yq96M8oh_5uu_nl2nlNtNtNtCs9k3SxhrAWiO_3std2io5stdio5StdinEs5_0E0ECs1dPCSYNd95o_2nl (<core::result::Result<(), core::io::error::Error>>::map_err::<alloc::boxed::Box<dyn uucore::mods::error::UError>, <core::result::Result<(), core::io::error::Error> as uucore::mods::error::FromIo<core::result::Result<(), alloc::boxed::Box<dyn uucore::mods::error::UError>>>>::map_err_context<uu_nl::nl<std::io::stdio::Stdin>::{closure#7}>::{closure#0}>)
FUNCTION _RNCINvXsc_NtNtCs2YF497ZVQEG_6uucore4mods5errorINtNtCsgxBkk5gSRhY_4core6result6ResultuNtNtNtBN_2io5error5ErrorEINtB8_6FromIoIBJ_uINtNtCs6i54tJFfzR_5alloc5boxed3BoxDNtB8_6UErrorEL_EEE15map_err_contextNCINvCsL1Yq96M8oh_5uu_nl2nlNtNtNtCs9k3SxhrAWiO_3std2io5stdio5StdinEs5_0E0Cs1dPCSYNd95o_2nl (<core::result::Result<(), core::io::error::Error> as uucore::mods::error::FromIo<core::result::Result<(), alloc::boxed::Box<dyn uucore::mods::error::UError>>>>::map_err_context::<uu_nl::nl<std::io::stdio::Stdin>::{closure#7}>::{closure#0})
FUNCTION _RINvXsb_NtNtCs2YF497ZVQEG_6uucore4mods5errorNtNtNtCsgxBkk5gSRhY_4core2io5error5ErrorINtB6_6FromIoINtNtCs6i54tJFfzR_5alloc5boxed3BoxNtB6_8UIoErrorEE15map_err_contextNCINvCsL1Yq96M8oh_5uu_nl2nlNtNtNtCs9k3SxhrAWiO_3std2io5stdio5StdinEs5_0ECs1dPCSYNd95o_2nl (<core::io::error::Error as uucore::mods::error::FromIo<alloc::boxed::Box<uucore::mods::error::UIoError>>>::map_err_context::<uu_nl::nl<std::io::stdio::Stdin>::{closure#7}>)
FUNCTION _RNvXsx_NtNtCs2YF497ZVQEG_6uucore4mods5errorNtB5_8UIoErrorNtNtCsgxBkk5gSRhY_4core3fmt5Debug3fmtCs1dPCSYNd95o_2nl (<uucore::mods::error::UIoError as core::fmt::Debug>::fmt)
FUNCTION _RNCINvCsL1Yq96M8oh_5uu_nl2nlNtNtNtCs9k3SxhrAWiO_3std2io5stdio5StdinEs5_0Cs1dPCSYNd95o_2nl (uu_nl::nl::<std::io::stdio::Stdin>::{closure#7})
FUNCTION _RNCINvCsL1Yq96M8oh_5uu_nl2nlNtNtNtCs9k3SxhrAWiO_3std2io5stdio5StdinEs6_0Cs1dPCSYNd95o_2nl (uu_nl::nl::<std::io::stdio::Stdin>::{closure#8})
FUNCTION _RINvMNtCsgxBkk5gSRhY_4core6resultINtB3_6ResultuNtNtNtB5_2io5error5ErrorE7map_errINtNtCs6i54tJFfzR_5alloc5boxed3BoxDNtNtNtCs2YF497ZVQEG_6uucore4mods5error6UErrorEL_ENCINvXsc_B1R_Bv_INtB1R_6FromIoIBw_uB1g_EE15map_err_contextNCINvCsL1Yq96M8oh_5uu_nl2nlNtNtNtCs9k3SxhrAWiO_3std2io5stdio5StdinEs4_0E0ECs1dPCSYNd95o_2nl (<core::result::Result<(), core::io::error::Error>>::map_err::<alloc::boxed::Box<dyn uucore::mods::error::UError>, <core::result::Result<(), core::io::error::Error> as uucore::mods::error::FromIo<core::result::Result<(), alloc::boxed::Box<dyn uucore::mods::error::UError>>>>::map_err_context<uu_nl::nl<std::io::stdio::Stdin>::{closure#6}>::{closure#0}>)
FUNCTION _RNCINvXsc_NtNtCs2YF497ZVQEG_6uucore4mods5errorINtNtCsgxBkk5gSRhY_4core6result6ResultuNtNtNtBN_2io5error5ErrorEINtB8_6FromIoIBJ_uINtNtCs6i54tJFfzR_5alloc5boxed3BoxDNtB8_6UErrorEL_EEE15map_err_contextNCINvCsL1Yq96M8oh_5uu_nl2nlNtNtNtCs9k3SxhrAWiO_3std2io5stdio5StdinEs4_0E0Cs1dPCSYNd95o_2nl (<core::result::Result<(), core::io::error::Error> as uucore::mods::error::FromIo<core::result::Result<(), alloc::boxed::Box<dyn uucore::mods::error::UError>>>>::map_err_context::<uu_nl::nl<std::io::stdio::Stdin>::{closure#6}>::{closure#0})
FUNCTION _RINvXsb_NtNtCs2YF497ZVQEG_6uucore4mods5errorNtNtNtCsgxBkk5gSRhY_4core2io5error5ErrorINtB6_6FromIoINtNtCs6i54tJFfzR_5alloc5boxed3BoxNtB6_8UIoErrorEE15map_err_contextNCINvCsL1Yq96M8oh_5uu_nl2nlNtNtNtCs9k3SxhrAWiO_3std2io5stdio5StdinEs4_0ECs1dPCSYNd95o_2nl (<core::io::error::Error as uucore::mods::error::FromIo<alloc::boxed::Box<uucore::mods::error::UIoError>>>::map_err_context::<uu_nl::nl<std::io::stdio::Stdin>::{closure#6}>)
FUNCTION _RNCINvCsL1Yq96M8oh_5uu_nl2nlNtNtNtCs9k3SxhrAWiO_3std2io5stdio5StdinEs4_0Cs1dPCSYNd95o_2nl (uu_nl::nl::<std::io::stdio::Stdin>::{closure#6})
FUNCTION _RINvMNtCsgxBkk5gSRhY_4core6resultINtB3_6ResultuNtNtNtB5_2io5error5ErrorE7map_errINtNtCs6i54tJFfzR_5alloc5boxed3BoxDNtNtNtCs2YF497ZVQEG_6uucore4mods5error6UErrorEL_ENCINvXsc_B1R_Bv_INtB1R_6FromIoIBw_uB1g_EE15map_err_contextNCINvCsL1Yq96M8oh_5uu_nl2nlNtNtNtCs9k3SxhrAWiO_3std2io5stdio5StdinEs2_0E0ECs1dPCSYNd95o_2nl (<core::result::Result<(), core::io::error::Error>>::map_err::<alloc::boxed::Box<dyn uucore::mods::error::UError>, <core::result::Result<(), core::io::error::Error> as uucore::mods::error::FromIo<core::result::Result<(), alloc::boxed::Box<dyn uucore::mods::error::UError>>>>::map_err_context<uu_nl::nl<std::io::stdio::Stdin>::{closure#4}>::{closure#0}>)
FUNCTION _RNCINvXsc_NtNtCs2YF497ZVQEG_6uucore4mods5errorINtNtCsgxBkk5gSRhY_4core6result6ResultuNtNtNtBN_2io5error5ErrorEINtB8_6FromIoIBJ_uINtNtCs6i54tJFfzR_5alloc5boxed3BoxDNtB8_6UErrorEL_EEE15map_err_contextNCINvCsL1Yq96M8oh_5uu_nl2nlNtNtNtCs9k3SxhrAWiO_3std2io5stdio5StdinEs2_0E0Cs1dPCSYNd95o_2nl (<core::result::Result<(), core::io::error::Error> as uucore::mods::error::FromIo<core::result::Result<(), alloc::boxed::Box<dyn uucore::mods::error::UError>>>>::map_err_context::<uu_nl::nl<std::io::stdio::Stdin>::{closure#4}>::{closure#0})
FUNCTION _RINvXsb_NtNtCs2YF497ZVQEG_6uucore4mods5errorNtNtNtCsgxBkk5gSRhY_4core2io5error5ErrorINtB6_6FromIoINtNtCs6i54tJFfzR_5alloc5boxed3BoxNtB6_8UIoErrorEE15map_err_contextNCINvCsL1Yq96M8oh_5uu_nl2nlNtNtNtCs9k3SxhrAWiO_3std2io5stdio5StdinEs2_0ECs1dPCSYNd95o_2nl (<core::io::error::Error as uucore::mods::error::FromIo<alloc::boxed::Box<uucore::mods::error::UIoError>>>::map_err_context::<uu_nl::nl<std::io::stdio::Stdin>::{closure#4}>)
FUNCTION _RNCINvCsL1Yq96M8oh_5uu_nl2nlNtNtNtCs9k3SxhrAWiO_3std2io5stdio5StdinEs2_0Cs1dPCSYNd95o_2nl (uu_nl::nl::<std::io::stdio::Stdin>::{closure#4})
FUNCTION _RINvMNtCsgxBkk5gSRhY_4core6resultINtB3_6ResultuNtNtNtB5_2io5error5ErrorE7map_errINtNtCs6i54tJFfzR_5alloc5boxed3BoxDNtNtNtCs2YF497ZVQEG_6uucore4mods5error6UErrorEL_ENCINvXsc_B1R_Bv_INtB1R_6FromIoIBw_uB1g_EE15map_err_contextNCINvCsL1Yq96M8oh_5uu_nl2nlNtNtNtCs9k3SxhrAWiO_3std2io5stdio5StdinEs1_0E0ECs1dPCSYNd95o_2nl (<core::result::Result<(), core::io::error::Error>>::map_err::<alloc::boxed::Box<dyn uucore::mods::error::UError>, <core::result::Result<(), core::io::error::Error> as uucore::mods::error::FromIo<core::result::Result<(), alloc::boxed::Box<dyn uucore::mods::error::UError>>>>::map_err_context<uu_nl::nl<std::io::stdio::Stdin>::{closure#3}>::{closure#0}>)
FUNCTION _RNCINvXsc_NtNtCs2YF497ZVQEG_6uucore4mods5errorINtNtCsgxBkk5gSRhY_4core6result6ResultuNtNtNtBN_2io5error5ErrorEINtB8_6FromIoIBJ_uINtNtCs6i54tJFfzR_5alloc5boxed3BoxDNtB8_6UErrorEL_EEE15map_err_contextNCINvCsL1Yq96M8oh_5uu_nl2nlNtNtNtCs9k3SxhrAWiO_3std2io5stdio5StdinEs1_0E0Cs1dPCSYNd95o_2nl (<core::result::Result<(), core::io::error::Error> as uucore::mods::error::FromIo<core::result::Result<(), alloc::boxed::Box<dyn uucore::mods::error::UError>>>>::map_err_context::<uu_nl::nl<std::io::stdio::Stdin>::{closure#3}>::{closure#0})
FUNCTION _RINvXsb_NtNtCs2YF497ZVQEG_6uucore4mods5errorNtNtNtCsgxBkk5gSRhY_4core2io5error5ErrorINtB6_6FromIoINtNtCs6i54tJFfzR_5alloc5boxed3BoxNtB6_8UIoErrorEE15map_err_contextNCINvCsL1Yq96M8oh_5uu_nl2nlNtNtNtCs9k3SxhrAWiO_3std2io5stdio5StdinEs1_0ECs1dPCSYNd95o_2nl (<core::io::error::Error as uucore::mods::error::FromIo<alloc::boxed::Box<uucore::mods::error::UIoError>>>::map_err_context::<uu_nl::nl<std::io::stdio::Stdin>::{closure#3}>)
FUNCTION _RNCINvCsL1Yq96M8oh_5uu_nl2nlNtNtNtCs9k3SxhrAWiO_3std2io5stdio5StdinEs1_0Cs1dPCSYNd95o_2nl (uu_nl::nl::<std::io::stdio::Stdin>::{closure#3})
FUNCTION _RNvMs1_CshUaEJ2o1KKQ_4itoaNtB5_6Buffer3newCs1dPCSYNd95o_2nl (<itoa::Buffer>::new)
FUNCTION _RINvMs1_CshUaEJ2o1KKQ_4itoaNtB6_6Buffer6formatxECs1dPCSYNd95o_2nl (<itoa::Buffer>::format::<i64>)
FUNCTION _RNvMNtCsgxBkk5gSRhY_4core3stre3lenCs1dPCSYNd95o_2nl (<str>::len)
FUNCTION _RNvMs1_NtCsgxBkk5gSRhY_4core3numx3absCs1dPCSYNd95o_2nl (<i64>::abs)
FUNCTION _RNvXsi_CshUaEJ2o1KKQ_4itoaxNtNtB5_7private6Sealed5writeCs1dPCSYNd95o_2nl (<i64 as itoa::private::Sealed>::write)
FUNCTION _RNvNtCsgxBkk5gSRhY_4core4hint21unreachable_uncheckedCs1dPCSYNd95o_2nl (core::hint::unreachable_unchecked)
FUNCTION _RNvNvNtCsgxBkk5gSRhY_4core4hint21unreachable_unchecked18precondition_checkCs1dPCSYNd95o_2nl (core::hint::unreachable_unchecked::precondition_check)
FUNCTION _RNvMs1_NtCsgxBkk5gSRhY_4core3numx12unsigned_absCs1dPCSYNd95o_2nl (<i64>::unsigned_abs)
FUNCTION _RNvXse_NtCsgxBkk5gSRhY_4core5arrayAINtNtNtB7_3mem12maybe_uninit11MaybeUninithEj14_INtNtNtB7_3ops5index8IndexMutINtNtB1n_5range9RangeFromjEE9index_mutCs1dPCSYNd95o_2nl (<[core::mem::maybe_uninit::MaybeUninit<u8>; 20] as core::ops::index::IndexMut<core::ops::range::RangeFrom<usize>>>::index_mut)
FUNCTION _RNvXs4_NtCsgxBkk5gSRhY_4core7convertQSINtNtNtB7_3mem12maybe_uninit11MaybeUninithEINtB5_7TryIntoQABA_j14_E8try_intoCs1dPCSYNd95o_2nl (<&mut [core::mem::maybe_uninit::MaybeUninit<u8>] as core::convert::TryInto<&mut [core::mem::maybe_uninit::MaybeUninit<u8>; 20]>>::try_into)
FUNCTION _RNvXsv_NtCsgxBkk5gSRhY_4core5arrayNtB5_17TryFromSliceErrorNtNtB7_3fmt5Debug3fmtCs1dPCSYNd95o_2nl (<core::array::TryFromSliceError as core::fmt::Debug>::fmt)
FUNCTION _RNvXs8_NtCsgxBkk5gSRhY_4core5arrayQAINtNtNtB7_3mem12maybe_uninit11MaybeUninithEj14_INtNtB7_7convert7TryFromQSBy_E8try_fromCs1dPCSYNd95o_2nl (<&mut [core::mem::maybe_uninit::MaybeUninit<u8>; 20] as core::convert::TryFrom<&mut [core::mem::maybe_uninit::MaybeUninit<u8>]>>::try_from)
FUNCTION _RNvXs5_NtNtCsgxBkk5gSRhY_4core5slice5indexINtNtNtB9_3ops5range9RangeFromjEINtB5_10SliceIndexSINtNtNtB9_3mem12maybe_uninit11MaybeUninithEE9index_mutCs1dPCSYNd95o_2nl (<core::ops::range::RangeFrom<usize> as core::slice::index::SliceIndex<[core::mem::maybe_uninit::MaybeUninit<u8>]>>::index_mut)
FUNCTION _RINvMNtCsgxBkk5gSRhY_4core6resultINtB3_6ResultuNtNtNtB5_2io5error5ErrorE7map_errINtNtCs6i54tJFfzR_5alloc5boxed3BoxDNtNtNtCs2YF497ZVQEG_6uucore4mods5error6UErrorEL_ENCINvXsc_B1R_Bv_INtB1R_6FromIoIBw_uB1g_EE15map_err_contextNCINvCsL1Yq96M8oh_5uu_nl2nlNtNtNtCs9k3SxhrAWiO_3std2io5stdio5StdinEs3_0E0ECs1dPCSYNd95o_2nl (<core::result::Result<(), core::io::error::Error>>::map_err::<alloc::boxed::Box<dyn uucore::mods::error::UError>, <core::result::Result<(), core::io::error::Error> as uucore::mods::error::FromIo<core::result::Result<(), alloc::boxed::Box<dyn uucore::mods::error::UError>>>>::map_err_context<uu_nl::nl<std::io::stdio::Stdin>::{closure#5}>::{closure#0}>)
FUNCTION _RNCINvXsc_NtNtCs2YF497ZVQEG_6uucore4mods5errorINtNtCsgxBkk5gSRhY_4core6result6ResultuNtNtNtBN_2io5error5ErrorEINtB8_6FromIoIBJ_uINtNtCs6i54tJFfzR_5alloc5boxed3BoxDNtB8_6UErrorEL_EEE15map_err_contextNCINvCsL1Yq96M8oh_5uu_nl2nlNtNtNtCs9k3SxhrAWiO_3std2io5stdio5StdinEs3_0E0Cs1dPCSYNd95o_2nl (<core::result::Result<(), core::io::error::Error> as uucore::mods::error::FromIo<core::result::Result<(), alloc::boxed::Box<dyn uucore::mods::error::UError>>>>::map_err_context::<uu_nl::nl<std::io::stdio::Stdin>::{closure#5}>::{closure#0})
FUNCTION _RINvXsb_NtNtCs2YF497ZVQEG_6uucore4mods5errorNtNtNtCsgxBkk5gSRhY_4core2io5error5ErrorINtB6_6FromIoINtNtCs6i54tJFfzR_5alloc5boxed3BoxNtB6_8UIoErrorEE15map_err_contextNCINvCsL1Yq96M8oh_5uu_nl2nlNtNtNtCs9k3SxhrAWiO_3std2io5stdio5StdinEs3_0ECs1dPCSYNd95o_2nl (<core::io::error::Error as uucore::mods::error::FromIo<alloc::boxed::Box<uucore::mods::error::UIoError>>>::map_err_context::<uu_nl::nl<std::io::stdio::Stdin>::{closure#5}>)
FUNCTION _RNCINvCsL1Yq96M8oh_5uu_nl2nlNtNtNtCs9k3SxhrAWiO_3std2io5stdio5StdinEs3_0Cs1dPCSYNd95o_2nl (uu_nl::nl::<std::io::stdio::Stdin>::{closure#5})
FUNCTION _RNvMs_NtNtNtCs9k3SxhrAWiO_3std2io8buffered9bufwriterINtB4_9BufWriterNtNtB8_5stdio6StdoutE14write_all_coldCs1dPCSYNd95o_2nl (<std::io::buffered::bufwriter::BufWriter<std::io::stdio::Stdout>>::write_all_cold)
FUNCTION _RNvMs_NtNtNtCs9k3SxhrAWiO_3std2io8buffered9bufwriterINtB4_9BufWriterNtNtB8_5stdio6StdoutE25write_to_buffer_uncheckedCs1dPCSYNd95o_2nl (<std::io::buffered::bufwriter::BufWriter<std::io::stdio::Stdout>>::write_to_buffer_unchecked)
FUNCTION _RNvNvNtCsgxBkk5gSRhY_4core3ptr19copy_nonoverlapping18precondition_checkCs1dPCSYNd95o_2nl (core::ptr::copy_nonoverlapping::precondition_check)
FUNCTION _RNvNvMs_NtCs6i54tJFfzR_5alloc3vecINtB6_3VecppE7set_len18precondition_checkCs1dPCSYNd95o_2nl (<alloc::vec::Vec<_, _>>::set_len::precondition_check)
FUNCTION _RNvNvNtCsgxBkk5gSRhY_4core9ub_checks23maybe_is_nonoverlapping7runtimeCs1dPCSYNd95o_2nl (core::ub_checks::maybe_is_nonoverlapping::runtime)
FUNCTION _RNvMs_NtNtNtCs9k3SxhrAWiO_3std2io8buffered9bufwriterINtB4_9BufWriterNtNtB8_5stdio6StdoutE9flush_bufCs1dPCSYNd95o_2nl (<std::io::buffered::bufwriter::BufWriter<std::io::stdio::Stdout>>::flush_buf)
{"function": "_RNvMs_NtNtNtCs9k3SxhrAWiO_3std2io8buffered9bufwriterINtB4_9BufWriterNtNtB8_5stdio6StdoutE9flush_bufCs1dPCSYNd95o_2nl", "function_demangled": "<std::io::buffered::bufwriter::BufWriter<std::io::stdio::Stdout>>::flush_buf", "header": "bb1", "depth": 1, "latch_count": 1, "subloop_count": 0, "src_loc": [{"col":16,"dir":"/rustc/48a229ceaefd4985c50990b14116b6d856af0985","file":"library/std/src/io/buffered/bufwriter.rs","line":247}]}
FUNCTION _RINvNtCsgxBkk5gSRhY_4core3ptr9drop_glueNtNvMs_NtNtNtCs9k3SxhrAWiO_3std2io8buffered9bufwriterINtBI_9BufWriterpE9flush_buf8BufGuardECs1dPCSYNd95o_2nl (core::ptr::drop_glue::<<std::io::buffered::bufwriter::BufWriter<_>>::flush_buf::BufGuard>)
FUNCTION _RNvMs1_NtNtCsgxBkk5gSRhY_4core2io5errorNtB5_5Error14is_interruptedCs1dPCSYNd95o_2nl (<core::io::error::Error>::is_interrupted)
FUNCTION _RNCINvCsL1Yq96M8oh_5uu_nl2nlNtNtNtCs9k3SxhrAWiO_3std2io5stdio5StdinEs0_0Cs1dPCSYNd95o_2nl (uu_nl::nl::<std::io::stdio::Stdin>::{closure#2})
FUNCTION _RNvMs4_NtNtCs2BAm4Hpwumr_5regex5regex5bytesNtB5_5Regex11is_match_atCs1dPCSYNd95o_2nl (<regex::regex::bytes::Regex>::is_match_at)
FUNCTION _RINvMNtNtCs6pFaPYQxa0S_14regex_automata4util6searchNtB3_5Input3newShECs1dPCSYNd95o_2nl (<regex_automata::util::search::Input>::new::<[u8]>)
FUNCTION _RINvMs_NtNtCs6pFaPYQxa0S_14regex_automata4meta5regexNtB5_5Regex8is_matchNtNtNtB9_4util6search5InputECs1dPCSYNd95o_2nl (<regex_automata::meta::regex::Regex>::is_match::<regex_automata::util::search::Input>)
FUNCTION _RNvMNtNtCs6pFaPYQxa0S_14regex_automata4util6searchNtB2_5Input8earliestCs1dPCSYNd95o_2nl (<regex_automata::util::search::Input>::earliest)
FUNCTION _RNvMNtNtCs6pFaPYQxa0S_14regex_automata4util6searchNtB2_5Input5startCs1dPCSYNd95o_2nl (<regex_automata::util::search::Input>::start)
FUNCTION _RNvMNtNtCs6pFaPYQxa0S_14regex_automata4util6searchNtB2_5Input3endCs1dPCSYNd95o_2nl (<regex_automata::util::search::Input>::end)
FUNCTION _RNvMNtNtCs6pFaPYQxa0S_14regex_automata4util6searchNtB2_5Input8haystackCs1dPCSYNd95o_2nl (<regex_automata::util::search::Input>::haystack)
FUNCTION _RNvMsn_NtCsayBMAPCPtHe_12regex_syntax3hirNtB5_10Properties15look_set_prefixCs1dPCSYNd95o_2nl (<regex_syntax::hir::Properties>::look_set_prefix)
FUNCTION _RNvMsp_NtCsayBMAPCPtHe_12regex_syntax3hirNtB5_7LookSet8containsCs1dPCSYNd95o_2nl (<regex_syntax::hir::LookSet>::contains)
FUNCTION _RNvMsn_NtCsayBMAPCPtHe_12regex_syntax3hirNtB5_10Properties11minimum_lenCs1dPCSYNd95o_2nl (<regex_syntax::hir::Properties>::minimum_len)
FUNCTION _RNvMsn_NtCsayBMAPCPtHe_12regex_syntax3hirNtB5_10Properties15look_set_suffixCs1dPCSYNd95o_2nl (<regex_syntax::hir::Properties>::look_set_suffix)
FUNCTION _RNvMNtNtCs6pFaPYQxa0S_14regex_automata4util6searchNtB2_5Input8get_spanCs1dPCSYNd95o_2nl (<regex_automata::util::search::Input>::get_span)
FUNCTION _RNvMs1_NtNtCs6pFaPYQxa0S_14regex_automata4util6searchNtB5_4Span3lenCs1dPCSYNd95o_2nl (<regex_automata::util::search::Span>::len)
FUNCTION _RNvMNtNtCs6pFaPYQxa0S_14regex_automata4util6searchNtB2_5Input12get_anchoredCs1dPCSYNd95o_2nl (<regex_automata::util::search::Input>::get_anchored)
FUNCTION _RNvMsh_NtNtCs6pFaPYQxa0S_14regex_automata4util6searchNtB5_8Anchored11is_anchoredCs1dPCSYNd95o_2nl (<regex_automata::util::search::Anchored>::is_anchored)
FUNCTION _RNvMsn_NtCsayBMAPCPtHe_12regex_syntax3hirNtB5_10Properties11maximum_lenCs1dPCSYNd95o_2nl (<regex_syntax::hir::Properties>::maximum_len)
FUNCTION _RNvMs_NtNtCs6pFaPYQxa0S_14regex_automata4util4poolINtB4_4PoolNtNtNtB8_4meta5regex5CacheINtNtCs6i54tJFfzR_5alloc5boxed3BoxDINtNtNtCsgxBkk5gSRhY_4core3ops8function2FnuEp6OutputBX_NtNtNtB23_5panic11unwind_safe13RefUnwindSafeNtB2R_10UnwindSafeNtNtB23_6marker4SendNtB3R_4SyncEL_EE3getCs1dPCSYNd95o_2nl (<regex_automata::util::pool::Pool<regex_automata::meta::regex::Cache, alloc::boxed::Box<dyn core::ops::function::Fn<(), Output = regex_automata::meta::regex::Cache> + core::panic::unwind_safe::RefUnwindSafe + core::panic::unwind_safe::UnwindSafe + core::marker::Send + core::marker::Sync>>>::get)
FUNCTION _RNvMs1_NtNtCs6pFaPYQxa0S_14regex_automata4util4poolINtB5_9PoolGuardNtNtNtB9_4meta5regex5CacheINtNtCs6i54tJFfzR_5alloc5boxed3BoxDINtNtNtCsgxBkk5gSRhY_4core3ops8function2FnuEp6OutputB13_NtNtNtB29_5panic11unwind_safe13RefUnwindSafeNtB2Y_10UnwindSafeNtNtB29_6marker4SendNtB3Y_4SyncEL_EE3putCs1dPCSYNd95o_2nl (<regex_automata::util::pool::PoolGuard<regex_automata::meta::regex::Cache, alloc::boxed::Box<dyn core::ops::function::Fn<(), Output = regex_automata::meta::regex::Cache> + core::panic::unwind_safe::RefUnwindSafe + core::panic::unwind_safe::UnwindSafe + core::marker::Send + core::marker::Sync>>>::put)
FUNCTION _RINvNtCsgxBkk5gSRhY_4core3ptr9drop_glueINtNtNtCs6pFaPYQxa0S_14regex_automata4util4pool9PoolGuardNtNtNtBI_4meta5regex5CacheINtNtCs6i54tJFfzR_5alloc5boxed3BoxDINtNtNtB4_3ops8function2FnuEp6OutputB1w_NtNtNtB4_5panic11unwind_safe13RefUnwindSafeNtB3b_10UnwindSafeNtNtB4_6marker4SendNtB4a_4SyncEL_EEECs1dPCSYNd95o_2nl (core::ptr::drop_glue::<regex_automata::util::pool::PoolGuard<regex_automata::meta::regex::Cache, alloc::boxed::Box<dyn core::ops::function::Fn<(), Output = regex_automata::meta::regex::Cache> + core::panic::unwind_safe::RefUnwindSafe + core::panic::unwind_safe::UnwindSafe + core::marker::Send + core::marker::Sync>>>)
FUNCTION _RINvNtCsgxBkk5gSRhY_4core3ptr9drop_glueINtNtNtNtCs6pFaPYQxa0S_14regex_automata4util4pool5inner9PoolGuardNtNtNtBK_4meta5regex5CacheINtNtCs6i54tJFfzR_5alloc5boxed3BoxDINtNtNtB4_3ops8function2FnuEp6OutputB1E_NtNtNtB4_5panic11unwind_safe13RefUnwindSafeNtB3j_10UnwindSafeNtNtB4_6marker4SendNtB4i_4SyncEL_EEECs1dPCSYNd95o_2nl (core::ptr::drop_glue::<regex_automata::util::pool::inner::PoolGuard<regex_automata::meta::regex::Cache, alloc::boxed::Box<dyn core::ops::function::Fn<(), Output = regex_automata::meta::regex::Cache> + core::panic::unwind_safe::RefUnwindSafe + core::panic::unwind_safe::UnwindSafe + core::marker::Send + core::marker::Sync>>>)
FUNCTION _RNvXs5_NtNtNtCs6pFaPYQxa0S_14regex_automata4util4pool5innerINtB5_9PoolGuardNtNtNtBb_4meta5regex5CacheINtNtCs6i54tJFfzR_5alloc5boxed3BoxDINtNtNtCsgxBkk5gSRhY_4core3ops8function2FnuEp6OutputB1b_NtNtNtB2h_5panic11unwind_safe13RefUnwindSafeNtB36_10UnwindSafeNtNtB2h_6marker4SendNtB46_4SyncEL_EENtNtB2f_4drop4Drop4dropCs1dPCSYNd95o_2nl (<regex_automata::util::pool::inner::PoolGuard<regex_automata::meta::regex::Cache, alloc::boxed::Box<dyn core::ops::function::Fn<(), Output = regex_automata::meta::regex::Cache> + core::panic::unwind_safe::RefUnwindSafe + core::panic::unwind_safe::UnwindSafe + core::marker::Send + core::marker::Sync>> as core::ops::drop::Drop>::drop)
FUNCTION _RINvNtCsgxBkk5gSRhY_4core3ptr9drop_glueINtNtB4_6result6ResultINtNtCs6i54tJFfzR_5alloc5boxed3BoxNtNtNtCs6pFaPYQxa0S_14regex_automata4meta5regex5CacheEjEECs1dPCSYNd95o_2nl (core::ptr::drop_glue::<core::result::Result<alloc::boxed::Box<regex_automata::meta::regex::Cache>, usize>>)
FUNCTION _RINvNtCsgxBkk5gSRhY_4core3mem7replaceINtNtB4_6result6ResultINtNtCs6i54tJFfzR_5alloc5boxed3BoxNtNtNtCs6pFaPYQxa0S_14regex_automata4meta5regex5CacheEjEECs1dPCSYNd95o_2nl (core::mem::replace::<core::result::Result<alloc::boxed::Box<regex_automata::meta::regex::Cache>, usize>>)
FUNCTION _RNvMs2_NtNtNtCs6pFaPYQxa0S_14regex_automata4util4pool5innerINtB5_4PoolNtNtNtBb_4meta5regex5CacheINtNtCs6i54tJFfzR_5alloc5boxed3BoxDINtNtNtCsgxBkk5gSRhY_4core3ops8function2FnuEp6OutputB16_NtNtNtB2c_5panic11unwind_safe13RefUnwindSafeNtB31_10UnwindSafeNtNtB2c_6marker4SendNtB41_4SyncEL_EE9put_valueCs1dPCSYNd95o_2nl (<regex_automata::util::pool::inner::Pool<regex_automata::meta::regex::Cache, alloc::boxed::Box<dyn core::ops::function::Fn<(), Output = regex_automata::meta::regex::Cache> + core::panic::unwind_safe::RefUnwindSafe + core::panic::unwind_safe::UnwindSafe + core::marker::Send + core::marker::Sync>>>::put_value)
{"function": "_RNvMs2_NtNtNtCs6pFaPYQxa0S_14regex_automata4util4pool5innerINtB5_4PoolNtNtNtBb_4meta5regex5CacheINtNtCs6i54tJFfzR_5alloc5boxed3BoxDINtNtNtCsgxBkk5gSRhY_4core3ops8function2FnuEp6OutputB16_NtNtNtB2c_5panic11unwind_safe13RefUnwindSafeNtB31_10UnwindSafeNtNtB2c_6marker4SendNtB41_4SyncEL_EE9put_valueCs1dPCSYNd95o_2nl", "function_demangled": "<regex_automata::util::pool::inner::Pool<regex_automata::meta::regex::Cache, alloc::boxed::Box<dyn core::ops::function::Fn<(), Output = regex_automata::meta::regex::Cache> + core::panic::unwind_safe::RefUnwindSafe + core::panic::unwind_safe::UnwindSafe + core::marker::Send + core::marker::Sync>>>::put_value", "header": "bb5", "depth": 1, "latch_count": 2, "subloop_count": 0, "src_loc": [{"col":22,"dir":"/usr/local/cargo/registry/src/index.crates.io-1949cf8c6b5b557f/regex-automata-0.4.18","file":"src/util/pool.rs","line":680}]}
FUNCTION _RNvMs16_NtNtCsgxBkk5gSRhY_4core4sync6atomicINtB6_6AtomicjE5storeCs1dPCSYNd95o_2nl (<core::sync::atomic::Atomic<usize>>::store)
FUNCTION _RINvMs2_NtNtCs9k3SxhrAWiO_3std6thread5localINtB6_8LocalKeyjE4withNCNvMs2_NtNtNtCs6pFaPYQxa0S_14regex_automata4util4pool5innerINtB19_4PoolNtNtNtB1f_4meta5regex5CacheINtNtCs6i54tJFfzR_5alloc5boxed3BoxDINtNtNtCsgxBkk5gSRhY_4core3ops8function2FnuEp6OutputB2b_NtNtNtB3i_5panic11unwind_safe13RefUnwindSafeNtB47_10UnwindSafeNtNtB3i_6marker4SendNtB57_4SyncEL_EE9put_value0jECs1dPCSYNd95o_2nl (<std::thread::local::LocalKey<usize>>::with::<<regex_automata::util::pool::inner::Pool<regex_automata::meta::regex::Cache, alloc::boxed::Box<dyn core::ops::function::Fn<(), Output = regex_automata::meta::regex::Cache> + core::panic::unwind_safe::RefUnwindSafe + core::panic::unwind_safe::UnwindSafe + core::marker::Send + core::marker::Sync>>>::put_value::{closure#0}, usize>)
FUNCTION _RNvMs_NtCs6i54tJFfzR_5alloc3vecINtB4_3VecINtNtNtNtCs6pFaPYQxa0S_14regex_automata4util4pool5inner9CacheLineINtNtNtNtCs9k3SxhrAWiO_3std4sync6poison5mutex5MutexIBu_INtNtB6_5boxed3BoxNtNtNtBM_4meta5regex5CacheEEEEE3lenCs1dPCSYNd95o_2nl (<alloc::vec::Vec<regex_automata::util::pool::inner::CacheLine<std::sync::poison::mutex::Mutex<alloc::vec::Vec<alloc::boxed::Box<regex_automata::meta::regex::Cache>>>>>>::len)
FUNCTION _RNvXNtNtNtCsgxBkk5gSRhY_4core4iter6traits7collectINtNtNtB8_3ops5range5RangelENtB2_12IntoIterator9into_iterCs1dPCSYNd95o_2nl (<core::ops::range::Range<i32> as core::iter::traits::collect::IntoIterator>::into_iter)
FUNCTION _RNvXs4_NtNtCsgxBkk5gSRhY_4core4iter5rangeINtNtNtB9_3ops5range5RangelENtNtNtB7_6traits8iterator8Iterator4nextCs1dPCSYNd95o_2nl (<core::ops::range::Range<i32> as core::iter::traits::iterator::Iterator>::next)
FUNCTION _RNvXsc_NtCs6i54tJFfzR_5alloc3vecINtB5_3VecINtNtNtNtCs6pFaPYQxa0S_14regex_automata4util4pool5inner9CacheLineINtNtNtNtCs9k3SxhrAWiO_3std4sync6poison5mutex5MutexIBv_INtNtB7_5boxed3BoxNtNtNtBN_4meta5regex5CacheEEEEEINtNtNtCsgxBkk5gSRhY_4core3ops5index5IndexjE5indexCs1dPCSYNd95o_2nl (<alloc::vec::Vec<regex_automata::util::pool::inner::CacheLine<std::sync::poison::mutex::Mutex<alloc::vec::Vec<alloc::boxed::Box<regex_automata::meta::regex::Cache>>>>> as core::ops::index::Index<usize>>::index)
FUNCTION _RNvMs5_NtNtNtCs9k3SxhrAWiO_3std4sync6poison5mutexINtB5_5MutexINtNtCs6i54tJFfzR_5alloc3vec3VecINtNtB12_5boxed3BoxNtNtNtCs6pFaPYQxa0S_14regex_automata4meta5regex5CacheEEE8try_lockCs1dPCSYNd95o_2nl (<std::sync::poison::mutex::Mutex<alloc::vec::Vec<alloc::boxed::Box<regex_automata::meta::regex::Cache>>>>::try_lock)
FUNCTION _RINvNtCsgxBkk5gSRhY_4core3ptr9drop_glueINtNtB4_6result6ResultINtNtNtNtCs9k3SxhrAWiO_3std4sync6poison5mutex10MutexGuardINtNtCs6i54tJFfzR_5alloc3vec3VecINtNtB1X_5boxed3BoxNtNtNtCs6pFaPYQxa0S_14regex_automata4meta5regex5CacheEEEINtB12_12TryLockErrorBX_EEECs1dPCSYNd95o_2nl (core::ptr::drop_glue::<core::result::Result<std::sync::poison::mutex::MutexGuard<alloc::vec::Vec<alloc::boxed::Box<regex_automata::meta::regex::Cache>>>, std::sync::poison::TryLockError<std::sync::poison::mutex::MutexGuard<alloc::vec::Vec<alloc::boxed::Box<regex_automata::meta::regex::Cache>>>>>>)
FUNCTION _RNvXsb_NtNtNtCs9k3SxhrAWiO_3std4sync6poison5mutexINtB5_10MutexGuardINtNtCs6i54tJFfzR_5alloc3vec3VecINtNtB18_5boxed3BoxNtNtNtCs6pFaPYQxa0S_14regex_automata4meta5regex5CacheEEENtNtNtCsgxBkk5gSRhY_4core3ops5deref8DerefMut9deref_mutCs1dPCSYNd95o_2nl (<std::sync::poison::mutex::MutexGuard<alloc::vec::Vec<alloc::boxed::Box<regex_automata::meta::regex::Cache>>> as core::ops::deref::DerefMut>::deref_mut)
FUNCTION _RINvNtCsgxBkk5gSRhY_4core3ptr9drop_glueINtNtNtNtCs9k3SxhrAWiO_3std4sync6poison5mutex10MutexGuardINtNtCs6i54tJFfzR_5alloc3vec3VecINtNtB1B_5boxed3BoxNtNtNtCs6pFaPYQxa0S_14regex_automata4meta5regex5CacheEEEECs1dPCSYNd95o_2nl (core::ptr::drop_glue::<std::sync::poison::mutex::MutexGuard<alloc::vec::Vec<alloc::boxed::Box<regex_automata::meta::regex::Cache>>>>)
FUNCTION _RNvMsF_NtCs6i54tJFfzR_5alloc3vecINtB5_3VecINtNtB7_5boxed3BoxNtNtNtCs6pFaPYQxa0S_14regex_automata4meta5regex5CacheEE4pushCs1dPCSYNd95o_2nl (<alloc::vec::Vec<alloc::boxed::Box<regex_automata::meta::regex::Cache>>>::push)
FUNCTION _RNvMsF_NtCs6i54tJFfzR_5alloc3vecINtB5_3VecINtNtB7_5boxed3BoxNtNtNtCs6pFaPYQxa0S_14regex_automata4meta5regex5CacheEE8push_mutCs1dPCSYNd95o_2nl (<alloc::vec::Vec<alloc::boxed::Box<regex_automata::meta::regex::Cache>>>::push_mut)
FUNCTION _RNvMs4_NtCs6i54tJFfzR_5alloc7raw_vecINtB5_6RawVecINtNtB7_5boxed3BoxNtNtNtCs6pFaPYQxa0S_14regex_automata4meta5regex5CacheEE8grow_oneCs1dPCSYNd95o_2nl (<alloc::raw_vec::RawVec<alloc::boxed::Box<regex_automata::meta::regex::Cache>>>::grow_one)
FUNCTION _RNvXsc_NtNtNtCs9k3SxhrAWiO_3std4sync6poison5mutexINtB5_10MutexGuardINtNtCs6i54tJFfzR_5alloc3vec3VecINtNtB18_5boxed3BoxNtNtNtCs6pFaPYQxa0S_14regex_automata4meta5regex5CacheEEENtNtNtCsgxBkk5gSRhY_4core3ops4drop4Drop4dropCs1dPCSYNd95o_2nl (<std::sync::poison::mutex::MutexGuard<alloc::vec::Vec<alloc::boxed::Box<regex_automata::meta::regex::Cache>>> as core::ops::drop::Drop>::drop)
FUNCTION _RNvMNtNtCs9k3SxhrAWiO_3std4sync6poisonNtB2_4Flag4doneCs1dPCSYNd95o_2nl (<std::sync::poison::Flag>::done)
FUNCTION _RINvNtCsgxBkk5gSRhY_4core3ptr9drop_glueINtNtNtCs9k3SxhrAWiO_3std4sync6poison12TryLockErrorINtNtBE_5mutex10MutexGuardINtNtCs6i54tJFfzR_5alloc3vec3VecINtNtB1V_5boxed3BoxNtNtNtCs6pFaPYQxa0S_14regex_automata4meta5regex5CacheEEEEECs1dPCSYNd95o_2nl (core::ptr::drop_glue::<std::sync::poison::TryLockError<std::sync::poison::mutex::MutexGuard<alloc::vec::Vec<alloc::boxed::Box<regex_automata::meta::regex::Cache>>>>>)
FUNCTION _RINvNtCsgxBkk5gSRhY_4core3ptr9drop_glueINtNtNtCs9k3SxhrAWiO_3std4sync6poison11PoisonErrorINtNtBE_5mutex10MutexGuardINtNtCs6i54tJFfzR_5alloc3vec3VecINtNtB1U_5boxed3BoxNtNtNtCs6pFaPYQxa0S_14regex_automata4meta5regex5CacheEEEEECs1dPCSYNd95o_2nl (core::ptr::drop_glue::<std::sync::poison::PoisonError<std::sync::poison::mutex::MutexGuard<alloc::vec::Vec<alloc::boxed::Box<regex_automata::meta::regex::Cache>>>>>)
FUNCTION _RINvNtNtCsgxBkk5gSRhY_4core4sync6atomic23atomic_compare_exchangemECs1dPCSYNd95o_2nl (core::sync::atomic::atomic_compare_exchange::<u32>)
FUNCTION _RNvMNtNtCs9k3SxhrAWiO_3std4sync6poisonNtB2_4Flag5guardCs1dPCSYNd95o_2nl (<std::sync::poison::Flag>::guard)
FUNCTION _RINvNtNtCs9k3SxhrAWiO_3std4sync6poison10map_resultNtB2_5GuardINtNtB2_5mutex10MutexGuardINtNtCs6i54tJFfzR_5alloc3vec3VecINtNtB1s_5boxed3BoxNtNtNtCs6pFaPYQxa0S_14regex_automata4meta5regex5CacheEEENCNvMs9_B10_BX_3new0ECs1dPCSYNd95o_2nl (std::sync::poison::map_result::<std::sync::poison::Guard, std::sync::poison::mutex::MutexGuard<alloc::vec::Vec<alloc::boxed::Box<regex_automata::meta::regex::Cache>>>, <std::sync::poison::mutex::MutexGuard<alloc::vec::Vec<alloc::boxed::Box<regex_automata::meta::regex::Cache>>>>::new::{closure#0}>)
FUNCTION _RNCNvMs9_NtNtNtCs9k3SxhrAWiO_3std4sync6poison5mutexINtB7_10MutexGuardINtNtCs6i54tJFfzR_5alloc3vec3VecINtNtB1a_5boxed3BoxNtNtNtCs6pFaPYQxa0S_14regex_automata4meta5regex5CacheEEE3new0Cs1dPCSYNd95o_2nl (<std::sync::poison::mutex::MutexGuard<alloc::vec::Vec<alloc::boxed::Box<regex_automata::meta::regex::Cache>>>>::new::{closure#0})
FUNCTION _RNvXs0_NtNtCsgxBkk5gSRhY_4core5slice5indexjINtB5_10SliceIndexSINtNtNtNtCs6pFaPYQxa0S_14regex_automata4util4pool5inner9CacheLineINtNtNtNtCs9k3SxhrAWiO_3std4sync6poison5mutex5MutexINtNtCs6i54tJFfzR_5alloc3vec3VecINtNtB2V_5boxed3BoxNtNtNtB17_4meta5regex5CacheEEEEE5indexCs1dPCSYNd95o_2nl (<usize as core::slice::index::SliceIndex<[regex_automata::util::pool::inner::CacheLine<std::sync::poison::mutex::Mutex<alloc::vec::Vec<alloc::boxed::Box<regex_automata::meta::regex::Cache>>>>]>>::index)
FUNCTION _RNvXs3_NtNtCsgxBkk5gSRhY_4core4iter5rangeINtNtNtB9_3ops5range5RangelENtB5_17RangeIteratorImpl9spec_nextCs1dPCSYNd95o_2nl (<core::ops::range::Range<i32> as core::iter::range::RangeIteratorImpl>::spec_next)
FUNCTION _RNvXsI_NtNtCsgxBkk5gSRhY_4core4iter5rangelNtB5_4Step17forward_uncheckedCs1dPCSYNd95o_2nl (<i32 as core::iter::range::Step>::forward_unchecked)
FUNCTION _RINvMs2_NtNtCs9k3SxhrAWiO_3std6thread5localINtB6_8LocalKeyjE8try_withNCNvMs2_NtNtNtCs6pFaPYQxa0S_14regex_automata4util4pool5innerINtB1d_4PoolNtNtNtB1j_4meta5regex5CacheINtNtCs6i54tJFfzR_5alloc5boxed3BoxDINtNtNtCsgxBkk5gSRhY_4core3ops8function2FnuEp6OutputB2f_NtNtNtB3m_5panic11unwind_safe13RefUnwindSafeNtB4b_10UnwindSafeNtNtB3m_6marker4SendNtB5b_4SyncEL_EE9put_value0jECs1dPCSYNd95o_2nl (<std::thread::local::LocalKey<usize>>::try_with::<<regex_automata::util::pool::inner::Pool<regex_automata::meta::regex::Cache, alloc::boxed::Box<dyn core::ops::function::Fn<(), Output = regex_automata::meta::regex::Cache> + core::panic::unwind_safe::RefUnwindSafe + core::panic::unwind_safe::UnwindSafe + core::marker::Send + core::marker::Sync>>>::put_value::{closure#0}, usize>)
FUNCTION _RNCNvMs2_NtNtNtCs6pFaPYQxa0S_14regex_automata4util4pool5innerINtB7_4PoolNtNtNtBd_4meta5regex5CacheINtNtCs6i54tJFfzR_5alloc5boxed3BoxDINtNtNtCsgxBkk5gSRhY_4core3ops8function2FnuEp6OutputB18_NtNtNtB2e_5panic11unwind_safe13RefUnwindSafeNtB33_10UnwindSafeNtNtB2e_6marker4SendNtB43_4SyncEL_EE9put_value0Cs1dPCSYNd95o_2nl (<regex_automata::util::pool::inner::Pool<regex_automata::meta::regex::Cache, alloc::boxed::Box<dyn core::ops::function::Fn<(), Output = regex_automata::meta::regex::Cache> + core::panic::unwind_safe::RefUnwindSafe + core::panic::unwind_safe::UnwindSafe + core::marker::Send + core::marker::Sync>>>::put_value::{closure#0})
FUNCTION _RNvYNCNKNvNtNtNtCs6pFaPYQxa0S_14regex_automata4util4pool5inner9THREAD_ID0s_0INtNtNtCsgxBkk5gSRhY_4core3ops8function6FnOnceTINtNtB1j_6option6OptionQIB1Y_jEEEE9call_onceCs1dPCSYNd95o_2nl (<regex_automata::util::pool::inner::THREAD_ID::{K#0}::{closure#1} as core::ops::function::FnOnce<(core::option::Option<&mut core::option::Option<usize>>,)>>::call_once)
FUNCTION _RNCNKNvNtNtNtCs6pFaPYQxa0S_14regex_automata4util4pool5inner9THREAD_ID0s_0Cs1dPCSYNd95o_2nl (regex_automata::util::pool::inner::THREAD_ID::{K#0}::{closure#1})
FUNCTION _RINvMs0_NtNtNtNtCs9k3SxhrAWiO_3std3sys12thread_local6native4lazyINtB6_7StoragejzE11get_or_initNvNvNtNtNtCs6pFaPYQxa0S_14regex_automata4util4pool5inner9THREAD_ID27___rust_std_internal_init_fnECs1dPCSYNd95o_2nl (<std::sys::thread_local::native::lazy::Storage<usize, !>>::get_or_init::<regex_automata::util::pool::inner::THREAD_ID::__rust_std_internal_init_fn>)
FUNCTION _RINvMs0_NtNtNtNtCs9k3SxhrAWiO_3std3sys12thread_local6native4lazyINtB6_7StoragejzE16get_or_init_slowNvNvNtNtNtCs6pFaPYQxa0S_14regex_automata4util4pool5inner9THREAD_ID27___rust_std_internal_init_fnECs1dPCSYNd95o_2nl (<std::sys::thread_local::native::lazy::Storage<usize, !>>::get_or_init_slow::<regex_automata::util::pool::inner::THREAD_ID::__rust_std_internal_init_fn>)
FUNCTION _RNvYNvNvNtNtNtCs6pFaPYQxa0S_14regex_automata4util4pool5inner9THREAD_ID27___rust_std_internal_init_fnINtNtNtCsgxBkk5gSRhY_4core3ops8function6FnOnceuE9call_onceCs1dPCSYNd95o_2nl (<regex_automata::util::pool::inner::THREAD_ID::__rust_std_internal_init_fn as core::ops::function::FnOnce<()>>::call_once)
FUNCTION _RNvNvNtCsgxBkk5gSRhY_4core3ptr7replace18precondition_checkCs1dPCSYNd95o_2nl (core::ptr::replace::precondition_check)
FUNCTION _RINvXNtNtNtNtCs9k3SxhrAWiO_3std3sys12thread_local6native4lazyzNtB3_14DestroyedState13register_dtorjECs1dPCSYNd95o_2nl (<! as std::sys::thread_local::native::lazy::DestroyedState>::register_dtor::<usize>)
FUNCTION _RNvNvNtNtNtCs6pFaPYQxa0S_14regex_automata4util4pool5inner9THREAD_ID27___rust_std_internal_init_fnCs1dPCSYNd95o_2nl (regex_automata::util::pool::inner::THREAD_ID::__rust_std_internal_init_fn)
FUNCTION _RNvMs16_NtNtCsgxBkk5gSRhY_4core4sync6atomicINtB6_6AtomicjE9fetch_addCs1dPCSYNd95o_2nl (<core::sync::atomic::Atomic<usize>>::fetch_add)
FUNCTION _RNvMs4_NtNtNtCs6pFaPYQxa0S_14regex_automata4util4pool5innerINtB5_9PoolGuardNtNtNtBb_4meta5regex5CacheINtNtCs6i54tJFfzR_5alloc5boxed3BoxDINtNtNtCsgxBkk5gSRhY_4core3ops8function2FnuEp6OutputB1b_NtNtNtB2h_5panic11unwind_safe13RefUnwindSafeNtB36_10UnwindSafeNtNtB2h_6marker4SendNtB46_4SyncEL_EE3putCs1dPCSYNd95o_2nl (<regex_automata::util::pool::inner::PoolGuard<regex_automata::meta::regex::Cache, alloc::boxed::Box<dyn core::ops::function::Fn<(), Output = regex_automata::meta::regex::Cache> + core::panic::unwind_safe::RefUnwindSafe + core::panic::unwind_safe::UnwindSafe + core::marker::Send + core::marker::Sync>>>::put)
FUNCTION _RNvMs2_NtNtNtCs6pFaPYQxa0S_14regex_automata4util4pool5innerINtB5_4PoolNtNtNtBb_4meta5regex5CacheINtNtCs6i54tJFfzR_5alloc5boxed3BoxDINtNtNtCsgxBkk5gSRhY_4core3ops8function2FnuEp6OutputB16_NtNtNtB2c_5panic11unwind_safe13RefUnwindSafeNtB31_10UnwindSafeNtNtB2c_6marker4SendNtB41_4SyncEL_EE3getCs1dPCSYNd95o_2nl (<regex_automata::util::pool::inner::Pool<regex_automata::meta::regex::Cache, alloc::boxed::Box<dyn core::ops::function::Fn<(), Output = regex_automata::meta::regex::Cache> + core::panic::unwind_safe::RefUnwindSafe + core::panic::unwind_safe::UnwindSafe + core::marker::Send + core::marker::Sync>>>::get)
FUNCTION _RINvMs2_NtNtCs9k3SxhrAWiO_3std6thread5localINtB6_8LocalKeyjE4withNCNvMs2_NtNtNtCs6pFaPYQxa0S_14regex_automata4util4pool5innerINtB19_4PoolNtNtNtB1f_4meta5regex5CacheINtNtCs6i54tJFfzR_5alloc5boxed3BoxDINtNtNtCsgxBkk5gSRhY_4core3ops8function2FnuEp6OutputB2b_NtNtNtB3i_5panic11unwind_safe13RefUnwindSafeNtB47_10UnwindSafeNtNtB3i_6marker4SendNtB57_4SyncEL_EE3get0jECs1dPCSYNd95o_2nl (<std::thread::local::LocalKey<usize>>::with::<<regex_automata::util::pool::inner::Pool<regex_automata::meta::regex::Cache, alloc::boxed::Box<dyn core::ops::function::Fn<(), Output = regex_automata::meta::regex::Cache> + core::panic::unwind_safe::RefUnwindSafe + core::panic::unwind_safe::UnwindSafe + core::marker::Send + core::marker::Sync>>>::get::{closure#0}, usize>)
FUNCTION _RNvMs16_NtNtCsgxBkk5gSRhY_4core4sync6atomicINtB6_6AtomicjE4loadCs1dPCSYNd95o_2nl (<core::sync::atomic::Atomic<usize>>::load)
FUNCTION _RNvMs2_NtNtNtCs6pFaPYQxa0S_14regex_automata4util4pool5innerINtB5_4PoolNtNtNtBb_4meta5regex5CacheINtNtCs6i54tJFfzR_5alloc5boxed3BoxDINtNtNtCsgxBkk5gSRhY_4core3ops8function2FnuEp6OutputB16_NtNtNtB2c_5panic11unwind_safe13RefUnwindSafeNtB31_10UnwindSafeNtNtB2c_6marker4SendNtB41_4SyncEL_EE8get_slowCs1dPCSYNd95o_2nl (<regex_automata::util::pool::inner::Pool<regex_automata::meta::regex::Cache, alloc::boxed::Box<dyn core::ops::function::Fn<(), Output = regex_automata::meta::regex::Cache> + core::panic::unwind_safe::RefUnwindSafe + core::panic::unwind_safe::UnwindSafe + core::marker::Send + core::marker::Sync>>>::get_slow)
{"function": "_RNvMs2_NtNtNtCs6pFaPYQxa0S_14regex_automata4util4pool5innerINtB5_4PoolNtNtNtBb_4meta5regex5CacheINtNtCs6i54tJFfzR_5alloc5boxed3BoxDINtNtNtCsgxBkk5gSRhY_4core3ops8function2FnuEp6OutputB16_NtNtNtB2c_5panic11unwind_safe13RefUnwindSafeNtB31_10UnwindSafeNtNtB2c_6marker4SendNtB41_4SyncEL_EE8get_slowCs1dPCSYNd95o_2nl", "function_demangled": "<regex_automata::util::pool::inner::Pool<regex_automata::meta::regex::Cache, alloc::boxed::Box<dyn core::ops::function::Fn<(), Output = regex_automata::meta::regex::Cache> + core::panic::unwind_safe::RefUnwindSafe + core::panic::unwind_safe::UnwindSafe + core::marker::Send + core::marker::Sync>>>::get_slow", "header": "bb13", "depth": 1, "latch_count": 1, "subloop_count": 0, "src_loc": [{"col":22,"dir":"/usr/local/cargo/registry/src/index.crates.io-1949cf8c6b5b557f/regex-automata-0.4.18","file":"src/util/pool.rs","line":641}]}
FUNCTION _RNvMs2_NtNtNtCs6pFaPYQxa0S_14regex_automata4util4pool5innerINtB5_4PoolNtNtNtBb_4meta5regex5CacheINtNtCs6i54tJFfzR_5alloc5boxed3BoxDINtNtNtCsgxBkk5gSRhY_4core3ops8function2FnuEp6OutputB16_NtNtNtB2c_5panic11unwind_safe13RefUnwindSafeNtB31_10UnwindSafeNtNtB2c_6marker4SendNtB41_4SyncEL_EE11guard_ownedCs1dPCSYNd95o_2nl (<regex_automata::util::pool::inner::Pool<regex_automata::meta::regex::Cache, alloc::boxed::Box<dyn core::ops::function::Fn<(), Output = regex_automata::meta::regex::Cache> + core::panic::unwind_safe::RefUnwindSafe + core::panic::unwind_safe::UnwindSafe + core::marker::Send + core::marker::Sync>>>::guard_owned)
FUNCTION _RNvMs16_NtNtCsgxBkk5gSRhY_4core4sync6atomicINtB6_6AtomicjE16compare_exchangeCs1dPCSYNd95o_2nl (<core::sync::atomic::Atomic<usize>>::compare_exchange)
FUNCTION _RNvXsv_NtCs6i54tJFfzR_5alloc5boxedINtB5_3BoxDINtNtNtCsgxBkk5gSRhY_4core3ops8function2FnuEp6OutputNtNtNtCs6pFaPYQxa0S_14regex_automata4meta5regex5CacheNtNtNtBO_5panic11unwind_safe13RefUnwindSafeNtB2q_10UnwindSafeNtNtBO_6marker4SendNtB3p_4SyncEL_EIBI_uE4callCs1dPCSYNd95o_2nl (<alloc::boxed::Box<dyn core::ops::function::Fn<(), Output = regex_automata::meta::regex::Cache> + core::panic::unwind_safe::RefUnwindSafe + core::panic::unwind_safe::UnwindSafe + core::marker::Send + core::marker::Sync> as core::ops::function::Fn<()>>::call)
FUNCTION _RNvMs2_NtNtNtCs6pFaPYQxa0S_14regex_automata4util4pool5innerINtB5_4PoolNtNtNtBb_4meta5regex5CacheINtNtCs6i54tJFfzR_5alloc5boxed3BoxDINtNtNtCsgxBkk5gSRhY_4core3ops8function2FnuEp6OutputB16_NtNtNtB2c_5panic11unwind_safe13RefUnwindSafeNtB31_10UnwindSafeNtNtB2c_6marker4SendNtB41_4SyncEL_EE21guard_stack_transientCs1dPCSYNd95o_2nl (<regex_automata::util::pool::inner::Pool<regex_automata::meta::regex::Cache, alloc::boxed::Box<dyn core::ops::function::Fn<(), Output = regex_automata::meta::regex::Cache> + core::panic::unwind_safe::RefUnwindSafe + core::panic::unwind_safe::UnwindSafe + core::marker::Send + core::marker::Sync>>>::guard_stack_transient)
FUNCTION _RNvMs_NtCs6i54tJFfzR_5alloc3vecINtB4_3VecINtNtB6_5boxed3BoxNtNtNtCs6pFaPYQxa0S_14regex_automata4meta5regex5CacheEE3popCs1dPCSYNd95o_2nl (<alloc::vec::Vec<alloc::boxed::Box<regex_automata::meta::regex::Cache>>>::pop)
FUNCTION _RNvMs2_NtNtNtCs6pFaPYQxa0S_14regex_automata4util4pool5innerINtB5_4PoolNtNtNtBb_4meta5regex5CacheINtNtCs6i54tJFfzR_5alloc5boxed3BoxDINtNtNtCsgxBkk5gSRhY_4core3ops8function2FnuEp6OutputB16_NtNtNtB2c_5panic11unwind_safe13RefUnwindSafeNtB31_10UnwindSafeNtNtB2c_6marker4SendNtB41_4SyncEL_EE11guard_stackCs1dPCSYNd95o_2nl (<regex_automata::util::pool::inner::Pool<regex_automata::meta::regex::Cache, alloc::boxed::Box<dyn core::ops::function::Fn<(), Output = regex_automata::meta::regex::Cache> + core::panic::unwind_safe::RefUnwindSafe + core::panic::unwind_safe::UnwindSafe + core::marker::Send + core::marker::Sync>>>::guard_stack)
FUNCTION _RINvNtCsgxBkk5gSRhY_4core3mem4dropINtNtNtNtCs9k3SxhrAWiO_3std4sync6poison5mutex10MutexGuardINtNtCs6i54tJFfzR_5alloc3vec3VecINtNtB1w_5boxed3BoxNtNtNtCs6pFaPYQxa0S_14regex_automata4meta5regex5CacheEEEECs1dPCSYNd95o_2nl (core::mem::drop::<std::sync::poison::mutex::MutexGuard<alloc::vec::Vec<alloc::boxed::Box<regex_automata::meta::regex::Cache>>>>)
FUNCTION _RNvNvNtCsgxBkk5gSRhY_4core4hint16assert_unchecked18precondition_checkCs1dPCSYNd95o_2nl (core::hint::assert_unchecked::precondition_check)
FUNCTION _RINvMs2_NtNtCs9k3SxhrAWiO_3std6thread5localINtB6_8LocalKeyjE8try_withNCNvMs2_NtNtNtCs6pFaPYQxa0S_14regex_automata4util4pool5innerINtB1d_4PoolNtNtNtB1j_4meta5regex5CacheINtNtCs6i54tJFfzR_5alloc5boxed3BoxDINtNtNtCsgxBkk5gSRhY_4core3ops8function2FnuEp6OutputB2f_NtNtNtB3m_5panic11unwind_safe13RefUnwindSafeNtB4b_10UnwindSafeNtNtB3m_6marker4SendNtB5b_4SyncEL_EE3get0jECs1dPCSYNd95o_2nl (<std::thread::local::LocalKey<usize>>::try_with::<<regex_automata::util::pool::inner::Pool<regex_automata::meta::regex::Cache, alloc::boxed::Box<dyn core::ops::function::Fn<(), Output = regex_automata::meta::regex::Cache> + core::panic::unwind_safe::RefUnwindSafe + core::panic::unwind_safe::UnwindSafe + core::marker::Send + core::marker::Sync>>>::get::{closure#0}, usize>)
FUNCTION _RNCNvMs2_NtNtNtCs6pFaPYQxa0S_14regex_automata4util4pool5innerINtB7_4PoolNtNtNtBd_4meta5regex5CacheINtNtCs6i54tJFfzR_5alloc5boxed3BoxDINtNtNtCsgxBkk5gSRhY_4core3ops8function2FnuEp6OutputB18_NtNtNtB2e_5panic11unwind_safe13RefUnwindSafeNtB33_10UnwindSafeNtNtB2e_6marker4SendNtB43_4SyncEL_EE3get0Cs1dPCSYNd95o_2nl (<regex_automata::util::pool::inner::Pool<regex_automata::meta::regex::Cache, alloc::boxed::Box<dyn core::ops::function::Fn<(), Output = regex_automata::meta::regex::Cache> + core::panic::unwind_safe::RefUnwindSafe + core::panic::unwind_safe::UnwindSafe + core::marker::Send + core::marker::Sync>>>::get::{closure#0})
FUNCTION _RNvMsk_NtCsayBMAPCPtHe_12regex_syntax3hirNtB5_4Look7as_reprCs1dPCSYNd95o_2nl (<regex_syntax::hir::Look>::as_repr)
FUNCTION _RNvMNtNtCs6pFaPYQxa0S_14regex_automata4util6searchNtB2_5Input12set_earliestCs1dPCSYNd95o_2nl (<regex_automata::util::search::Input>::set_earliest)
FUNCTION _RINvMNtCsgxBkk5gSRhY_4core6resultINtB3_6ResultuNtNtNtB5_2io5error5ErrorE7map_errINtNtCs6i54tJFfzR_5alloc5boxed3BoxDNtNtNtCs2YF497ZVQEG_6uucore4mods5error6UErrorEL_ENCINvXsc_B1R_Bv_INtB1R_6FromIoIBw_uB1g_EE15map_err_contextNCINvCsL1Yq96M8oh_5uu_nl2nlNtNtNtCs9k3SxhrAWiO_3std2io5stdio5StdinEs_0E0ECs1dPCSYNd95o_2nl (<core::result::Result<(), core::io::error::Error>>::map_err::<alloc::boxed::Box<dyn uucore::mods::error::UError>, <core::result::Result<(), core::io::error::Error> as uucore::mods::error::FromIo<core::result::Result<(), alloc::boxed::Box<dyn uucore::mods::error::UError>>>>::map_err_context<uu_nl::nl<std::io::stdio::Stdin>::{closure#1}>::{closure#0}>)
FUNCTION _RNCINvXsc_NtNtCs2YF497ZVQEG_6uucore4mods5errorINtNtCsgxBkk5gSRhY_4core6result6ResultuNtNtNtBN_2io5error5ErrorEINtB8_6FromIoIBJ_uINtNtCs6i54tJFfzR_5alloc5boxed3BoxDNtB8_6UErrorEL_EEE15map_err_contextNCINvCsL1Yq96M8oh_5uu_nl2nlNtNtNtCs9k3SxhrAWiO_3std2io5stdio5StdinEs_0E0Cs1dPCSYNd95o_2nl (<core::result::Result<(), core::io::error::Error> as uucore::mods::error::FromIo<core::result::Result<(), alloc::boxed::Box<dyn uucore::mods::error::UError>>>>::map_err_context::<uu_nl::nl<std::io::stdio::Stdin>::{closure#1}>::{closure#0})
FUNCTION _RINvXsb_NtNtCs2YF497ZVQEG_6uucore4mods5errorNtNtNtCsgxBkk5gSRhY_4core2io5error5ErrorINtB6_6FromIoINtNtCs6i54tJFfzR_5alloc5boxed3BoxNtB6_8UIoErrorEE15map_err_contextNCINvCsL1Yq96M8oh_5uu_nl2nlNtNtNtCs9k3SxhrAWiO_3std2io5stdio5StdinEs_0ECs1dPCSYNd95o_2nl (<core::io::error::Error as uucore::mods::error::FromIo<alloc::boxed::Box<uucore::mods::error::UIoError>>>::map_err_context::<uu_nl::nl<std::io::stdio::Stdin>::{closure#1}>)
FUNCTION _RNCINvCsL1Yq96M8oh_5uu_nl2nlNtNtNtCs9k3SxhrAWiO_3std2io5stdio5StdinEs_0Cs1dPCSYNd95o_2nl (uu_nl::nl::<std::io::stdio::Stdin>::{closure#1})
FUNCTION _RNvMs4_NtCsgxBkk5gSRhY_4core3fmtNtB5_9Arguments23as_statically_known_strCs1dPCSYNd95o_2nl (<core::fmt::Arguments>::as_statically_known_str)
FUNCTION _RINvNtCs9k3SxhrAWiO_3std2io17default_write_fmtINtNtNtB2_8buffered9bufwriter9BufWriterNtNtB2_5stdio6StdoutEECs1dPCSYNd95o_2nl (std::io::default_write_fmt::<std::io::buffered::bufwriter::BufWriter<std::io::stdio::Stdout>>)
FUNCTION _RINvNtCsgxBkk5gSRhY_4core3ptr9drop_glueINtNvNtCs9k3SxhrAWiO_3std2io17default_write_fmt7AdapterINtNtNtBG_8buffered9bufwriter9BufWriterNtNtBG_5stdio6StdoutEEECs1dPCSYNd95o_2nl (core::ptr::drop_glue::<std::io::default_write_fmt::Adapter<std::io::buffered::bufwriter::BufWriter<std::io::stdio::Stdout>>>)
FUNCTION _RNvXNvNtCs9k3SxhrAWiO_3std2io17default_write_fmtINtB2_7AdapterINtNtNtB4_8buffered9bufwriter9BufWriterNtNtB4_5stdio6StdoutEENtNtCsgxBkk5gSRhY_4core3fmt5Write9write_strCs1dPCSYNd95o_2nl (<std::io::default_write_fmt::Adapter<std::io::buffered::bufwriter::BufWriter<std::io::stdio::Stdout>> as core::fmt::Write>::write_str)
FUNCTION _RNvYINtNvNtCs9k3SxhrAWiO_3std2io17default_write_fmt7AdapterINtNtNtB7_8buffered9bufwriter9BufWriterNtNtB7_5stdio6StdoutEENtNtCsgxBkk5gSRhY_4core3fmt5Write10write_charCs1dPCSYNd95o_2nl (<std::io::default_write_fmt::Adapter<std::io::buffered::bufwriter::BufWriter<std::io::stdio::Stdout>> as core::fmt::Write>::write_char)
FUNCTION _RNvYINtNvNtCs9k3SxhrAWiO_3std2io17default_write_fmt7AdapterINtNtNtB7_8buffered9bufwriter9BufWriterNtNtB7_5stdio6StdoutEENtNtCsgxBkk5gSRhY_4core3fmt5Write9write_fmtCs1dPCSYNd95o_2nl (<std::io::default_write_fmt::Adapter<std::io::buffered::bufwriter::BufWriter<std::io::stdio::Stdout>> as core::fmt::Write>::write_fmt)
FUNCTION _RNvXs_NvNtNtCsgxBkk5gSRhY_4core3fmt5Write9write_fmtQINtNvNtCs9k3SxhrAWiO_3std2io17default_write_fmt7AdapterINtNtNtBT_8buffered9bufwriter9BufWriterNtNtBT_5stdio6StdoutEENtB4_12SpecWriteFmt14spec_write_fmtCs1dPCSYNd95o_2nl (<&mut std::io::default_write_fmt::Adapter<std::io::buffered::bufwriter::BufWriter<std::io::stdio::Stdout>> as core::fmt::Write::write_fmt::SpecWriteFmt>::spec_write_fmt)
FUNCTION _RNvNtNtCsgxBkk5gSRhY_4core4char7methods15encode_utf8_rawCs1dPCSYNd95o_2nl (core::char::methods::encode_utf8_raw)
FUNCTION _RNvNtNtCsgxBkk5gSRhY_4core4char7methods25encode_utf8_raw_uncheckedCs1dPCSYNd95o_2nl (core::char::methods::encode_utf8_raw_unchecked)
FUNCTION _RNvNvNvNtNtCsgxBkk5gSRhY_4core4char7methods15encode_utf8_raw8do_panic7runtimeCs1dPCSYNd95o_2nl (core::char::methods::encode_utf8_raw::do_panic::runtime)
FUNCTION _RNvNvNtNtCsgxBkk5gSRhY_4core5slice3raw18from_raw_parts_mut18precondition_checkCs1dPCSYNd95o_2nl (core::slice::raw::from_raw_parts_mut::precondition_check)
FUNCTION _RNvXs1_NtNtCs9k3SxhrAWiO_3std3ffi6os_strNtB5_8OsStringINtNtNtCsgxBkk5gSRhY_4core3ops5index5IndexNtNtBV_5range9RangeFullE5indexCs1dPCSYNd95o_2nl (<std::ffi::os_str::OsString as core::ops::index::Index<core::ops::range::RangeFull>>::index)
FUNCTION _RNCINvCsL1Yq96M8oh_5uu_nl2nlNtNtNtCs9k3SxhrAWiO_3std2io5stdio5StdinE0Cs1dPCSYNd95o_2nl (uu_nl::nl::<std::io::stdio::Stdin>::{closure#0})
FUNCTION _RINvNtCs9k3SxhrAWiO_3std2io10read_untilINtNtNtB2_8buffered9bufreader9BufReaderNtNtB2_5stdio5StdinEECs1dPCSYNd95o_2nl (std::io::read_until::<std::io::buffered::bufreader::BufReader<std::io::stdio::Stdin>>)
{"function": "_RINvNtCs9k3SxhrAWiO_3std2io10read_untilINtNtNtB2_8buffered9bufreader9BufReaderNtNtB2_5stdio5StdinEECs1dPCSYNd95o_2nl", "function_demangled": "std::io::read_until::<std::io::buffered::bufreader::BufReader<std::io::stdio::Stdin>>", "header": "bb1", "depth": 1, "latch_count": 2, "subloop_count": 0, "src_loc": [{"col":29,"dir":"/rustc/48a229ceaefd4985c50990b14116b6d856af0985","file":"library/std/src/io/mod.rs","line":2002}]}
FUNCTION _RNvXs4_NtNtNtCs9k3SxhrAWiO_3std2io8buffered9bufreaderINtB5_9BufReaderNtNtB9_5stdio5StdinENtB9_7BufRead8fill_bufCs1dPCSYNd95o_2nl (<std::io::buffered::bufreader::BufReader<std::io::stdio::Stdin> as std::io::BufRead>::fill_buf)
FUNCTION _RNvNtNtCsgxBkk5gSRhY_4core5slice6memchr6memchrCs1dPCSYNd95o_2nl (core::slice::memchr::memchr)
{"function": "_RNvNtNtCsgxBkk5gSRhY_4core5slice6memchr6memchrCs1dPCSYNd95o_2nl", "function_demangled": "core::slice::memchr::memchr", "header": "bb5", "depth": 1, "latch_count": 1, "subloop_count": 0, "src_loc": [{"col":11,"dir":"/rustc/48a229ceaefd4985c50990b14116b6d856af0985","file":"library/core/src/slice/memchr.rs","line":39},{"col":16,"dir":"/rustc/48a229ceaefd4985c50990b14116b6d856af0985","file":"library/core/src/slice/memchr.rs","line":28}]}
FUNCTION _RNvNvMNtNtCsgxBkk5gSRhY_4core3ptr9const_ptrPp20offset_from_unsigned18precondition_checkCs1dPCSYNd95o_2nl (<*const _>::offset_from_unsigned::precondition_check)
FUNCTION _RNvXs4_NtNtNtCs9k3SxhrAWiO_3std2io8buffered9bufreaderINtB5_9BufReaderNtNtB9_5stdio5StdinENtB9_7BufRead7consumeCs1dPCSYNd95o_2nl (<std::io::buffered::bufreader::BufReader<std::io::stdio::Stdin> as std::io::BufRead>::consume)
FUNCTION _RINvNtCsgxBkk5gSRhY_4core3ptr9drop_glueINtNtB4_6result6ResultRShNtNtNtB4_2io5error5ErrorEECs1dPCSYNd95o_2nl (core::ptr::drop_glue::<core::result::Result<&[u8], core::io::error::Error>>)
FUNCTION _RINvMNtNtNtNtCs9k3SxhrAWiO_3std2io8buffered9bufreader6bufferNtB3_6Buffer8fill_bufQNtNtB9_5stdio5StdinECs1dPCSYNd95o_2nl (<std::io::buffered::bufreader::buffer::Buffer>::fill_buf::<&mut std::io::stdio::Stdin>)
FUNCTION _RNvXNtNtCs9k3SxhrAWiO_3std2io5implsQNtNtB4_5stdio5StdinNtB4_4Read8read_bufCs1dPCSYNd95o_2nl (<&mut std::io::stdio::Stdin as std::io::Read>::read_buf)
FUNCTION _RNvNvXs2_NtNtCsgxBkk5gSRhY_4core5slice5indexINtNtNtBb_3ops5range5RangejEINtB7_10SliceIndexSpE13get_unchecked18precondition_checkCs1dPCSYNd95o_2nl (<core::ops::range::Range<usize> as core::slice::index::SliceIndex<[_]>>::get_unchecked::precondition_check)
FUNCTION _RNvXs7_NtNtNtCs9k3SxhrAWiO_3std2io8buffered9bufwriterINtB5_9BufWriterNtNtB9_5stdio6StdoutENtNtNtCsgxBkk5gSRhY_4core3ops4drop4Drop4dropCs1dPCSYNd95o_2nl (<std::io::buffered::bufwriter::BufWriter<std::io::stdio::Stdout> as core::ops::drop::Drop>::drop)
FUNCTION _RNvMNtNtNtCs9k3SxhrAWiO_3std2io8buffered9bufwriterINtB2_9BufWriterNtNtB6_5stdio6StdoutE13with_capacityCs1dPCSYNd95o_2nl (<std::io::buffered::bufwriter::BufWriter<std::io::stdio::Stdout>>::with_capacity)
FUNCTION _RNvMNtNtNtCs9k3SxhrAWiO_3std2io8buffered9bufreaderINtB2_9BufReaderNtNtB6_5stdio5StdinE13with_capacityCs1dPCSYNd95o_2nl (<std::io::buffered::bufreader::BufReader<std::io::stdio::Stdin>>::with_capacity)
FUNCTION _RNvMs2_NtCs6i54tJFfzR_5alloc5boxedINtB5_3BoxShE16new_uninit_sliceCs1dPCSYNd95o_2nl (<alloc::boxed::Box<[u8]>>::new_uninit_slice)
FUNCTION _RNvXsC_NtCs6i54tJFfzR_5alloc6stringNtCshCYJtwdHXUA_10os_display6QuotedNtB5_12SpecToString14spec_to_stringCs1dPCSYNd95o_2nl (<os_display::Quoted as alloc::string::SpecToString>::spec_to_string)
FUNCTION _RNvXsZ_NtCs6i54tJFfzR_5alloc6stringNtB5_6StringNtNtCsgxBkk5gSRhY_4core3fmt5Write9write_strCs1dPCSYNd95o_2nl (<alloc::string::String as core::fmt::Write>::write_str)
FUNCTION _RNvXsZ_NtCs6i54tJFfzR_5alloc6stringNtB5_6StringNtNtCsgxBkk5gSRhY_4core3fmt5Write10write_charCs1dPCSYNd95o_2nl (<alloc::string::String as core::fmt::Write>::write_char)
FUNCTION _RNvMNtCs6i54tJFfzR_5alloc6stringNtB2_6String4pushCs1dPCSYNd95o_2nl (<alloc::string::String>::push)
FUNCTION _RNvMNtCs6i54tJFfzR_5alloc6stringNtB2_6String8push_strCs1dPCSYNd95o_2nl (<alloc::string::String>::push_str)
FUNCTION _RNvXsm_NtCs6i54tJFfzR_5alloc5boxedINtB5_3BoxNtNtNtCs2YF497ZVQEG_6uucore4mods5error8UIoErrorENtNtCsgxBkk5gSRhY_4core3fmt7Display3fmtCs1dPCSYNd95o_2nl (<alloc::boxed::Box<uucore::mods::error::UIoError> as core::fmt::Display>::fmt)
FUNCTION _RNvXs8_NtCs6i54tJFfzR_5alloc5boxedINtB5_3BoxNtNtNtCs2YF497ZVQEG_6uucore4mods5error8UIoErrorENtNtNtCsgxBkk5gSRhY_4core3ops4drop4Drop4dropCs1dPCSYNd95o_2nl (<alloc::boxed::Box<uucore::mods::error::UIoError> as core::ops::drop::Drop>::drop)
FUNCTION _RNCINvNvCsL1Yq96M8oh_5uu_nl6uumain6uumainINtNtNtNtCsgxBkk5gSRhY_4core4iter8adapters6cloned6ClonedINtNtNtBM_5slice4iter4IterNtNtNtCs9k3SxhrAWiO_3std3ffi6os_str8OsStringEEE0Cs1dPCSYNd95o_2nl (uu_nl::uumain::uumain::<core::iter::adapters::cloned::Cloned<core::slice::iter::Iter<std::ffi::os_str::OsString>>>::{closure#0})
FUNCTION _RNvYNtNtNtCs9k3SxhrAWiO_3std3ffi6os_str5OsStrNtNtCshCYJtwdHXUA_10os_display6native8Quotable11maybe_quoteCs1dPCSYNd95o_2nl (<std::ffi::os_str::OsStr as os_display::native::Quotable>::maybe_quote)
FUNCTION _RINvNtCsgxBkk5gSRhY_4core3ptr9drop_glueNtNtCs9k3SxhrAWiO_3std2fs4FileECs1dPCSYNd95o_2nl (core::ptr::drop_glue::<std::fs::File>)
FUNCTION _RINvNtCsgxBkk5gSRhY_4core3ptr9drop_glueNtNtNtNtCs9k3SxhrAWiO_3std3sys2fs4unix4FileECs1dPCSYNd95o_2nl (core::ptr::drop_glue::<std::sys::fs::unix::File>)
FUNCTION _RINvNtCsgxBkk5gSRhY_4core3ptr9drop_glueNtNtNtNtCs9k3SxhrAWiO_3std3sys2fd4unix8FileDescECs1dPCSYNd95o_2nl (core::ptr::drop_glue::<std::sys::fd::unix::FileDesc>)
FUNCTION _RNvYINtNtNtNtCs9k3SxhrAWiO_3std2io8buffered9bufreader9BufReaderNtNtBb_2fs4FileENtB9_7BufRead10read_untilCs1dPCSYNd95o_2nl (<std::io::buffered::bufreader::BufReader<std::fs::File> as std::io::BufRead>::read_until)
FUNCTION _RINvMs_NtCs6i54tJFfzR_5alloc3vecINtB5_3VechE6pop_ifNCINvCsL1Yq96M8oh_5uu_nl2nlNtNtCs9k3SxhrAWiO_3std2fs4FileE0ECs1dPCSYNd95o_2nl (<alloc::vec::Vec<u8>>::pop_if::<uu_nl::nl<std::fs::File>::{closure#0}>)
FUNCTION _RINvXsc_NtNtCs2YF497ZVQEG_6uucore4mods5errorINtNtCsgxBkk5gSRhY_4core6result6ResultuNtNtNtBL_2io5error5ErrorEINtB6_6FromIoIBH_uINtNtCs6i54tJFfzR_5alloc5boxed3BoxDNtB6_6UErrorEL_EEE15map_err_contextNCINvCsL1Yq96M8oh_5uu_nl2nlNtNtCs9k3SxhrAWiO_3std2fs4FileEs_0ECs1dPCSYNd95o_2nl (<core::result::Result<(), core::io::error::Error> as uucore::mods::error::FromIo<core::result::Result<(), alloc::boxed::Box<dyn uucore::mods::error::UError>>>>::map_err_context::<uu_nl::nl<std::fs::File>::{closure#1}>)
FUNCTION _RINvMNtCsgxBkk5gSRhY_4core6optionINtB3_6OptionxE10ok_or_elseINtNtCs6i54tJFfzR_5alloc5boxed3BoxDNtNtNtCs2YF497ZVQEG_6uucore4mods5error6UErrorEL_ENCINvCsL1Yq96M8oh_5uu_nl2nlNtNtCs9k3SxhrAWiO_3std2fs4FileEs0_0ECs1dPCSYNd95o_2nl (<core::option::Option<i64>>::ok_or_else::<alloc::boxed::Box<dyn uucore::mods::error::UError>, uu_nl::nl<std::fs::File>::{closure#2}>)
FUNCTION _RINvXsc_NtNtCs2YF497ZVQEG_6uucore4mods5errorINtNtCsgxBkk5gSRhY_4core6result6ResultuNtNtNtBL_2io5error5ErrorEINtB6_6FromIoIBH_uINtNtCs6i54tJFfzR_5alloc5boxed3BoxDNtB6_6UErrorEL_EEE15map_err_contextNCINvCsL1Yq96M8oh_5uu_nl2nlNtNtCs9k3SxhrAWiO_3std2fs4FileEs3_0ECs1dPCSYNd95o_2nl (<core::result::Result<(), core::io::error::Error> as uucore::mods::error::FromIo<core::result::Result<(), alloc::boxed::Box<dyn uucore::mods::error::UError>>>>::map_err_context::<uu_nl::nl<std::fs::File>::{closure#5}>)
FUNCTION _RINvXsc_NtNtCs2YF497ZVQEG_6uucore4mods5errorINtNtCsgxBkk5gSRhY_4core6result6ResultuNtNtNtBL_2io5error5ErrorEINtB6_6FromIoIBH_uINtNtCs6i54tJFfzR_5alloc5boxed3BoxDNtB6_6UErrorEL_EEE15map_err_contextNCINvCsL1Yq96M8oh_5uu_nl2nlNtNtCs9k3SxhrAWiO_3std2fs4FileEs1_0ECs1dPCSYNd95o_2nl (<core::result::Result<(), core::io::error::Error> as uucore::mods::error::FromIo<core::result::Result<(), alloc::boxed::Box<dyn uucore::mods::error::UError>>>>::map_err_context::<uu_nl::nl<std::fs::File>::{closure#3}>)
FUNCTION _RINvXsc_NtNtCs2YF497ZVQEG_6uucore4mods5errorINtNtCsgxBkk5gSRhY_4core6result6ResultuNtNtNtBL_2io5error5ErrorEINtB6_6FromIoIBH_uINtNtCs6i54tJFfzR_5alloc5boxed3BoxDNtB6_6UErrorEL_EEE15map_err_contextNCINvCsL1Yq96M8oh_5uu_nl2nlNtNtCs9k3SxhrAWiO_3std2fs4FileEs2_0ECs1dPCSYNd95o_2nl (<core::result::Result<(), core::io::error::Error> as uucore::mods::error::FromIo<core::result::Result<(), alloc::boxed::Box<dyn uucore::mods::error::UError>>>>::map_err_context::<uu_nl::nl<std::fs::File>::{closure#4}>)
FUNCTION _RINvXsc_NtNtCs2YF497ZVQEG_6uucore4mods5errorINtNtCsgxBkk5gSRhY_4core6result6ResultuNtNtNtBL_2io5error5ErrorEINtB6_6FromIoIBH_uINtNtCs6i54tJFfzR_5alloc5boxed3BoxDNtB6_6UErrorEL_EEE15map_err_contextNCINvCsL1Yq96M8oh_5uu_nl2nlNtNtCs9k3SxhrAWiO_3std2fs4FileEs4_0ECs1dPCSYNd95o_2nl (<core::result::Result<(), core::io::error::Error> as uucore::mods::error::FromIo<core::result::Result<(), alloc::boxed::Box<dyn uucore::mods::error::UError>>>>::map_err_context::<uu_nl::nl<std::fs::File>::{closure#6}>)
FUNCTION _RINvXsb_NtNtCs2YF497ZVQEG_6uucore4mods5errorNtNtNtCsgxBkk5gSRhY_4core2io5error5ErrorINtB6_6FromIoINtNtCs6i54tJFfzR_5alloc5boxed3BoxNtB6_8UIoErrorEE15map_err_contextNCINvCsL1Yq96M8oh_5uu_nl2nlNtNtCs9k3SxhrAWiO_3std2fs4FileEs6_0ECs1dPCSYNd95o_2nl (<core::io::error::Error as uucore::mods::error::FromIo<alloc::boxed::Box<uucore::mods::error::UIoError>>>::map_err_context::<uu_nl::nl<std::fs::File>::{closure#8}>)
FUNCTION _RINvXsc_NtNtCs2YF497ZVQEG_6uucore4mods5errorINtNtCsgxBkk5gSRhY_4core6result6ResultuNtNtNtBL_2io5error5ErrorEINtB6_6FromIoIBH_uINtNtCs6i54tJFfzR_5alloc5boxed3BoxDNtB6_6UErrorEL_EEE15map_err_contextNCINvCsL1Yq96M8oh_5uu_nl2nlNtNtCs9k3SxhrAWiO_3std2fs4FileEs5_0ECs1dPCSYNd95o_2nl (<core::result::Result<(), core::io::error::Error> as uucore::mods::error::FromIo<core::result::Result<(), alloc::boxed::Box<dyn uucore::mods::error::UError>>>>::map_err_context::<uu_nl::nl<std::fs::File>::{closure#7}>)
FUNCTION _RINvMNtCsgxBkk5gSRhY_4core6resultINtB3_6ResultuNtNtNtB5_2io5error5ErrorE7map_errINtNtCs6i54tJFfzR_5alloc5boxed3BoxDNtNtNtCs2YF497ZVQEG_6uucore4mods5error6UErrorEL_ENCINvXsc_B1R_Bv_INtB1R_6FromIoIBw_uB1g_EE15map_err_contextNCINvCsL1Yq96M8oh_5uu_nl2nlNtNtCs9k3SxhrAWiO_3std2fs4FileEs5_0E0ECs1dPCSYNd95o_2nl (<core::result::Result<(), core::io::error::Error>>::map_err::<alloc::boxed::Box<dyn uucore::mods::error::UError>, <core::result::Result<(), core::io::error::Error> as uucore::mods::error::FromIo<core::result::Result<(), alloc::boxed::Box<dyn uucore::mods::error::UError>>>>::map_err_context<uu_nl::nl<std::fs::File>::{closure#7}>::{closure#0}>)
FUNCTION _RNCINvXsc_NtNtCs2YF497ZVQEG_6uucore4mods5errorINtNtCsgxBkk5gSRhY_4core6result6ResultuNtNtNtBN_2io5error5ErrorEINtB8_6FromIoIBJ_uINtNtCs6i54tJFfzR_5alloc5boxed3BoxDNtB8_6UErrorEL_EEE15map_err_contextNCINvCsL1Yq96M8oh_5uu_nl2nlNtNtCs9k3SxhrAWiO_3std2fs4FileEs5_0E0Cs1dPCSYNd95o_2nl (<core::result::Result<(), core::io::error::Error> as uucore::mods::error::FromIo<core::result::Result<(), alloc::boxed::Box<dyn uucore::mods::error::UError>>>>::map_err_context::<uu_nl::nl<std::fs::File>::{closure#7}>::{closure#0})
FUNCTION _RINvXsb_NtNtCs2YF497ZVQEG_6uucore4mods5errorNtNtNtCsgxBkk5gSRhY_4core2io5error5ErrorINtB6_6FromIoINtNtCs6i54tJFfzR_5alloc5boxed3BoxNtB6_8UIoErrorEE15map_err_contextNCINvCsL1Yq96M8oh_5uu_nl2nlNtNtCs9k3SxhrAWiO_3std2fs4FileEs5_0ECs1dPCSYNd95o_2nl (<core::io::error::Error as uucore::mods::error::FromIo<alloc::boxed::Box<uucore::mods::error::UIoError>>>::map_err_context::<uu_nl::nl<std::fs::File>::{closure#7}>)
FUNCTION _RNCINvCsL1Yq96M8oh_5uu_nl2nlNtNtCs9k3SxhrAWiO_3std2fs4FileEs5_0Cs1dPCSYNd95o_2nl (uu_nl::nl::<std::fs::File>::{closure#7})
FUNCTION _RNCINvCsL1Yq96M8oh_5uu_nl2nlNtNtCs9k3SxhrAWiO_3std2fs4FileEs6_0Cs1dPCSYNd95o_2nl (uu_nl::nl::<std::fs::File>::{closure#8})
FUNCTION _RINvMNtCsgxBkk5gSRhY_4core6resultINtB3_6ResultuNtNtNtB5_2io5error5ErrorE7map_errINtNtCs6i54tJFfzR_5alloc5boxed3BoxDNtNtNtCs2YF497ZVQEG_6uucore4mods5error6UErrorEL_ENCINvXsc_B1R_Bv_INtB1R_6FromIoIBw_uB1g_EE15map_err_contextNCINvCsL1Yq96M8oh_5uu_nl2nlNtNtCs9k3SxhrAWiO_3std2fs4FileEs4_0E0ECs1dPCSYNd95o_2nl (<core::result::Result<(), core::io::error::Error>>::map_err::<alloc::boxed::Box<dyn uucore::mods::error::UError>, <core::result::Result<(), core::io::error::Error> as uucore::mods::error::FromIo<core::result::Result<(), alloc::boxed::Box<dyn uucore::mods::error::UError>>>>::map_err_context<uu_nl::nl<std::fs::File>::{closure#6}>::{closure#0}>)
FUNCTION _RNCINvXsc_NtNtCs2YF497ZVQEG_6uucore4mods5errorINtNtCsgxBkk5gSRhY_4core6result6ResultuNtNtNtBN_2io5error5ErrorEINtB8_6FromIoIBJ_uINtNtCs6i54tJFfzR_5alloc5boxed3BoxDNtB8_6UErrorEL_EEE15map_err_contextNCINvCsL1Yq96M8oh_5uu_nl2nlNtNtCs9k3SxhrAWiO_3std2fs4FileEs4_0E0Cs1dPCSYNd95o_2nl (<core::result::Result<(), core::io::error::Error> as uucore::mods::error::FromIo<core::result::Result<(), alloc::boxed::Box<dyn uucore::mods::error::UError>>>>::map_err_context::<uu_nl::nl<std::fs::File>::{closure#6}>::{closure#0})
FUNCTION _RINvXsb_NtNtCs2YF497ZVQEG_6uucore4mods5errorNtNtNtCsgxBkk5gSRhY_4core2io5error5ErrorINtB6_6FromIoINtNtCs6i54tJFfzR_5alloc5boxed3BoxNtB6_8UIoErrorEE15map_err_contextNCINvCsL1Yq96M8oh_5uu_nl2nlNtNtCs9k3SxhrAWiO_3std2fs4FileEs4_0ECs1dPCSYNd95o_2nl (<core::io::error::Error as uucore::mods::error::FromIo<alloc::boxed::Box<uucore::mods::error::UIoError>>>::map_err_context::<uu_nl::nl<std::fs::File>::{closure#6}>)
FUNCTION _RNCINvCsL1Yq96M8oh_5uu_nl2nlNtNtCs9k3SxhrAWiO_3std2fs4FileEs4_0Cs1dPCSYNd95o_2nl (uu_nl::nl::<std::fs::File>::{closure#6})
FUNCTION _RINvMNtCsgxBkk5gSRhY_4core6resultINtB3_6ResultuNtNtNtB5_2io5error5ErrorE7map_errINtNtCs6i54tJFfzR_5alloc5boxed3BoxDNtNtNtCs2YF497ZVQEG_6uucore4mods5error6UErrorEL_ENCINvXsc_B1R_Bv_INtB1R_6FromIoIBw_uB1g_EE15map_err_contextNCINvCsL1Yq96M8oh_5uu_nl2nlNtNtCs9k3SxhrAWiO_3std2fs4FileEs2_0E0ECs1dPCSYNd95o_2nl (<core::result::Result<(), core::io::error::Error>>::map_err::<alloc::boxed::Box<dyn uucore::mods::error::UError>, <core::result::Result<(), core::io::error::Error> as uucore::mods::error::FromIo<core::result::Result<(), alloc::boxed::Box<dyn uucore::mods::error::UError>>>>::map_err_context<uu_nl::nl<std::fs::File>::{closure#4}>::{closure#0}>)
FUNCTION _RNCINvXsc_NtNtCs2YF497ZVQEG_6uucore4mods5errorINtNtCsgxBkk5gSRhY_4core6result6ResultuNtNtNtBN_2io5error5ErrorEINtB8_6FromIoIBJ_uINtNtCs6i54tJFfzR_5alloc5boxed3BoxDNtB8_6UErrorEL_EEE15map_err_contextNCINvCsL1Yq96M8oh_5uu_nl2nlNtNtCs9k3SxhrAWiO_3std2fs4FileEs2_0E0Cs1dPCSYNd95o_2nl (<core::result::Result<(), core::io::error::Error> as uucore::mods::error::FromIo<core::result::Result<(), alloc::boxed::Box<dyn uucore::mods::error::UError>>>>::map_err_context::<uu_nl::nl<std::fs::File>::{closure#4}>::{closure#0})
FUNCTION _RINvXsb_NtNtCs2YF497ZVQEG_6uucore4mods5errorNtNtNtCsgxBkk5gSRhY_4core2io5error5ErrorINtB6_6FromIoINtNtCs6i54tJFfzR_5alloc5boxed3BoxNtB6_8UIoErrorEE15map_err_contextNCINvCsL1Yq96M8oh_5uu_nl2nlNtNtCs9k3SxhrAWiO_3std2fs4FileEs2_0ECs1dPCSYNd95o_2nl (<core::io::error::Error as uucore::mods::error::FromIo<alloc::boxed::Box<uucore::mods::error::UIoError>>>::map_err_context::<uu_nl::nl<std::fs::File>::{closure#4}>)
FUNCTION _RNCINvCsL1Yq96M8oh_5uu_nl2nlNtNtCs9k3SxhrAWiO_3std2fs4FileEs2_0Cs1dPCSYNd95o_2nl (uu_nl::nl::<std::fs::File>::{closure#4})
FUNCTION _RINvMNtCsgxBkk5gSRhY_4core6resultINtB3_6ResultuNtNtNtB5_2io5error5ErrorE7map_errINtNtCs6i54tJFfzR_5alloc5boxed3BoxDNtNtNtCs2YF497ZVQEG_6uucore4mods5error6UErrorEL_ENCINvXsc_B1R_Bv_INtB1R_6FromIoIBw_uB1g_EE15map_err_contextNCINvCsL1Yq96M8oh_5uu_nl2nlNtNtCs9k3SxhrAWiO_3std2fs4FileEs1_0E0ECs1dPCSYNd95o_2nl (<core::result::Result<(), core::io::error::Error>>::map_err::<alloc::boxed::Box<dyn uucore::mods::error::UError>, <core::result::Result<(), core::io::error::Error> as uucore::mods::error::FromIo<core::result::Result<(), alloc::boxed::Box<dyn uucore::mods::error::UError>>>>::map_err_context<uu_nl::nl<std::fs::File>::{closure#3}>::{closure#0}>)
FUNCTION _RNCINvXsc_NtNtCs2YF497ZVQEG_6uucore4mods5errorINtNtCsgxBkk5gSRhY_4core6result6ResultuNtNtNtBN_2io5error5ErrorEINtB8_6FromIoIBJ_uINtNtCs6i54tJFfzR_5alloc5boxed3BoxDNtB8_6UErrorEL_EEE15map_err_contextNCINvCsL1Yq96M8oh_5uu_nl2nlNtNtCs9k3SxhrAWiO_3std2fs4FileEs1_0E0Cs1dPCSYNd95o_2nl (<core::result::Result<(), core::io::error::Error> as uucore::mods::error::FromIo<core::result::Result<(), alloc::boxed::Box<dyn uucore::mods::error::UError>>>>::map_err_context::<uu_nl::nl<std::fs::File>::{closure#3}>::{closure#0})
FUNCTION _RINvXsb_NtNtCs2YF497ZVQEG_6uucore4mods5errorNtNtNtCsgxBkk5gSRhY_4core2io5error5ErrorINtB6_6FromIoINtNtCs6i54tJFfzR_5alloc5boxed3BoxNtB6_8UIoErrorEE15map_err_contextNCINvCsL1Yq96M8oh_5uu_nl2nlNtNtCs9k3SxhrAWiO_3std2fs4FileEs1_0ECs1dPCSYNd95o_2nl (<core::io::error::Error as uucore::mods::error::FromIo<alloc::boxed::Box<uucore::mods::error::UIoError>>>::map_err_context::<uu_nl::nl<std::fs::File>::{closure#3}>)
FUNCTION _RNCINvCsL1Yq96M8oh_5uu_nl2nlNtNtCs9k3SxhrAWiO_3std2fs4FileEs1_0Cs1dPCSYNd95o_2nl (uu_nl::nl::<std::fs::File>::{closure#3})
FUNCTION _RINvMNtCsgxBkk5gSRhY_4core6resultINtB3_6ResultuNtNtNtB5_2io5error5ErrorE7map_errINtNtCs6i54tJFfzR_5alloc5boxed3BoxDNtNtNtCs2YF497ZVQEG_6uucore4mods5error6UErrorEL_ENCINvXsc_B1R_Bv_INtB1R_6FromIoIBw_uB1g_EE15map_err_contextNCINvCsL1Yq96M8oh_5uu_nl2nlNtNtCs9k3SxhrAWiO_3std2fs4FileEs3_0E0ECs1dPCSYNd95o_2nl (<core::result::Result<(), core::io::error::Error>>::map_err::<alloc::boxed::Box<dyn uucore::mods::error::UError>, <core::result::Result<(), core::io::error::Error> as uucore::mods::error::FromIo<core::result::Result<(), alloc::boxed::Box<dyn uucore::mods::error::UError>>>>::map_err_context<uu_nl::nl<std::fs::File>::{closure#5}>::{closure#0}>)
FUNCTION _RNCINvXsc_NtNtCs2YF497ZVQEG_6uucore4mods5errorINtNtCsgxBkk5gSRhY_4core6result6ResultuNtNtNtBN_2io5error5ErrorEINtB8_6FromIoIBJ_uINtNtCs6i54tJFfzR_5alloc5boxed3BoxDNtB8_6UErrorEL_EEE15map_err_contextNCINvCsL1Yq96M8oh_5uu_nl2nlNtNtCs9k3SxhrAWiO_3std2fs4FileEs3_0E0Cs1dPCSYNd95o_2nl (<core::result::Result<(), core::io::error::Error> as uucore::mods::error::FromIo<core::result::Result<(), alloc::boxed::Box<dyn uucore::mods::error::UError>>>>::map_err_context::<uu_nl::nl<std::fs::File>::{closure#5}>::{closure#0})
FUNCTION _RINvXsb_NtNtCs2YF497ZVQEG_6uucore4mods5errorNtNtNtCsgxBkk5gSRhY_4core2io5error5ErrorINtB6_6FromIoINtNtCs6i54tJFfzR_5alloc5boxed3BoxNtB6_8UIoErrorEE15map_err_contextNCINvCsL1Yq96M8oh_5uu_nl2nlNtNtCs9k3SxhrAWiO_3std2fs4FileEs3_0ECs1dPCSYNd95o_2nl (<core::io::error::Error as uucore::mods::error::FromIo<alloc::boxed::Box<uucore::mods::error::UIoError>>>::map_err_context::<uu_nl::nl<std::fs::File>::{closure#5}>)
FUNCTION _RNCINvCsL1Yq96M8oh_5uu_nl2nlNtNtCs9k3SxhrAWiO_3std2fs4FileEs3_0Cs1dPCSYNd95o_2nl (uu_nl::nl::<std::fs::File>::{closure#5})
FUNCTION _RNCINvCsL1Yq96M8oh_5uu_nl2nlNtNtCs9k3SxhrAWiO_3std2fs4FileEs0_0Cs1dPCSYNd95o_2nl (uu_nl::nl::<std::fs::File>::{closure#2})
FUNCTION _RINvMNtCsgxBkk5gSRhY_4core6resultINtB3_6ResultuNtNtNtB5_2io5error5ErrorE7map_errINtNtCs6i54tJFfzR_5alloc5boxed3BoxDNtNtNtCs2YF497ZVQEG_6uucore4mods5error6UErrorEL_ENCINvXsc_B1R_Bv_INtB1R_6FromIoIBw_uB1g_EE15map_err_contextNCINvCsL1Yq96M8oh_5uu_nl2nlNtNtCs9k3SxhrAWiO_3std2fs4FileEs_0E0ECs1dPCSYNd95o_2nl (<core::result::Result<(), core::io::error::Error>>::map_err::<alloc::boxed::Box<dyn uucore::mods::error::UError>, <core::result::Result<(), core::io::error::Error> as uucore::mods::error::FromIo<core::result::Result<(), alloc::boxed::Box<dyn uucore::mods::error::UError>>>>::map_err_context<uu_nl::nl<std::fs::File>::{closure#1}>::{closure#0}>)
FUNCTION _RNCINvXsc_NtNtCs2YF497ZVQEG_6uucore4mods5errorINtNtCsgxBkk5gSRhY_4core6result6ResultuNtNtNtBN_2io5error5ErrorEINtB8_6FromIoIBJ_uINtNtCs6i54tJFfzR_5alloc5boxed3BoxDNtB8_6UErrorEL_EEE15map_err_contextNCINvCsL1Yq96M8oh_5uu_nl2nlNtNtCs9k3SxhrAWiO_3std2fs4FileEs_0E0Cs1dPCSYNd95o_2nl (<core::result::Result<(), core::io::error::Error> as uucore::mods::error::FromIo<core::result::Result<(), alloc::boxed::Box<dyn uucore::mods::error::UError>>>>::map_err_context::<uu_nl::nl<std::fs::File>::{closure#1}>::{closure#0})
FUNCTION _RINvXsb_NtNtCs2YF497ZVQEG_6uucore4mods5errorNtNtNtCsgxBkk5gSRhY_4core2io5error5ErrorINtB6_6FromIoINtNtCs6i54tJFfzR_5alloc5boxed3BoxNtB6_8UIoErrorEE15map_err_contextNCINvCsL1Yq96M8oh_5uu_nl2nlNtNtCs9k3SxhrAWiO_3std2fs4FileEs_0ECs1dPCSYNd95o_2nl (<core::io::error::Error as uucore::mods::error::FromIo<alloc::boxed::Box<uucore::mods::error::UIoError>>>::map_err_context::<uu_nl::nl<std::fs::File>::{closure#1}>)
FUNCTION _RNCINvCsL1Yq96M8oh_5uu_nl2nlNtNtCs9k3SxhrAWiO_3std2fs4FileEs_0Cs1dPCSYNd95o_2nl (uu_nl::nl::<std::fs::File>::{closure#1})
FUNCTION _RNCINvCsL1Yq96M8oh_5uu_nl2nlNtNtCs9k3SxhrAWiO_3std2fs4FileE0Cs1dPCSYNd95o_2nl (uu_nl::nl::<std::fs::File>::{closure#0})
FUNCTION _RINvNtCs9k3SxhrAWiO_3std2io10read_untilINtNtNtB2_8buffered9bufreader9BufReaderNtNtB4_2fs4FileEECs1dPCSYNd95o_2nl (std::io::read_until::<std::io::buffered::bufreader::BufReader<std::fs::File>>)
{"function": "_RINvNtCs9k3SxhrAWiO_3std2io10read_untilINtNtNtB2_8buffered9bufreader9BufReaderNtNtB4_2fs4FileEECs1dPCSYNd95o_2nl", "function_demangled": "std::io::read_until::<std::io::buffered::bufreader::BufReader<std::fs::File>>", "header": "bb1", "depth": 1, "latch_count": 2, "subloop_count": 0, "src_loc": [{"col":29,"dir":"/rustc/48a229ceaefd4985c50990b14116b6d856af0985","file":"library/std/src/io/mod.rs","line":2002}]}
FUNCTION _RNvXs4_NtNtNtCs9k3SxhrAWiO_3std2io8buffered9bufreaderINtB5_9BufReaderNtNtBb_2fs4FileENtB9_7BufRead8fill_bufCs1dPCSYNd95o_2nl (<std::io::buffered::bufreader::BufReader<std::fs::File> as std::io::BufRead>::fill_buf)
FUNCTION _RNvXs4_NtNtNtCs9k3SxhrAWiO_3std2io8buffered9bufreaderINtB5_9BufReaderNtNtBb_2fs4FileENtB9_7BufRead7consumeCs1dPCSYNd95o_2nl (<std::io::buffered::bufreader::BufReader<std::fs::File> as std::io::BufRead>::consume)
FUNCTION _RINvMNtNtNtNtCs9k3SxhrAWiO_3std2io8buffered9bufreader6bufferNtB3_6Buffer8fill_bufQNtNtBb_2fs4FileECs1dPCSYNd95o_2nl (<std::io::buffered::bufreader::buffer::Buffer>::fill_buf::<&mut std::fs::File>)
FUNCTION _RNvXNtNtCs9k3SxhrAWiO_3std2io5implsQNtNtB6_2fs4FileNtB4_4Read8read_bufCs1dPCSYNd95o_2nl (<&mut std::fs::File as std::io::Read>::read_buf)
FUNCTION _RNvMNtNtNtCs9k3SxhrAWiO_3std2io8buffered9bufreaderINtB2_9BufReaderNtNtB8_2fs4FileE13with_capacityCs1dPCSYNd95o_2nl (<std::io::buffered::bufreader::BufReader<std::fs::File>>::with_capacity)
FUNCTION _RINvMsj_NtCs9k3SxhrAWiO_3std2fsNtB6_11OpenOptions4openRNtNtB8_4path4PathECs1dPCSYNd95o_2nl (<std::fs::OpenOptions>::open::<&std::path::Path>)
FUNCTION _RNvXs9_NtNtCs9k3SxhrAWiO_3std3ffi6os_strNtB5_8OsStringINtNtCsgxBkk5gSRhY_4core3cmp9PartialEqeE2eqCs1dPCSYNd95o_2nl (<std::ffi::os_str::OsString as core::cmp::PartialEq<str>>::eq)
FUNCTION _RINvXse_NtCs6i54tJFfzR_5alloc3vecINtB6_3VecNtNtNtCs9k3SxhrAWiO_3std3ffi6os_str8OsStringEINtNtNtNtCsgxBkk5gSRhY_4core4iter6traits7collect12FromIteratorBF_E9from_iterINtNtNtB1v_8adapters6cloned6ClonedINtNtNtNtCscGCs1NCPc8C_12clap_builder6parser7matches11arg_matches9ValuesRefBF_EEECs1dPCSYNd95o_2nl (<alloc::vec::Vec<std::ffi::os_str::OsString> as core::iter::traits::collect::FromIterator<std::ffi::os_str::OsString>>::from_iter::<core::iter::adapters::cloned::Cloned<clap_builder::parser::matches::arg_matches::ValuesRef<std::ffi::os_str::OsString>>>)
FUNCTION _RNvXNtNtNtCsgxBkk5gSRhY_4core4iter6traits7collectINtNtNtB6_8adapters6cloned6ClonedINtNtNtNtCscGCs1NCPc8C_12clap_builder6parser7matches11arg_matches9ValuesRefNtNtNtCs9k3SxhrAWiO_3std3ffi6os_str8OsStringEENtB2_12IntoIterator9into_iterCs1dPCSYNd95o_2nl (<core::iter::adapters::cloned::Cloned<clap_builder::parser::matches::arg_matches::ValuesRef<std::ffi::os_str::OsString>> as core::iter::traits::collect::IntoIterator>::into_iter)
FUNCTION _RNvXNtNtCs6i54tJFfzR_5alloc3vec14spec_from_iterINtB4_3VecNtNtNtCs9k3SxhrAWiO_3std3ffi6os_str8OsStringEINtB2_12SpecFromIterBT_INtNtNtNtCsgxBkk5gSRhY_4core4iter8adapters6cloned6ClonedINtNtNtNtCscGCs1NCPc8C_12clap_builder6parser7matches11arg_matches9ValuesRefBT_EEE9from_iterCs1dPCSYNd95o_2nl (<alloc::vec::Vec<std::ffi::os_str::OsString> as alloc::vec::spec_from_iter::SpecFromIter<std::ffi::os_str::OsString, core::iter::adapters::cloned::Cloned<clap_builder::parser::matches::arg_matches::ValuesRef<std::ffi::os_str::OsString>>>>::from_iter)
FUNCTION _RNvXNtNtCs6i54tJFfzR_5alloc3vec21spec_from_iter_nestedINtB4_3VecNtNtNtCs9k3SxhrAWiO_3std3ffi6os_str8OsStringEINtB2_18SpecFromIterNestedB10_INtNtNtNtCsgxBkk5gSRhY_4core4iter8adapters6cloned6ClonedINtNtNtNtCscGCs1NCPc8C_12clap_builder6parser7matches11arg_matches9ValuesRefB10_EEE9from_iterCs1dPCSYNd95o_2nl (<alloc::vec::Vec<std::ffi::os_str::OsString> as alloc::vec::spec_from_iter_nested::SpecFromIterNested<std::ffi::os_str::OsString, core::iter::adapters::cloned::Cloned<clap_builder::parser::matches::arg_matches::ValuesRef<std::ffi::os_str::OsString>>>>::from_iter)
FUNCTION _RNvXs_NtNtNtCsgxBkk5gSRhY_4core4iter8adapters6clonedINtB4_6ClonedINtNtNtNtCscGCs1NCPc8C_12clap_builder6parser7matches11arg_matches9ValuesRefNtNtNtCs9k3SxhrAWiO_3std3ffi6os_str8OsStringEENtNtNtB8_6traits8iterator8Iterator4nextCs1dPCSYNd95o_2nl (<core::iter::adapters::cloned::Cloned<clap_builder::parser::matches::arg_matches::ValuesRef<std::ffi::os_str::OsString>> as core::iter::traits::iterator::Iterator>::next)
FUNCTION _RNvXs_NtNtNtCsgxBkk5gSRhY_4core4iter8adapters6clonedINtB4_6ClonedINtNtNtNtCscGCs1NCPc8C_12clap_builder6parser7matches11arg_matches9ValuesRefNtNtNtCs9k3SxhrAWiO_3std3ffi6os_str8OsStringEENtNtNtB8_6traits8iterator8Iterator9size_hintCs1dPCSYNd95o_2nl (<core::iter::adapters::cloned::Cloned<clap_builder::parser::matches::arg_matches::ValuesRef<std::ffi::os_str::OsString>> as core::iter::traits::iterator::Iterator>::size_hint)
FUNCTION _RNvXNtNtCs6i54tJFfzR_5alloc3vec11spec_extendINtB4_3VecNtNtNtCs9k3SxhrAWiO_3std3ffi6os_str8OsStringEINtB2_10SpecExtendBQ_INtNtNtNtCsgxBkk5gSRhY_4core4iter8adapters6cloned6ClonedINtNtNtNtCscGCs1NCPc8C_12clap_builder6parser7matches11arg_matches9ValuesRefBQ_EEE11spec_extendCs1dPCSYNd95o_2nl (<alloc::vec::Vec<std::ffi::os_str::OsString> as alloc::vec::spec_extend::SpecExtend<std::ffi::os_str::OsString, core::iter::adapters::cloned::Cloned<clap_builder::parser::matches::arg_matches::ValuesRef<std::ffi::os_str::OsString>>>>::spec_extend)
FUNCTION _RINvMsj_NtCs6i54tJFfzR_5alloc3vecINtB6_3VecNtNtNtCs9k3SxhrAWiO_3std3ffi6os_str8OsStringE16extend_desugaredINtNtNtNtCsgxBkk5gSRhY_4core4iter8adapters6cloned6ClonedINtNtNtNtCscGCs1NCPc8C_12clap_builder6parser7matches11arg_matches9ValuesRefBF_EEECs1dPCSYNd95o_2nl (<alloc::vec::Vec<std::ffi::os_str::OsString>>::extend_desugared::<core::iter::adapters::cloned::Cloned<clap_builder::parser::matches::arg_matches::ValuesRef<std::ffi::os_str::OsString>>>)
{"function": "_RINvMsj_NtCs6i54tJFfzR_5alloc3vecINtB6_3VecNtNtNtCs9k3SxhrAWiO_3std3ffi6os_str8OsStringE16extend_desugaredINtNtNtNtCsgxBkk5gSRhY_4core4iter8adapters6cloned6ClonedINtNtNtNtCscGCs1NCPc8C_12clap_builder6parser7matches11arg_matches9ValuesRefBF_EEECs1dPCSYNd95o_2nl", "function_demangled": "<alloc::vec::Vec<std::ffi::os_str::OsString>>::extend_desugared::<core::iter::adapters::cloned::Cloned<clap_builder::parser::matches::arg_matches::ValuesRef<std::ffi::os_str::OsString>>>", "header": "bb1", "depth": 1, "latch_count": 1, "subloop_count": 0, "src_loc": [{"col":44,"dir":"/rustc/48a229ceaefd4985c50990b14116b6d856af0985","file":"library/alloc/src/vec/mod.rs","line":4045}]}
FUNCTION _RNvXs9_NtNtNtCscGCs1NCPc8C_12clap_builder6parser7matches11arg_matchesINtB5_9ValuesRefNtNtNtCs9k3SxhrAWiO_3std3ffi6os_str8OsStringENtNtNtNtCsgxBkk5gSRhY_4core4iter6traits8iterator8Iterator9size_hintCs1dPCSYNd95o_2nl (<clap_builder::parser::matches::arg_matches::ValuesRef<std::ffi::os_str::OsString> as core::iter::traits::iterator::Iterator>::size_hint)
FUNCTION _RNvXs9_NtNtNtCscGCs1NCPc8C_12clap_builder6parser7matches11arg_matchesINtB5_9ValuesRefNtNtNtCs9k3SxhrAWiO_3std3ffi6os_str8OsStringENtNtNtNtCsgxBkk5gSRhY_4core4iter6traits8iterator8Iterator4nextCs1dPCSYNd95o_2nl (<clap_builder::parser::matches::arg_matches::ValuesRef<std::ffi::os_str::OsString> as core::iter::traits::iterator::Iterator>::next)
FUNCTION _RNvXs6_NtNtCs9k3SxhrAWiO_3std3ffi6os_strNtB5_8OsStringNtNtCsgxBkk5gSRhY_4core5clone5Clone5cloneCs1dPCSYNd95o_2nl (<std::ffi::os_str::OsString as core::clone::Clone>::clone)
FUNCTION _RNvXs0_NtNtNtCsgxBkk5gSRhY_4core4iter8adapters3mapINtB5_3MapINtNtB7_7flatten7FlattenINtNtNtBb_5slice4iter4IterINtNtCs6i54tJFfzR_5alloc3vec3VecNtNtNtCscGCs1NCPc8C_12clap_builder4util9any_value8AnyValueEEEFG_RL0_B2g_ERL0_NtNtNtCs9k3SxhrAWiO_3std3ffi6os_str8OsStringENtNtNtB9_6traits8iterator8Iterator4nextCs1dPCSYNd95o_2nl (<core::iter::adapters::map::Map<core::iter::adapters::flatten::Flatten<core::slice::iter::Iter<alloc::vec::Vec<clap_builder::util::any_value::AnyValue>>>, for<'a> fn(&'a clap_builder::util::any_value::AnyValue) -> &'a std::ffi::os_str::OsString> as core::iter::traits::iterator::Iterator>::next)
FUNCTION _RNvYFG_RL0_NtNtNtCscGCs1NCPc8C_12clap_builder4util9any_value8AnyValueERL0_NtNtNtCs9k3SxhrAWiO_3std3ffi6os_str8OsStringINtNtNtCsgxBkk5gSRhY_4core3ops8function5FnMutTRB9_EE8call_mutCs1dPCSYNd95o_2nl (<for<'a> fn(&'a clap_builder::util::any_value::AnyValue) -> &'a std::ffi::os_str::OsString as core::ops::function::FnMut<(&clap_builder::util::any_value::AnyValue,)>>::call_mut)
FUNCTION _RNvMNtCs6i54tJFfzR_5alloc5allocNtB2_6Global18alloc_impl_runtimeCs1dPCSYNd95o_2nl (<alloc::alloc::Global>::alloc_impl_runtime)
FUNCTION _RNvXs1_NtCsgxBkk5gSRhY_4core7convertNtNtCs6i54tJFfzR_5alloc6string6StringINtB5_4IntoBy_E4intoCs1dPCSYNd95o_2nl (<alloc::string::String as core::convert::Into<alloc::string::String>>::into)
FUNCTION _RNvXsv_NtNtCs2YF497ZVQEG_6uucore4mods5errorNtB5_12USimpleErrorNtNtCsgxBkk5gSRhY_4core3fmt5Debug3fmtCs1dPCSYNd95o_2nl (<uucore::mods::error::USimpleError as core::fmt::Debug>::fmt)
FUNCTION _RNvXsQ_NtNtCsgxBkk5gSRhY_4core3fmt3numlNtB7_5Debug3fmtCs1dPCSYNd95o_2nl (<i32 as core::fmt::Debug>::fmt)
FUNCTION _RINvMs0_NtNtNtCscGCs1NCPc8C_12clap_builder6parser7matches11arg_matchesNtB6_10ArgMatches12try_get_manyNtNtNtCs9k3SxhrAWiO_3std3ffi6os_str8OsStringECs1dPCSYNd95o_2nl (<clap_builder::parser::matches::arg_matches::ArgMatches>::try_get_many::<std::ffi::os_str::OsString>)
FUNCTION _RINvMNtNtCscGCs1NCPc8C_12clap_builder6parser5errorNtB3_12MatchesError6unwrapINtNtCsgxBkk5gSRhY_4core6option6OptionINtNtNtB5_7matches11arg_matches9ValuesRefNtNtNtCs9k3SxhrAWiO_3std3ffi6os_str8OsStringEEECs1dPCSYNd95o_2nl (<clap_builder::parser::error::MatchesError>::unwrap::<core::option::Option<clap_builder::parser::matches::arg_matches::ValuesRef<std::ffi::os_str::OsString>>>)
FUNCTION _RNSINvNtNtNtCscGCs1NCPc8C_12clap_builder6parser7matches11arg_matches19unwrap_downcast_refNtNtNtCs9k3SxhrAWiO_3std3ffi6os_str8OsStringE5reifyCs1dPCSYNd95o_2nl (clap_builder::parser::matches::arg_matches::unwrap_downcast_ref::<std::ffi::os_str::OsString>::{shim:reify#0})
FUNCTION _RINvYINtNtNtNtCsgxBkk5gSRhY_4core4iter8adapters7flatten7FlattenINtNtNtBc_5slice4iter4IterINtNtCs6i54tJFfzR_5alloc3vec3VecNtNtNtCscGCs1NCPc8C_12clap_builder4util9any_value8AnyValueEEENtNtNtBa_6traits8iterator8Iterator3mapRNtNtNtCs9k3SxhrAWiO_3std3ffi6os_str8OsStringFG_RL0_B1V_ERL0_B3x_ECs1dPCSYNd95o_2nl (<core::iter::adapters::flatten::Flatten<core::slice::iter::Iter<alloc::vec::Vec<clap_builder::util::any_value::AnyValue>>> as core::iter::traits::iterator::Iterator>::map::<&std::ffi::os_str::OsString, for<'a> fn(&'a clap_builder::util::any_value::AnyValue) -> &'a std::ffi::os_str::OsString>)
FUNCTION _RINvNtNtNtCscGCs1NCPc8C_12clap_builder6parser7matches11arg_matches19unwrap_downcast_refNtNtNtCs9k3SxhrAWiO_3std3ffi6os_str8OsStringECs1dPCSYNd95o_2nl (clap_builder::parser::matches::arg_matches::unwrap_downcast_ref::<std::ffi::os_str::OsString>)
FUNCTION _RINvNtNtCs2YF497ZVQEG_6uucore4mods17clap_localization33handle_clap_result_with_exit_codeINtNtNtNtCsgxBkk5gSRhY_4core4iter8adapters6cloned6ClonedINtNtNtB1x_5slice4iter4IterNtNtNtCs9k3SxhrAWiO_3std3ffi6os_str8OsStringEEB2J_ECs1dPCSYNd95o_2nl (uucore::mods::clap_localization::handle_clap_result_with_exit_code::<core::iter::adapters::cloned::Cloned<core::slice::iter::Iter<std::ffi::os_str::OsString>>, std::ffi::os_str::OsString>)
FUNCTION _RINvMNtNtCscGCs1NCPc8C_12clap_builder7builder7commandNtB3_7Command20try_get_matches_fromINtNtNtNtCsgxBkk5gSRhY_4core4iter8adapters6cloned6ClonedINtNtNtB1x_5slice4iter4IterNtNtNtCs9k3SxhrAWiO_3std3ffi6os_str8OsStringEEB2J_ECs1dPCSYNd95o_2nl (<clap_builder::builder::command::Command>::try_get_matches_from::<core::iter::adapters::cloned::Cloned<core::slice::iter::Iter<std::ffi::os_str::OsString>>, std::ffi::os_str::OsString>)
FUNCTION _RINvMNtCsgxBkk5gSRhY_4core6resultINtB3_6ResultNtNtNtNtCscGCs1NCPc8C_12clap_builder6parser7matches11arg_matches10ArgMatchesNtNtBQ_5error5ErrorE7map_errINtNtCs6i54tJFfzR_5alloc5boxed3BoxDNtNtNtCs2YF497ZVQEG_6uucore4mods5error6UErrorEL_ENCINvNtB31_17clap_localization33handle_clap_result_with_exit_codeINtNtNtNtB5_4iter8adapters6cloned6ClonedINtNtNtB5_5slice4iter4IterNtNtNtCs9k3SxhrAWiO_3std3ffi6os_str8OsStringEEB5R_E0ECs1dPCSYNd95o_2nl (<core::result::Result<clap_builder::parser::matches::arg_matches::ArgMatches, clap_builder::error::Error>>::map_err::<alloc::boxed::Box<dyn uucore::mods::error::UError>, uucore::mods::clap_localization::handle_clap_result_with_exit_code<core::iter::adapters::cloned::Cloned<core::slice::iter::Iter<std::ffi::os_str::OsString>>, std::ffi::os_str::OsString>::{closure#0}>)
FUNCTION _RNCINvNtNtCs2YF497ZVQEG_6uucore4mods17clap_localization33handle_clap_result_with_exit_codeINtNtNtNtCsgxBkk5gSRhY_4core4iter8adapters6cloned6ClonedINtNtNtB1z_5slice4iter4IterNtNtNtCs9k3SxhrAWiO_3std3ffi6os_str8OsStringEEB2L_E0Cs1dPCSYNd95o_2nl (uucore::mods::clap_localization::handle_clap_result_with_exit_code::<core::iter::adapters::cloned::Cloned<core::slice::iter::Iter<std::ffi::os_str::OsString>>, std::ffi::os_str::OsString>::{closure#0})
FUNCTION _RINvMNtNtCscGCs1NCPc8C_12clap_builder7builder7commandNtB3_7Command24try_get_matches_from_mutINtNtNtNtCsgxBkk5gSRhY_4core4iter8adapters6cloned6ClonedINtNtNtB1B_5slice4iter4IterNtNtNtCs9k3SxhrAWiO_3std3ffi6os_str8OsStringEEB2N_ECs1dPCSYNd95o_2nl (<clap_builder::builder::command::Command>::try_get_matches_from_mut::<core::iter::adapters::cloned::Cloned<core::slice::iter::Iter<std::ffi::os_str::OsString>>, std::ffi::os_str::OsString>)
FUNCTION _RINvMCsfDOkK3ZKZlf_8clap_lexNtB3_7RawArgs3newNtNtNtCs9k3SxhrAWiO_3std3ffi6os_str8OsStringINtNtNtNtCsgxBkk5gSRhY_4core4iter8adapters6cloned6ClonedINtNtNtB1y_5slice4iter4IterBH_EEECs1dPCSYNd95o_2nl (<clap_lex::RawArgs>::new::<std::ffi::os_str::OsString, core::iter::adapters::cloned::Cloned<core::slice::iter::Iter<std::ffi::os_str::OsString>>>)
FUNCTION _RINvMNtCsgxBkk5gSRhY_4core6optionINtB3_6OptionRNtNtNtCs9k3SxhrAWiO_3std3ffi6os_str5OsStrE8and_thenReNCINvMNtNtCscGCs1NCPc8C_12clap_builder7builder7commandNtB1G_7Command24try_get_matches_from_mutINtNtNtNtB5_4iter8adapters6cloned6ClonedINtNtNtB5_5slice4iter4IterNtBL_8OsStringEEB4a_E0ECs1dPCSYNd95o_2nl (<core::option::Option<&std::ffi::os_str::OsStr>>::and_then::<&str, <clap_builder::builder::command::Command>::try_get_matches_from_mut<core::iter::adapters::cloned::Cloned<core::slice::iter::Iter<std::ffi::os_str::OsString>>, std::ffi::os_str::OsString>::{closure#0}>)
FUNCTION _RNvXs2_NtCs6i54tJFfzR_5alloc3streNtNtB7_6borrow7ToOwned8to_ownedCs1dPCSYNd95o_2nl (<str as alloc::borrow::ToOwned>::to_owned)
FUNCTION _RNvMsj_NtNtCs9k3SxhrAWiO_3std3ffi6os_strNtB5_5OsStr6to_strCs1dPCSYNd95o_2nl (<std::ffi::os_str::OsStr>::to_str)
FUNCTION _RNCINvMNtNtCscGCs1NCPc8C_12clap_builder7builder7commandNtB5_7Command24try_get_matches_from_mutINtNtNtNtCsgxBkk5gSRhY_4core4iter8adapters6cloned6ClonedINtNtNtB1D_5slice4iter4IterNtNtNtCs9k3SxhrAWiO_3std3ffi6os_str8OsStringEEB2P_E0Cs1dPCSYNd95o_2nl (<clap_builder::builder::command::Command>::try_get_matches_from_mut::<core::iter::adapters::cloned::Cloned<core::slice::iter::Iter<std::ffi::os_str::OsString>>, std::ffi::os_str::OsString>::{closure#0})
FUNCTION _RNvXNtNtNtCsgxBkk5gSRhY_4core4iter6traits7collectINtNtNtB6_8adapters6cloned6ClonedINtNtNtB8_5slice4iter4IterNtNtNtCs9k3SxhrAWiO_3std3ffi6os_str8OsStringEENtB2_12IntoIterator9into_iterCs1dPCSYNd95o_2nl (<core::iter::adapters::cloned::Cloned<core::slice::iter::Iter<std::ffi::os_str::OsString>> as core::iter::traits::collect::IntoIterator>::into_iter)
FUNCTION _RNvXs_CsfDOkK3ZKZlf_8clap_lexNtB4_7RawArgsINtNtCsgxBkk5gSRhY_4core7convert4FromINtNtNtNtBJ_4iter8adapters6cloned6ClonedINtNtNtBJ_5slice4iter4IterNtNtNtCs9k3SxhrAWiO_3std3ffi6os_str8OsStringEEE4fromCs1dPCSYNd95o_2nl (<clap_lex::RawArgs as core::convert::From<core::iter::adapters::cloned::Cloned<core::slice::iter::Iter<std::ffi::os_str::OsString>>>>::from)
FUNCTION _RINvYINtNtNtNtCsgxBkk5gSRhY_4core4iter8adapters6cloned6ClonedINtNtNtBc_5slice4iter4IterNtNtNtCs9k3SxhrAWiO_3std3ffi6os_str8OsStringEENtNtNtBa_6traits8iterator8Iterator3mapB1n_NCNvXs_CsfDOkK3ZKZlf_8clap_lexNtB2U_7RawArgsINtNtBc_7convert4FromB3_E4from0ECs1dPCSYNd95o_2nl (<core::iter::adapters::cloned::Cloned<core::slice::iter::Iter<std::ffi::os_str::OsString>> as core::iter::traits::iterator::Iterator>::map::<std::ffi::os_str::OsString, <clap_lex::RawArgs as core::convert::From<core::iter::adapters::cloned::Cloned<core::slice::iter::Iter<std::ffi::os_str::OsString>>>>::from::{closure#0}>)
FUNCTION _RINvYINtNtNtNtCsgxBkk5gSRhY_4core4iter8adapters3map3MapINtNtB8_6cloned6ClonedINtNtNtBc_5slice4iter4IterNtNtNtCs9k3SxhrAWiO_3std3ffi6os_str8OsStringEENCNvXs_CsfDOkK3ZKZlf_8clap_lexNtB2u_7RawArgsINtNtBc_7convert4FromBR_E4from0ENtNtNtBa_6traits8iterator8Iterator7collectINtNtCs6i54tJFfzR_5alloc3vec3VecB1D_EECs1dPCSYNd95o_2nl (<core::iter::adapters::map::Map<core::iter::adapters::cloned::Cloned<core::slice::iter::Iter<std::ffi::os_str::OsString>>, <clap_lex::RawArgs as core::convert::From<core::iter::adapters::cloned::Cloned<core::slice::iter::Iter<std::ffi::os_str::OsString>>>>::from::{closure#0}> as core::iter::traits::iterator::Iterator>::collect::<alloc::vec::Vec<std::ffi::os_str::OsString>>)
FUNCTION _RINvXse_NtCs6i54tJFfzR_5alloc3vecINtB6_3VecNtNtNtCs9k3SxhrAWiO_3std3ffi6os_str8OsStringEINtNtNtNtCsgxBkk5gSRhY_4core4iter6traits7collect12FromIteratorBF_E9from_iterINtNtNtB1v_8adapters3map3MapINtNtB2H_6cloned6ClonedINtNtNtB1x_5slice4iter4IterBF_EENCNvXs_CsfDOkK3ZKZlf_8clap_lexNtB44_7RawArgsINtNtB1x_7convert4FromB34_E4from0EECs1dPCSYNd95o_2nl (<alloc::vec::Vec<std::ffi::os_str::OsString> as core::iter::traits::collect::FromIterator<std::ffi::os_str::OsString>>::from_iter::<core::iter::adapters::map::Map<core::iter::adapters::cloned::Cloned<core::slice::iter::Iter<std::ffi::os_str::OsString>>, <clap_lex::RawArgs as core::convert::From<core::iter::adapters::cloned::Cloned<core::slice::iter::Iter<std::ffi::os_str::OsString>>>>::from::{closure#0}>>)
FUNCTION _RNvXNtNtNtCsgxBkk5gSRhY_4core4iter6traits7collectINtNtNtB6_8adapters3map3MapINtNtBQ_6cloned6ClonedINtNtNtB8_5slice4iter4IterNtNtNtCs9k3SxhrAWiO_3std3ffi6os_str8OsStringEENCNvXs_CsfDOkK3ZKZlf_8clap_lexNtB2P_7RawArgsINtNtB8_7convert4FromB1c_E4from0ENtB2_12IntoIterator9into_iterCs1dPCSYNd95o_2nl (<core::iter::adapters::map::Map<core::iter::adapters::cloned::Cloned<core::slice::iter::Iter<std::ffi::os_str::OsString>>, <clap_lex::RawArgs as core::convert::From<core::iter::adapters::cloned::Cloned<core::slice::iter::Iter<std::ffi::os_str::OsString>>>>::from::{closure#0}> as core::iter::traits::collect::IntoIterator>::into_iter)
FUNCTION _RNvXNtNtCs6i54tJFfzR_5alloc3vec14spec_from_iterINtB4_3VecNtNtNtCs9k3SxhrAWiO_3std3ffi6os_str8OsStringEINtB2_12SpecFromIterBT_INtNtNtNtCsgxBkk5gSRhY_4core4iter8adapters3map3MapINtNtB24_6cloned6ClonedINtNtNtB28_5slice4iter4IterBT_EENCNvXs_CsfDOkK3ZKZlf_8clap_lexNtB3N_7RawArgsINtNtB28_7convert4FromB2N_E4from0EE9from_iterCs1dPCSYNd95o_2nl (<alloc::vec::Vec<std::ffi::os_str::OsString> as alloc::vec::spec_from_iter::SpecFromIter<std::ffi::os_str::OsString, core::iter::adapters::map::Map<core::iter::adapters::cloned::Cloned<core::slice::iter::Iter<std::ffi::os_str::OsString>>, <clap_lex::RawArgs as core::convert::From<core::iter::adapters::cloned::Cloned<core::slice::iter::Iter<std::ffi::os_str::OsString>>>>::from::{closure#0}>>>::from_iter)
FUNCTION _RNvXs_NtNtCs6i54tJFfzR_5alloc3vec21spec_from_iter_nestedINtB6_3VecNtNtNtCs9k3SxhrAWiO_3std3ffi6os_str8OsStringEINtB4_18SpecFromIterNestedB12_INtNtNtNtCsgxBkk5gSRhY_4core4iter8adapters3map3MapINtNtB2k_6cloned6ClonedINtNtNtB2o_5slice4iter4IterB12_EENCNvXs_CsfDOkK3ZKZlf_8clap_lexNtB44_7RawArgsINtNtB2o_7convert4FromB33_E4from0EE9from_iterCs1dPCSYNd95o_2nl (<alloc::vec::Vec<std::ffi::os_str::OsString> as alloc::vec::spec_from_iter_nested::SpecFromIterNested<std::ffi::os_str::OsString, core::iter::adapters::map::Map<core::iter::adapters::cloned::Cloned<core::slice::iter::Iter<std::ffi::os_str::OsString>>, <clap_lex::RawArgs as core::convert::From<core::iter::adapters::cloned::Cloned<core::slice::iter::Iter<std::ffi::os_str::OsString>>>>::from::{closure#0}>>>::from_iter)
FUNCTION _RNvXs0_NtNtNtCsgxBkk5gSRhY_4core4iter8adapters3mapINtB5_3MapINtNtB7_6cloned6ClonedINtNtNtBb_5slice4iter4IterNtNtNtCs9k3SxhrAWiO_3std3ffi6os_str8OsStringEENCNvXs_CsfDOkK3ZKZlf_8clap_lexNtB2z_7RawArgsINtNtBb_7convert4FromBW_E4from0ENtNtNtB9_6traits8iterator8Iterator9size_hintCs1dPCSYNd95o_2nl (<core::iter::adapters::map::Map<core::iter::adapters::cloned::Cloned<core::slice::iter::Iter<std::ffi::os_str::OsString>>, <clap_lex::RawArgs as core::convert::From<core::iter::adapters::cloned::Cloned<core::slice::iter::Iter<std::ffi::os_str::OsString>>>>::from::{closure#0}> as core::iter::traits::iterator::Iterator>::size_hint)
FUNCTION _RNvXs_NtNtCs6i54tJFfzR_5alloc3vec11spec_extendINtB6_3VecNtNtNtCs9k3SxhrAWiO_3std3ffi6os_str8OsStringEINtB4_10SpecExtendBS_INtNtNtNtCsgxBkk5gSRhY_4core4iter8adapters3map3MapINtNtB21_6cloned6ClonedINtNtNtB25_5slice4iter4IterBS_EENCNvXs_CsfDOkK3ZKZlf_8clap_lexNtB3K_7RawArgsINtNtB25_7convert4FromB2K_E4from0EE11spec_extendCs1dPCSYNd95o_2nl (<alloc::vec::Vec<std::ffi::os_str::OsString> as alloc::vec::spec_extend::SpecExtend<std::ffi::os_str::OsString, core::iter::adapters::map::Map<core::iter::adapters::cloned::Cloned<core::slice::iter::Iter<std::ffi::os_str::OsString>>, <clap_lex::RawArgs as core::convert::From<core::iter::adapters::cloned::Cloned<core::slice::iter::Iter<std::ffi::os_str::OsString>>>>::from::{closure#0}>>>::spec_extend)
FUNCTION _RINvMsj_NtCs6i54tJFfzR_5alloc3vecINtB6_3VecNtNtNtCs9k3SxhrAWiO_3std3ffi6os_str8OsStringE14extend_trustedINtNtNtNtCsgxBkk5gSRhY_4core4iter8adapters3map3MapINtNtB1J_6cloned6ClonedINtNtNtB1N_5slice4iter4IterBF_EENCNvXs_CsfDOkK3ZKZlf_8clap_lexNtB3s_7RawArgsINtNtB1N_7convert4FromB2s_E4from0EECs1dPCSYNd95o_2nl (<alloc::vec::Vec<std::ffi::os_str::OsString>>::extend_trusted::<core::iter::adapters::map::Map<core::iter::adapters::cloned::Cloned<core::slice::iter::Iter<std::ffi::os_str::OsString>>, <clap_lex::RawArgs as core::convert::From<core::iter::adapters::cloned::Cloned<core::slice::iter::Iter<std::ffi::os_str::OsString>>>>::from::{closure#0}>>)
FUNCTION _RINvYINtNtNtNtCsgxBkk5gSRhY_4core4iter8adapters3map3MapINtNtB8_6cloned6ClonedINtNtNtBc_5slice4iter4IterNtNtNtCs9k3SxhrAWiO_3std3ffi6os_str8OsStringEENCNvXs_CsfDOkK3ZKZlf_8clap_lexNtB2u_7RawArgsINtNtBc_7convert4FromBR_E4from0ENtNtNtBa_6traits8iterator8Iterator8for_eachNCINvMsj_NtCs6i54tJFfzR_5alloc3vecINtB4r_3VecB1D_E14extend_trustedB3_E0ECs1dPCSYNd95o_2nl (<core::iter::adapters::map::Map<core::iter::adapters::cloned::Cloned<core::slice::iter::Iter<std::ffi::os_str::OsString>>, <clap_lex::RawArgs as core::convert::From<core::iter::adapters::cloned::Cloned<core::slice::iter::Iter<std::ffi::os_str::OsString>>>>::from::{closure#0}> as core::iter::traits::iterator::Iterator>::for_each::<<alloc::vec::Vec<std::ffi::os_str::OsString>>::extend_trusted<core::iter::adapters::map::Map<core::iter::adapters::cloned::Cloned<core::slice::iter::Iter<std::ffi::os_str::OsString>>, <clap_lex::RawArgs as core::convert::From<core::iter::adapters::cloned::Cloned<core::slice::iter::Iter<std::ffi::os_str::OsString>>>>::from::{closure#0}>>::{closure#0}>)
FUNCTION _RINvXs0_NtNtNtCsgxBkk5gSRhY_4core4iter8adapters3mapINtB6_3MapINtNtB8_6cloned6ClonedINtNtNtBc_5slice4iter4IterNtNtNtCs9k3SxhrAWiO_3std3ffi6os_str8OsStringEENCNvXs_CsfDOkK3ZKZlf_8clap_lexNtB2A_7RawArgsINtNtBc_7convert4FromBX_E4from0ENtNtNtBa_6traits8iterator8Iterator4folduNCINvNvB3H_8for_each4callB1J_NCINvMsj_NtCs6i54tJFfzR_5alloc3vecINtB4X_3VecB1J_E14extend_trustedBN_E0E0ECs1dPCSYNd95o_2nl (<core::iter::adapters::map::Map<core::iter::adapters::cloned::Cloned<core::slice::iter::Iter<std::ffi::os_str::OsString>>, <clap_lex::RawArgs as core::convert::From<core::iter::adapters::cloned::Cloned<core::slice::iter::Iter<std::ffi::os_str::OsString>>>>::from::{closure#0}> as core::iter::traits::iterator::Iterator>::fold::<(), core::iter::traits::iterator::Iterator::for_each::call<std::ffi::os_str::OsString, <alloc::vec::Vec<std::ffi::os_str::OsString>>::extend_trusted<core::iter::adapters::map::Map<core::iter::adapters::cloned::Cloned<core::slice::iter::Iter<std::ffi::os_str::OsString>>, <clap_lex::RawArgs as core::convert::From<core::iter::adapters::cloned::Cloned<core::slice::iter::Iter<std::ffi::os_str::OsString>>>>::from::{closure#0}>>::{closure#0}>::{closure#0}>)
FUNCTION _RINvXs_NtNtNtCsgxBkk5gSRhY_4core4iter8adapters6clonedINtB5_6ClonedINtNtNtBb_5slice4iter4IterNtNtNtCs9k3SxhrAWiO_3std3ffi6os_str8OsStringEENtNtNtB9_6traits8iterator8Iterator4folduNCINvNtB7_3map8map_foldB1s_B1s_uNCNvXs_CsfDOkK3ZKZlf_8clap_lexNtB3t_7RawArgsINtNtBb_7convert4FromBP_E4from0NCINvNvB2c_8for_each4callB1s_NCINvMsj_NtCs6i54tJFfzR_5alloc3vecINtB5b_3VecB1s_E14extend_trustedINtB2V_3MapBP_B3m_EE0E0E0ECs1dPCSYNd95o_2nl (<core::iter::adapters::cloned::Cloned<core::slice::iter::Iter<std::ffi::os_str::OsString>> as core::iter::traits::iterator::Iterator>::fold::<(), core::iter::adapters::map::map_fold<std::ffi::os_str::OsString, std::ffi::os_str::OsString, (), <clap_lex::RawArgs as core::convert::From<core::iter::adapters::cloned::Cloned<core::slice::iter::Iter<std::ffi::os_str::OsString>>>>::from::{closure#0}, core::iter::traits::iterator::Iterator::for_each::call<std::ffi::os_str::OsString, <alloc::vec::Vec<std::ffi::os_str::OsString>>::extend_trusted<core::iter::adapters::map::Map<core::iter::adapters::cloned::Cloned<core::slice::iter::Iter<std::ffi::os_str::OsString>>, <clap_lex::RawArgs as core::convert::From<core::iter::adapters::cloned::Cloned<core::slice::iter::Iter<std::ffi::os_str::OsString>>>>::from::{closure#0}>>::{closure#0}>::{closure#0}>::{closure#0}>)
FUNCTION _RINvYINtNtNtCsgxBkk5gSRhY_4core5slice4iter4IterNtNtNtCs9k3SxhrAWiO_3std3ffi6os_str8OsStringENtNtNtNtBa_4iter6traits8iterator8Iterator3mapBJ_NvYBJ_NtNtBa_5clone5Clone5cloneECs1dPCSYNd95o_2nl (<core::slice::iter::Iter<std::ffi::os_str::OsString> as core::iter::traits::iterator::Iterator>::map::<std::ffi::os_str::OsString, <std::ffi::os_str::OsString as core::clone::Clone>::clone>)
FUNCTION _RINvXs2J_NtNtCsgxBkk5gSRhY_4core5slice4iterINtB7_4IterNtNtNtCs9k3SxhrAWiO_3std3ffi6os_str8OsStringENtNtNtNtBb_4iter6traits8iterator8Iterator4folduNCINvNtNtB1F_8adapters3map8map_foldRBQ_BQ_uNvYBQ_NtNtBb_5clone5Clone5cloneNCIB2n_BQ_BQ_uNCNvXs_CsfDOkK3ZKZlf_8clap_lexNtB3R_7RawArgsINtNtBb_7convert4FromINtNtB2r_6cloned6ClonedBF_EE4from0NCINvNvB1z_8for_each4callBQ_NCINvMsj_NtCs6i54tJFfzR_5alloc3vecINtB5W_3VecBQ_E14extend_trustedINtB2p_3MapB4N_B3K_EE0E0E0E0ECs1dPCSYNd95o_2nl (<core::slice::iter::Iter<std::ffi::os_str::OsString> as core::iter::traits::iterator::Iterator>::fold::<(), core::iter::adapters::map::map_fold<&std::ffi::os_str::OsString, std::ffi::os_str::OsString, (), <std::ffi::os_str::OsString as core::clone::Clone>::clone, core::iter::adapters::map::map_fold<std::ffi::os_str::OsString, std::ffi::os_str::OsString, (), <clap_lex::RawArgs as core::convert::From<core::iter::adapters::cloned::Cloned<core::slice::iter::Iter<std::ffi::os_str::OsString>>>>::from::{closure#0}, core::iter::traits::iterator::Iterator::for_each::call<std::ffi::os_str::OsString, <alloc::vec::Vec<std::ffi::os_str::OsString>>::extend_trusted<core::iter::adapters::map::Map<core::iter::adapters::cloned::Cloned<core::slice::iter::Iter<std::ffi::os_str::OsString>>, <clap_lex::RawArgs as core::convert::From<core::iter::adapters::cloned::Cloned<core::slice::iter::Iter<std::ffi::os_str::OsString>>>>::from::{closure#0}>>::{closure#0}>::{closure#0}>::{closure#0}>::{closure#0}>)
{"function": "_RINvXs2J_NtNtCsgxBkk5gSRhY_4core5slice4iterINtB7_4IterNtNtNtCs9k3SxhrAWiO_3std3ffi6os_str8OsStringENtNtNtNtBb_4iter6traits8iterator8Iterator4folduNCINvNtNtB1F_8adapters3map8map_foldRBQ_BQ_uNvYBQ_NtNtBb_5clone5Clone5cloneNCIB2n_BQ_BQ_uNCNvXs_CsfDOkK3ZKZlf_8clap_lexNtB3R_7RawArgsINtNtBb_7convert4FromINtNtB2r_6cloned6ClonedBF_EE4from0NCINvNvB1z_8for_each4callBQ_NCINvMsj_NtCs6i54tJFfzR_5alloc3vecINtB5W_3VecBQ_E14extend_trustedINtB2p_3MapB4N_B3K_EE0E0E0E0ECs1dPCSYNd95o_2nl", "function_demangled": "<core::slice::iter::Iter<std::ffi::os_str::OsString> as core::iter::traits::iterator::Iterator>::fold::<(), core::iter::adapters::map::map_fold<&std::ffi::os_str::OsString, std::ffi::os_str::OsString, (), <std::ffi::os_str::OsString as core::clone::Clone>::clone, core::iter::adapters::map::map_fold<std::ffi::os_str::OsString, std::ffi::os_str::OsString, (), <clap_lex::RawArgs as core::convert::From<core::iter::adapters::cloned::Cloned<core::slice::iter::Iter<std::ffi::os_str::OsString>>>>::from::{closure#0}, core::iter::traits::iterator::Iterator::for_each::call<std::ffi::os_str::OsString, <alloc::vec::Vec<std::ffi::os_str::OsString>>::extend_trusted<core::iter::adapters::map::Map<core::iter::adapters::cloned::Cloned<core::slice::iter::Iter<std::ffi::os_str::OsString>>, <clap_lex::RawArgs as core::convert::From<core::iter::adapters::cloned::Cloned<core::slice::iter::Iter<std::ffi::os_str::OsString>>>>::from::{closure#0}>>::{closure#0}>::{closure#0}>::{closure#0}>::{closure#0}>", "header": "bb8", "depth": 1, "latch_count": 1, "subloop_count": 0, "src_loc": [{"col":27,"dir":"/rustc/48a229ceaefd4985c50990b14116b6d856af0985","file":"library/core/src/slice/iter/macros.rs","line":279}]}
FUNCTION _RINvNtCsgxBkk5gSRhY_4core3ptr9drop_glueNCINvNtNtNtB4_4iter8adapters3map8map_foldNtNtNtCs9k3SxhrAWiO_3std3ffi6os_str8OsStringB1g_uNCNvXs_CsfDOkK3ZKZlf_8clap_lexNtB2a_7RawArgsINtNtB4_7convert4FromINtNtBI_6cloned6ClonedINtNtNtB4_5slice4iter4IterB1g_EEE4from0NCINvNvNtNtNtBK_6traits8iterator8Iterator8for_each4callB1g_NCINvMsj_NtCs6i54tJFfzR_5alloc3vecINtB5b_3VecB1g_E14extend_trustedINtBG_3MapB36_B23_EE0E0E0ECs1dPCSYNd95o_2nl (core::ptr::drop_glue::<core::iter::adapters::map::map_fold<std::ffi::os_str::OsString, std::ffi::os_str::OsString, (), <clap_lex::RawArgs as core::convert::From<core::iter::adapters::cloned::Cloned<core::slice::iter::Iter<std::ffi::os_str::OsString>>>>::from::{closure#0}, core::iter::traits::iterator::Iterator::for_each::call<std::ffi::os_str::OsString, <alloc::vec::Vec<std::ffi::os_str::OsString>>::extend_trusted<core::iter::adapters::map::Map<core::iter::adapters::cloned::Cloned<core::slice::iter::Iter<std::ffi::os_str::OsString>>, <clap_lex::RawArgs as core::convert::From<core::iter::adapters::cloned::Cloned<core::slice::iter::Iter<std::ffi::os_str::OsString>>>>::from::{closure#0}>>::{closure#0}>::{closure#0}>::{closure#0}>)
FUNCTION _RINvNtCsgxBkk5gSRhY_4core3ptr9drop_glueNCINvNvNtNtNtNtB4_4iter6traits8iterator8Iterator8for_each4callNtNtNtCs9k3SxhrAWiO_3std3ffi6os_str8OsStringNCINvMsj_NtCs6i54tJFfzR_5alloc3vecINtB2s_3VecB1B_E14extend_trustedINtNtNtBO_8adapters3map3MapINtNtB3s_6cloned6ClonedINtNtNtB4_5slice4iter4IterB1B_EENCNvXs_CsfDOkK3ZKZlf_8clap_lexNtB4O_7RawArgsINtNtB4_7convert4FromB3O_E4from0EE0E0ECs1dPCSYNd95o_2nl (core::ptr::drop_glue::<core::iter::traits::iterator::Iterator::for_each::call<std::ffi::os_str::OsString, <alloc::vec::Vec<std::ffi::os_str::OsString>>::extend_trusted<core::iter::adapters::map::Map<core::iter::adapters::cloned::Cloned<core::slice::iter::Iter<std::ffi::os_str::OsString>>, <clap_lex::RawArgs as core::convert::From<core::iter::adapters::cloned::Cloned<core::slice::iter::Iter<std::ffi::os_str::OsString>>>>::from::{closure#0}>>::{closure#0}>::{closure#0}>)
FUNCTION _RINvNtCsgxBkk5gSRhY_4core3ptr9drop_glueNCINvMsj_NtCs6i54tJFfzR_5alloc3vecINtBK_3VecNtNtNtCs9k3SxhrAWiO_3std3ffi6os_str8OsStringE14extend_trustedINtNtNtNtB4_4iter8adapters3map3MapINtNtB2n_6cloned6ClonedINtNtNtB4_5slice4iter4IterB1j_EENCNvXs_CsfDOkK3ZKZlf_8clap_lexNtB3Q_7RawArgsINtNtB4_7convert4FromB2Q_E4from0EE0ECs1dPCSYNd95o_2nl (core::ptr::drop_glue::<<alloc::vec::Vec<std::ffi::os_str::OsString>>::extend_trusted<core::iter::adapters::map::Map<core::iter::adapters::cloned::Cloned<core::slice::iter::Iter<std::ffi::os_str::OsString>>, <clap_lex::RawArgs as core::convert::From<core::iter::adapters::cloned::Cloned<core::slice::iter::Iter<std::ffi::os_str::OsString>>>>::from::{closure#0}>>::{closure#0}>)
FUNCTION _RINvNtCsgxBkk5gSRhY_4core3ptr9drop_glueNCINvNtNtNtB4_4iter8adapters3map8map_foldRNtNtNtCs9k3SxhrAWiO_3std3ffi6os_str8OsStringB1h_uNvYB1h_NtNtB4_5clone5Clone5cloneNCIBE_B1h_B1h_uNCNvXs_CsfDOkK3ZKZlf_8clap_lexNtB2W_7RawArgsINtNtB4_7convert4FromINtNtBI_6cloned6ClonedINtNtNtB4_5slice4iter4IterB1h_EEE4from0NCINvNvNtNtNtBK_6traits8iterator8Iterator8for_each4callB1h_NCINvMsj_NtCs6i54tJFfzR_5alloc3vecINtB5X_3VecB1h_E14extend_trustedINtBG_3MapB3S_B2P_EE0E0E0E0ECs1dPCSYNd95o_2nl (core::ptr::drop_glue::<core::iter::adapters::map::map_fold<&std::ffi::os_str::OsString, std::ffi::os_str::OsString, (), <std::ffi::os_str::OsString as core::clone::Clone>::clone, core::iter::adapters::map::map_fold<std::ffi::os_str::OsString, std::ffi::os_str::OsString, (), <clap_lex::RawArgs as core::convert::From<core::iter::adapters::cloned::Cloned<core::slice::iter::Iter<std::ffi::os_str::OsString>>>>::from::{closure#0}, core::iter::traits::iterator::Iterator::for_each::call<std::ffi::os_str::OsString, <alloc::vec::Vec<std::ffi::os_str::OsString>>::extend_trusted<core::iter::adapters::map::Map<core::iter::adapters::cloned::Cloned<core::slice::iter::Iter<std::ffi::os_str::OsString>>, <clap_lex::RawArgs as core::convert::From<core::iter::adapters::cloned::Cloned<core::slice::iter::Iter<std::ffi::os_str::OsString>>>>::from::{closure#0}>>::{closure#0}>::{closure#0}>::{closure#0}>::{closure#0}>)
FUNCTION _RNCINvNtNtNtCsgxBkk5gSRhY_4core4iter8adapters3map8map_foldRNtNtNtCs9k3SxhrAWiO_3std3ffi6os_str8OsStringBV_uNvYBV_NtNtBa_5clone5Clone5cloneNCIB2_BV_BV_uNCNvXs_CsfDOkK3ZKZlf_8clap_lexNtB2w_7RawArgsINtNtBa_7convert4FromINtNtB6_6cloned6ClonedINtNtNtBa_5slice4iter4IterBV_EEE4from0NCINvNvNtNtNtB8_6traits8iterator8Iterator8for_each4callBV_NCINvMsj_NtCs6i54tJFfzR_5alloc3vecINtB5v_3VecBV_E14extend_trustedINtB4_3MapB3s_B2p_EE0E0E0E0Cs1dPCSYNd95o_2nl (core::iter::adapters::map::map_fold::<&std::ffi::os_str::OsString, std::ffi::os_str::OsString, (), <std::ffi::os_str::OsString as core::clone::Clone>::clone, core::iter::adapters::map::map_fold<std::ffi::os_str::OsString, std::ffi::os_str::OsString, (), <clap_lex::RawArgs as core::convert::From<core::iter::adapters::cloned::Cloned<core::slice::iter::Iter<std::ffi::os_str::OsString>>>>::from::{closure#0}, core::iter::traits::iterator::Iterator::for_each::call<std::ffi::os_str::OsString, <alloc::vec::Vec<std::ffi::os_str::OsString>>::extend_trusted<core::iter::adapters::map::Map<core::iter::adapters::cloned::Cloned<core::slice::iter::Iter<std::ffi::os_str::OsString>>, <clap_lex::RawArgs as core::convert::From<core::iter::adapters::cloned::Cloned<core::slice::iter::Iter<std::ffi::os_str::OsString>>>>::from::{closure#0}>>::{closure#0}>::{closure#0}>::{closure#0}>::{closure#0})
FUNCTION _RNvNvMs9_NtCsgxBkk5gSRhY_4core3numj13unchecked_add18precondition_checkCs1dPCSYNd95o_2nl (<usize>::unchecked_add::precondition_check)
FUNCTION _RNvYNvYNtNtNtCs9k3SxhrAWiO_3std3ffi6os_str8OsStringNtNtCsgxBkk5gSRhY_4core5clone5Clone5cloneINtNtNtBR_3ops8function5FnMutTRB5_EE8call_mutCs1dPCSYNd95o_2nl (<<std::ffi::os_str::OsString as core::clone::Clone>::clone as core::ops::function::FnMut<(&std::ffi::os_str::OsString,)>>::call_mut)
FUNCTION _RNCINvNtNtNtCsgxBkk5gSRhY_4core4iter8adapters3map8map_foldNtNtNtCs9k3SxhrAWiO_3std3ffi6os_str8OsStringBU_uNCNvXs_CsfDOkK3ZKZlf_8clap_lexNtB1N_7RawArgsINtNtBa_7convert4FromINtNtB6_6cloned6ClonedINtNtNtBa_5slice4iter4IterBU_EEE4from0NCINvNvNtNtNtB8_6traits8iterator8Iterator8for_each4callBU_NCINvMsj_NtCs6i54tJFfzR_5alloc3vecINtB4M_3VecBU_E14extend_trustedINtB4_3MapB2J_B1G_EE0E0E0Cs1dPCSYNd95o_2nl (core::iter::adapters::map::map_fold::<std::ffi::os_str::OsString, std::ffi::os_str::OsString, (), <clap_lex::RawArgs as core::convert::From<core::iter::adapters::cloned::Cloned<core::slice::iter::Iter<std::ffi::os_str::OsString>>>>::from::{closure#0}, core::iter::traits::iterator::Iterator::for_each::call<std::ffi::os_str::OsString, <alloc::vec::Vec<std::ffi::os_str::OsString>>::extend_trusted<core::iter::adapters::map::Map<core::iter::adapters::cloned::Cloned<core::slice::iter::Iter<std::ffi::os_str::OsString>>, <clap_lex::RawArgs as core::convert::From<core::iter::adapters::cloned::Cloned<core::slice::iter::Iter<std::ffi::os_str::OsString>>>>::from::{closure#0}>>::{closure#0}>::{closure#0}>::{closure#0})
FUNCTION _RNCNvXs_CsfDOkK3ZKZlf_8clap_lexNtB6_7RawArgsINtNtCsgxBkk5gSRhY_4core7convert4FromINtNtNtNtBL_4iter8adapters6cloned6ClonedINtNtNtBL_5slice4iter4IterNtNtNtCs9k3SxhrAWiO_3std3ffi6os_str8OsStringEEE4from0Cs1dPCSYNd95o_2nl (<clap_lex::RawArgs as core::convert::From<core::iter::adapters::cloned::Cloned<core::slice::iter::Iter<std::ffi::os_str::OsString>>>>::from::{closure#0})
FUNCTION _RNCINvNvNtNtNtNtCsgxBkk5gSRhY_4core4iter6traits8iterator8Iterator8for_each4callNtNtNtCs9k3SxhrAWiO_3std3ffi6os_str8OsStringNCINvMsj_NtCs6i54tJFfzR_5alloc3vecINtB26_3VecB1f_E14extend_trustedINtNtNtBc_8adapters3map3MapINtNtB36_6cloned6ClonedINtNtNtBe_5slice4iter4IterB1f_EENCNvXs_CsfDOkK3ZKZlf_8clap_lexNtB4s_7RawArgsINtNtBe_7convert4FromB3s_E4from0EE0E0Cs1dPCSYNd95o_2nl (core::iter::traits::iterator::Iterator::for_each::call::<std::ffi::os_str::OsString, <alloc::vec::Vec<std::ffi::os_str::OsString>>::extend_trusted<core::iter::adapters::map::Map<core::iter::adapters::cloned::Cloned<core::slice::iter::Iter<std::ffi::os_str::OsString>>, <clap_lex::RawArgs as core::convert::From<core::iter::adapters::cloned::Cloned<core::slice::iter::Iter<std::ffi::os_str::OsString>>>>::from::{closure#0}>>::{closure#0}>::{closure#0})
FUNCTION _RNCINvMsj_NtCs6i54tJFfzR_5alloc3vecINtB8_3VecNtNtNtCs9k3SxhrAWiO_3std3ffi6os_str8OsStringE14extend_trustedINtNtNtNtCsgxBkk5gSRhY_4core4iter8adapters3map3MapINtNtB1L_6cloned6ClonedINtNtNtB1P_5slice4iter4IterBH_EENCNvXs_CsfDOkK3ZKZlf_8clap_lexNtB3u_7RawArgsINtNtB1P_7convert4FromB2u_E4from0EE0Cs1dPCSYNd95o_2nl (<alloc::vec::Vec<std::ffi::os_str::OsString>>::extend_trusted::<core::iter::adapters::map::Map<core::iter::adapters::cloned::Cloned<core::slice::iter::Iter<std::ffi::os_str::OsString>>, <clap_lex::RawArgs as core::convert::From<core::iter::adapters::cloned::Cloned<core::slice::iter::Iter<std::ffi::os_str::OsString>>>>::from::{closure#0}>>::{closure#0})
FUNCTION _RNvXs_NtNtNtCsgxBkk5gSRhY_4core4iter8adapters6clonedINtB4_6ClonedINtNtNtBa_5slice4iter4IterNtNtNtCs9k3SxhrAWiO_3std3ffi6os_str8OsStringEENtNtNtB8_6traits8iterator8Iterator9size_hintCs1dPCSYNd95o_2nl (<core::iter::adapters::cloned::Cloned<core::slice::iter::Iter<std::ffi::os_str::OsString>> as core::iter::traits::iterator::Iterator>::size_hint)
FUNCTION _RNvXs2_NtNtCsbRzQFPXpg46_3nix5errno6constsNtB5_5ErrnoNtNtCsgxBkk5gSRhY_4core3fmt5Debug3fmtCs1dPCSYNd95o_2nl (<nix::errno::consts::Errno as core::fmt::Debug>::fmt)
FUNCTION _RNCNvCs1dPCSYNd95o_2nl4main0B3_ (nl::main::{closure#0})
FUNCTION _RINvMNtNtCsgxBkk5gSRhY_4core3fmt2rtNtB3_8Argument11new_displayNtNtNtCs2YF497ZVQEG_6uucore4mods6locale17LocalizationErrorECs1dPCSYNd95o_2nl (<core::fmt::rt::Argument>::new_display::<uucore::mods::locale::LocalizationError>)
FUNCTION _RINvMNtNtCsgxBkk5gSRhY_4core3fmt2rtNtB3_8Argument9new_debugNtNtNtCslPRUPRFQ4qs_13fluent_syntax6parser6errors11ParserErrorECs1dPCSYNd95o_2nl (<core::fmt::rt::Argument>::new_debug::<fluent_syntax::parser::errors::ParserError>)
FUNCTION _RNvXs_NtNtCslPRUPRFQ4qs_13fluent_syntax6parser6errorsNtB4_11ParserErrorNtNtCsgxBkk5gSRhY_4core3fmt5Debug3fmtCs1dPCSYNd95o_2nl (<fluent_syntax::parser::errors::ParserError as core::fmt::Debug>::fmt)
FUNCTION main (main)
FUNCTION _RINvMNtCsgxBkk5gSRhY_4core3stre5parseyECsL1Yq96M8oh_5uu_nl (<str>::parse::<u64>)
FUNCTION _RNvXsC_NtCsgxBkk5gSRhY_4core3numyNtNtNtB7_3str6traits7FromStr8from_strCsL1Yq96M8oh_5uu_nl (<u64 as core::str::traits::FromStr>::from_str)
FUNCTION _RNvMsD_NtCsgxBkk5gSRhY_4core3numy16from_ascii_radixCsL1Yq96M8oh_5uu_nl (<u64>::from_ascii_radix)
{"function": "_RNvMsD_NtCsgxBkk5gSRhY_4core3numy16from_ascii_radixCsL1Yq96M8oh_5uu_nl", "function_demangled": "<u64>::from_ascii_radix", "header": "bb15", "depth": 1, "latch_count": 1, "subloop_count": 0, "src_loc": [{"col":39,"dir":"/rustc/48a229ceaefd4985c50990b14116b6d856af0985","file":"library/core/src/num/mod.rs","line":1803}]}
{"function": "_RNvMsD_NtCsgxBkk5gSRhY_4core3numy16from_ascii_radixCsL1Yq96M8oh_5uu_nl", "function_demangled": "<u64>::from_ascii_radix", "header": "bb22", "depth": 1, "latch_count": 1, "subloop_count": 0, "src_loc": [{"col":39,"dir":"/rustc/48a229ceaefd4985c50990b14116b6d856af0985","file":"library/core/src/num/mod.rs","line":1819}]}
FUNCTION _RNvMNtNtCsgxBkk5gSRhY_4core4char7methodsc8to_digitCsL1Yq96M8oh_5uu_nl (<char>::to_digit)
FUNCTION _RINvMNtCsgxBkk5gSRhY_4core6optionINtB3_6OptionNtNtCs6i54tJFfzR_5alloc6string6StringE14unwrap_or_elseNCNCNvXsy_NtNtCscGCs1NCPc8C_12clap_builder7builder12value_parserNtB1K_20RangedU64ValueParserNtB1K_16TypedValueParser9parse_refs1_0s_0ECsL1Yq96M8oh_5uu_nl (<core::option::Option<alloc::string::String>>::unwrap_or_else::<<clap_builder::builder::value_parser::RangedU64ValueParser as clap_builder::builder::value_parser::TypedValueParser>::parse_ref::{closure#3}::{closure#1}>)
FUNCTION _RNCNCNvXsy_NtNtCscGCs1NCPc8C_12clap_builder7builder12value_parserNtB9_20RangedU64ValueParserNtB9_16TypedValueParser9parse_refs1_0s_0CsL1Yq96M8oh_5uu_nl (<clap_builder::builder::value_parser::RangedU64ValueParser as clap_builder::builder::value_parser::TypedValueParser>::parse_ref::{closure#3}::{closure#1})
FUNCTION _RNvXs2_NtCs6i54tJFfzR_5alloc3streNtNtB7_6borrow7ToOwned8to_ownedCsL1Yq96M8oh_5uu_nl (<str as alloc::borrow::ToOwned>::to_owned)
FUNCTION _RINvMNtCsgxBkk5gSRhY_4core6optionINtB3_6OptionNtNtCs6i54tJFfzR_5alloc6string6StringE14unwrap_or_elseNCNCNvXsy_NtNtCscGCs1NCPc8C_12clap_builder7builder12value_parserNtB1K_20RangedU64ValueParserNtB1K_16TypedValueParser9parse_refs2_0s_0ECsL1Yq96M8oh_5uu_nl (<core::option::Option<alloc::string::String>>::unwrap_or_else::<<clap_builder::builder::value_parser::RangedU64ValueParser as clap_builder::builder::value_parser::TypedValueParser>::parse_ref::{closure#4}::{closure#1}>)
FUNCTION _RNCNCNvXsy_NtNtCscGCs1NCPc8C_12clap_builder7builder12value_parserNtB9_20RangedU64ValueParserNtB9_16TypedValueParser9parse_refs2_0s_0CsL1Yq96M8oh_5uu_nl (<clap_builder::builder::value_parser::RangedU64ValueParser as clap_builder::builder::value_parser::TypedValueParser>::parse_ref::{closure#4}::{closure#1})
FUNCTION _RINvMNtCsgxBkk5gSRhY_4core6optionINtB3_6OptionNtNtCs6i54tJFfzR_5alloc6string6StringE14unwrap_or_elseNCNvXsy_NtNtCscGCs1NCPc8C_12clap_builder7builder12value_parserNtB1I_20RangedU64ValueParserNtB1I_16TypedValueParser9parse_refs_0ECsL1Yq96M8oh_5uu_nl (<core::option::Option<alloc::string::String>>::unwrap_or_else::<<clap_builder::builder::value_parser::RangedU64ValueParser as clap_builder::builder::value_parser::TypedValueParser>::parse_ref::{closure#1}>)
FUNCTION _RNCNvXsy_NtNtCscGCs1NCPc8C_12clap_builder7builder12value_parserNtB7_20RangedU64ValueParserNtB7_16TypedValueParser9parse_refs_0CsL1Yq96M8oh_5uu_nl (<clap_builder::builder::value_parser::RangedU64ValueParser as clap_builder::builder::value_parser::TypedValueParser>::parse_ref::{closure#1})
FUNCTION _RINvMNtCsgxBkk5gSRhY_4core6optionINtB3_6OptionNtNtNtCscGCs1NCPc8C_12clap_builder4util9any_value8AnyValueE3mapNtNtNtBO_7builder10value_hint9ValueHintNCINvMNtB1N_3extNtB2s_10Extensions6removeB1J_E0ECsL1Yq96M8oh_5uu_nl (<core::option::Option<clap_builder::util::any_value::AnyValue>>::map::<clap_builder::builder::value_hint::ValueHint, <clap_builder::builder::ext::Extensions>::remove<clap_builder::builder::value_hint::ValueHint>::{closure#0}>)
FUNCTION _RNCINvMNtNtCscGCs1NCPc8C_12clap_builder7builder3extNtB5_10Extensions6removeNtNtB7_10value_hint9ValueHintE0CsL1Yq96M8oh_5uu_nl (<clap_builder::builder::ext::Extensions>::remove::<clap_builder::builder::value_hint::ValueHint>::{closure#0})
FUNCTION _RINvMNtNtCscGCs1NCPc8C_12clap_builder4util9any_valueNtB3_8AnyValue13downcast_intoNtNtNtB7_7builder10value_hint9ValueHintECsL1Yq96M8oh_5uu_nl (<clap_builder::util::any_value::AnyValue>::downcast_into::<clap_builder::builder::value_hint::ValueHint>)
FUNCTION _RNvMNtCsgxBkk5gSRhY_4core6resultINtB2_6ResultNtNtNtCscGCs1NCPc8C_12clap_builder7builder10value_hint9ValueHintNtNtNtBN_4util9any_value8AnyValueE6expectCsL1Yq96M8oh_5uu_nl (<core::result::Result<clap_builder::builder::value_hint::ValueHint, clap_builder::util::any_value::AnyValue>>::expect)
FUNCTION _RINvMsF_NtCs6i54tJFfzR_5alloc4syncINtB6_3ArcDNtNtCsgxBkk5gSRhY_4core3any3AnyNtNtBL_6marker4SendNtB1e_4SyncEL_E8downcastNtNtNtCscGCs1NCPc8C_12clap_builder7builder10value_hint9ValueHintECsL1Yq96M8oh_5uu_nl (<alloc::sync::Arc<dyn core::any::Any + core::marker::Send + core::marker::Sync>>::downcast::<clap_builder::builder::value_hint::ValueHint>)
FUNCTION _RINvMNtCsgxBkk5gSRhY_4core6resultINtB3_6ResultINtNtCs6i54tJFfzR_5alloc4sync3ArcNtNtNtCscGCs1NCPc8C_12clap_builder7builder10value_hint9ValueHintEIBJ_DNtNtB5_3any3AnyNtNtB5_6marker4SendNtB2E_4SyncEL_EE7map_errNtNtNtB1l_4util9any_value8AnyValueNCINvMB3l_B3j_13downcast_intoB1f_Es_0ECsL1Yq96M8oh_5uu_nl (<core::result::Result<alloc::sync::Arc<clap_builder::builder::value_hint::ValueHint>, alloc::sync::Arc<dyn core::any::Any + core::marker::Send + core::marker::Sync>>>::map_err::<clap_builder::util::any_value::AnyValue, <clap_builder::util::any_value::AnyValue>::downcast_into<clap_builder::builder::value_hint::ValueHint>::{closure#1}>)
FUNCTION _RNvMsf_NtCs6i54tJFfzR_5alloc4syncINtB5_3ArcNtNtNtCscGCs1NCPc8C_12clap_builder7builder10value_hint9ValueHintE10try_unwrapCsL1Yq96M8oh_5uu_nl (<alloc::sync::Arc<clap_builder::builder::value_hint::ValueHint>>::try_unwrap)
FUNCTION _RINvMNtCsgxBkk5gSRhY_4core6resultINtB3_6ResultNtNtNtCscGCs1NCPc8C_12clap_builder7builder10value_hint9ValueHintINtNtCs6i54tJFfzR_5alloc4sync3ArcBI_EE14unwrap_or_elseNCINvMNtNtBO_4util9any_valueNtB2I_8AnyValue13downcast_intoBI_E0ECsL1Yq96M8oh_5uu_nl (<core::result::Result<clap_builder::builder::value_hint::ValueHint, alloc::sync::Arc<clap_builder::builder::value_hint::ValueHint>>>::unwrap_or_else::<<clap_builder::util::any_value::AnyValue>::downcast_into<clap_builder::builder::value_hint::ValueHint>::{closure#0}>)
FUNCTION _RINvNtCsgxBkk5gSRhY_4core3ptr9drop_glueINtNtCs6i54tJFfzR_5alloc4sync3ArcNtNtNtCscGCs1NCPc8C_12clap_builder7builder10value_hint9ValueHintEECsL1Yq96M8oh_5uu_nl (core::ptr::drop_glue::<alloc::sync::Arc<clap_builder::builder::value_hint::ValueHint>>)
FUNCTION _RNvXsE_NtCs6i54tJFfzR_5alloc4syncINtB5_3ArcNtNtNtCscGCs1NCPc8C_12clap_builder7builder10value_hint9ValueHintENtNtNtCsgxBkk5gSRhY_4core3ops4drop4Drop4dropCsL1Yq96M8oh_5uu_nl (<alloc::sync::Arc<clap_builder::builder::value_hint::ValueHint> as core::ops::drop::Drop>::drop)
FUNCTION _RNvNtNtCsgxBkk5gSRhY_4core4sync6atomic5fenceCsL1Yq96M8oh_5uu_nl (core::sync::atomic::fence)
FUNCTION _RNvMsn_NtCs6i54tJFfzR_5alloc4syncINtB5_3ArcNtNtNtCscGCs1NCPc8C_12clap_builder7builder10value_hint9ValueHintE9drop_slowCsL1Yq96M8oh_5uu_nl (<alloc::sync::Arc<clap_builder::builder::value_hint::ValueHint>>::drop_slow)
FUNCTION _RINvNtCsgxBkk5gSRhY_4core3ptr9drop_glueINtNtCs6i54tJFfzR_5alloc4sync4WeakNtNtNtCscGCs1NCPc8C_12clap_builder7builder10value_hint9ValueHintRNtNtBG_5alloc6GlobalEECsL1Yq96M8oh_5uu_nl (core::ptr::drop_glue::<alloc::sync::Weak<clap_builder::builder::value_hint::ValueHint, &alloc::alloc::Global>>)
FUNCTION _RNvXsO_NtCs6i54tJFfzR_5alloc4syncINtB5_4WeakNtNtNtCscGCs1NCPc8C_12clap_builder7builder10value_hint9ValueHintRNtNtB7_5alloc6GlobalENtNtNtCsgxBkk5gSRhY_4core3ops4drop4Drop4dropCsL1Yq96M8oh_5uu_nl (<alloc::sync::Weak<clap_builder::builder::value_hint::ValueHint, &alloc::alloc::Global> as core::ops::drop::Drop>::drop)
FUNCTION _RNvNvMNtNtCsgxBkk5gSRhY_4core3mem9alignmentNtB4_9Alignment13new_unchecked18precondition_checkCsL1Yq96M8oh_5uu_nl (<core::mem::alignment::Alignment>::new_unchecked::precondition_check)
FUNCTION _RNvNvMNtNtCsgxBkk5gSRhY_4core5alloc6layoutNtB4_6Layout29from_size_alignment_unchecked18precondition_checkCsL1Yq96M8oh_5uu_nl (<core::alloc::layout::Layout>::from_size_alignment_unchecked::precondition_check)
FUNCTION _RNCINvMNtNtCscGCs1NCPc8C_12clap_builder4util9any_valueNtB5_8AnyValue13downcast_intoNtNtNtB9_7builder10value_hint9ValueHintE0CsL1Yq96M8oh_5uu_nl (<clap_builder::util::any_value::AnyValue>::downcast_into::<clap_builder::builder::value_hint::ValueHint>::{closure#0})
FUNCTION _RNvXsx_NtCs6i54tJFfzR_5alloc4syncINtB5_3ArcNtNtNtCscGCs1NCPc8C_12clap_builder7builder10value_hint9ValueHintENtNtNtCsgxBkk5gSRhY_4core3ops5deref5Deref5derefCsL1Yq96M8oh_5uu_nl (<alloc::sync::Arc<clap_builder::builder::value_hint::ValueHint> as core::ops::deref::Deref>::deref)
FUNCTION _RNvXs7_NtNtCscGCs1NCPc8C_12clap_builder7builder10value_hintNtB5_9ValueHintNtNtCsgxBkk5gSRhY_4core5clone5Clone5cloneCsL1Yq96M8oh_5uu_nl (<clap_builder::builder::value_hint::ValueHint as core::clone::Clone>::clone)
FUNCTION _RINvNtNtCsgxBkk5gSRhY_4core4sync6atomic23atomic_compare_exchangejECsL1Yq96M8oh_5uu_nl (core::sync::atomic::atomic_compare_exchange::<usize>)
FUNCTION _RINvNtCsgxBkk5gSRhY_4core3ptr9drop_glueINtNtCs6i54tJFfzR_5alloc4sync4WeakNtNtNtCscGCs1NCPc8C_12clap_builder7builder10value_hint9ValueHintEECsL1Yq96M8oh_5uu_nl (core::ptr::drop_glue::<alloc::sync::Weak<clap_builder::builder::value_hint::ValueHint>>)
FUNCTION _RNvXsO_NtCs6i54tJFfzR_5alloc4syncINtB5_4WeakNtNtNtCscGCs1NCPc8C_12clap_builder7builder10value_hint9ValueHintENtNtNtCsgxBkk5gSRhY_4core3ops4drop4Drop4dropCsL1Yq96M8oh_5uu_nl (<alloc::sync::Weak<clap_builder::builder::value_hint::ValueHint> as core::ops::drop::Drop>::drop)
FUNCTION _RNvXs_NtCs6i54tJFfzR_5alloc5allocNtB4_6GlobalNtNtCsgxBkk5gSRhY_4core5alloc9Allocator10deallocateCsL1Yq96M8oh_5uu_nl (<alloc::alloc::Global as core::alloc::Allocator>::deallocate)
FUNCTION _RNCINvMNtNtCscGCs1NCPc8C_12clap_builder4util9any_valueNtB5_8AnyValue13downcast_intoNtNtNtB9_7builder10value_hint9ValueHintEs_0CsL1Yq96M8oh_5uu_nl (<clap_builder::util::any_value::AnyValue>::downcast_into::<clap_builder::builder::value_hint::ValueHint>::{closure#1})
FUNCTION _RINvMNtCsgxBkk5gSRhY_4core6optionINtB3_6OptionRNtNtCs6i54tJFfzR_5alloc6string6StringE3mapBv_NcNtBv_4Some0ECsL1Yq96M8oh_5uu_nl (<core::option::Option<&alloc::string::String>>::map::<core::option::Option<&alloc::string::String>, core::option::Option<&alloc::string::String>::Some>)
FUNCTION _RNvYNcNtINtNtCsgxBkk5gSRhY_4core6option6OptionRNtNtCs6i54tJFfzR_5alloc6string6StringE4Some0INtNtNtBb_3ops8function6FnOnceTBI_EE9call_onceCsL1Yq96M8oh_5uu_nl (<core::option::Option<&alloc::string::String>::Some as core::ops::function::FnOnce<(&alloc::string::String,)>>::call_once)
FUNCTION _RNcNtINtNtCsgxBkk5gSRhY_4core6option6OptionRNtNtCs6i54tJFfzR_5alloc6string6StringE4Some0CsL1Yq96M8oh_5uu_nl (core::option::Option::<&alloc::string::String>::Some)
FUNCTION _RINvMNtCsgxBkk5gSRhY_4core6optionINtB3_6OptionRNtNtCs6i54tJFfzR_5alloc6string6StringE3mapNtCsL1Yq96M8oh_5uu_nl12NumberFormatNvYBI_INtNtB5_7convert4IntoB1p_E4intoEB1r_ (<core::option::Option<&alloc::string::String>>::map::<uu_nl::NumberFormat, <&alloc::string::String as core::convert::Into<uu_nl::NumberFormat>>::into>)
FUNCTION _RNvYNvYRNtNtCs6i54tJFfzR_5alloc6string6StringINtNtCsgxBkk5gSRhY_4core7convert4IntoNtCsL1Yq96M8oh_5uu_nl12NumberFormatE4intoINtNtNtBM_3ops8function6FnOnceTB5_EE9call_onceB1k_ (<<&alloc::string::String as core::convert::Into<uu_nl::NumberFormat>>::into as core::ops::function::FnOnce<(&alloc::string::String,)>>::call_once)
FUNCTION _RNvXs1_NtCsgxBkk5gSRhY_4core7convertRNtNtCs6i54tJFfzR_5alloc6string6StringINtB5_4IntoNtCsL1Yq96M8oh_5uu_nl12NumberFormatE4intoB1n_ (<&alloc::string::String as core::convert::Into<uu_nl::NumberFormat>>::into)
FUNCTION _RNvXs1_CsL1Yq96M8oh_5uu_nlNtB5_12NumberFormatINtNtCsgxBkk5gSRhY_4core7convert4FromRNtNtCs6i54tJFfzR_5alloc6string6StringE4fromB5_ (<uu_nl::NumberFormat as core::convert::From<&alloc::string::String>>::from)
FUNCTION _RNvXs_NtNtCsgxBkk5gSRhY_4core3str6traitseNtNtB8_3cmp9PartialEq2eqCsL1Yq96M8oh_5uu_nl (<str as core::cmp::PartialEq>::eq)
FUNCTION _RNvMs2_NtCsgxBkk5gSRhY_4core3fmtNtB5_9Arguments17from_str_nonconstCsL1Yq96M8oh_5uu_nl (<core::fmt::Arguments>::from_str_nonconst)
FUNCTION _RNvMs4_NtCsgxBkk5gSRhY_4core3fmtNtB5_9Arguments8from_strCsL1Yq96M8oh_5uu_nl (<core::fmt::Arguments>::from_str)
FUNCTION _RINvMNtCsgxBkk5gSRhY_4core6optionINtB3_6OptionRNtNtCs6i54tJFfzR_5alloc6string6StringE3mapReNvMBL_BJ_6as_strECsL1Yq96M8oh_5uu_nl (<core::option::Option<&alloc::string::String>>::map::<&str, <alloc::string::String>::as_str>)
FUNCTION _RNvYNvMNtCs6i54tJFfzR_5alloc6stringNtB5_6String6as_strINtNtNtCsgxBkk5gSRhY_4core3ops8function6FnOnceTRBx_EE9call_onceCsL1Yq96M8oh_5uu_nl (<<alloc::string::String>::as_str as core::ops::function::FnOnce<(&alloc::string::String,)>>::call_once)
FUNCTION _RNvMNtCs6i54tJFfzR_5alloc6stringNtB2_6String6as_strCsL1Yq96M8oh_5uu_nl (<alloc::string::String>::as_str)
FUNCTION _RINvMNtCsgxBkk5gSRhY_4core6optionINtB3_6OptionRNtNtNtCs9k3SxhrAWiO_3std3ffi6os_str8OsStringE3mapBv_NcNtBv_4Some0ECsL1Yq96M8oh_5uu_nl (<core::option::Option<&std::ffi::os_str::OsString>>::map::<core::option::Option<&std::ffi::os_str::OsString>, core::option::Option<&std::ffi::os_str::OsString>::Some>)
FUNCTION _RNvYNcNtINtNtCsgxBkk5gSRhY_4core6option6OptionRNtNtNtCs9k3SxhrAWiO_3std3ffi6os_str8OsStringE4Some0INtNtNtBb_3ops8function6FnOnceTBI_EE9call_onceCsL1Yq96M8oh_5uu_nl (<core::option::Option<&std::ffi::os_str::OsString>::Some as core::ops::function::FnOnce<(&std::ffi::os_str::OsString,)>>::call_once)
FUNCTION _RNcNtINtNtCsgxBkk5gSRhY_4core6option6OptionRNtNtNtCs9k3SxhrAWiO_3std3ffi6os_str8OsStringE4Some0CsL1Yq96M8oh_5uu_nl (core::option::Option::<&std::ffi::os_str::OsString>::Some)
FUNCTION _RINvMNtCsgxBkk5gSRhY_4core6optionINtB3_6OptionRNtNtNtCscGCs1NCPc8C_12clap_builder7builder3arg3ArgE3mapNtNtCs6i54tJFfzR_5alloc6string6StringNCNCNvXsy_NtBN_12value_parserNtB2n_20RangedU64ValueParserNtB2n_16TypedValueParser9parse_refs1_00ECsL1Yq96M8oh_5uu_nl (<core::option::Option<&clap_builder::builder::arg::Arg>>::map::<alloc::string::String, <clap_builder::builder::value_parser::RangedU64ValueParser as clap_builder::builder::value_parser::TypedValueParser>::parse_ref::{closure#3}::{closure#0}>)
FUNCTION _RNCNCNvXsy_NtNtCscGCs1NCPc8C_12clap_builder7builder12value_parserNtB9_20RangedU64ValueParserNtB9_16TypedValueParser9parse_refs1_00CsL1Yq96M8oh_5uu_nl (<clap_builder::builder::value_parser::RangedU64ValueParser as clap_builder::builder::value_parser::TypedValueParser>::parse_ref::{closure#3}::{closure#0})
FUNCTION _RINvMNtCsgxBkk5gSRhY_4core6optionINtB3_6OptionRNtNtNtCscGCs1NCPc8C_12clap_builder7builder3arg3ArgE3mapNtNtCs6i54tJFfzR_5alloc6string6StringNCNCNvXsy_NtBN_12value_parserNtB2n_20RangedU64ValueParserNtB2n_16TypedValueParser9parse_refs2_00ECsL1Yq96M8oh_5uu_nl (<core::option::Option<&clap_builder::builder::arg::Arg>>::map::<alloc::string::String, <clap_builder::builder::value_parser::RangedU64ValueParser as clap_builder::builder::value_parser::TypedValueParser>::parse_ref::{closure#4}::{closure#0}>)
FUNCTION _RNCNCNvXsy_NtNtCscGCs1NCPc8C_12clap_builder7builder12value_parserNtB9_20RangedU64ValueParserNtB9_16TypedValueParser9parse_refs2_00CsL1Yq96M8oh_5uu_nl (<clap_builder::builder::value_parser::RangedU64ValueParser as clap_builder::builder::value_parser::TypedValueParser>::parse_ref::{closure#4}::{closure#0})
FUNCTION _RINvMNtCsgxBkk5gSRhY_4core6optionINtB3_6OptionRNtNtNtCscGCs1NCPc8C_12clap_builder7builder3arg3ArgE3mapNtNtCs6i54tJFfzR_5alloc6string6StringNCNvXsy_NtBN_12value_parserNtB2l_20RangedU64ValueParserNtB2l_16TypedValueParser9parse_ref0ECsL1Yq96M8oh_5uu_nl (<core::option::Option<&clap_builder::builder::arg::Arg>>::map::<alloc::string::String, <clap_builder::builder::value_parser::RangedU64ValueParser as clap_builder::builder::value_parser::TypedValueParser>::parse_ref::{closure#0}>)
FUNCTION _RNCNvXsy_NtNtCscGCs1NCPc8C_12clap_builder7builder12value_parserNtB7_20RangedU64ValueParserNtB7_16TypedValueParser9parse_ref0CsL1Yq96M8oh_5uu_nl (<clap_builder::builder::value_parser::RangedU64ValueParser as clap_builder::builder::value_parser::TypedValueParser>::parse_ref::{closure#0})
FUNCTION _RINvMNtCsgxBkk5gSRhY_4core6optionINtB3_6OptionRNtNtNtNtCscGCs1NCPc8C_12clap_builder6parser7matches11matched_arg10MatchedArgE8and_thenRNtNtNtBR_4util9any_value8AnyValueNCINvMs0_NtBN_11arg_matchesNtB2O_10ArgMatches11try_get_oneNtNtCs6i54tJFfzR_5alloc6string6StringE0ECsL1Yq96M8oh_5uu_nl (<core::option::Option<&clap_builder::parser::matches::matched_arg::MatchedArg>>::and_then::<&clap_builder::util::any_value::AnyValue, <clap_builder::parser::matches::arg_matches::ArgMatches>::try_get_one<alloc::string::String>::{closure#0}>)
FUNCTION _RNCINvMs0_NtNtNtCscGCs1NCPc8C_12clap_builder6parser7matches11arg_matchesNtB8_10ArgMatches11try_get_oneNtNtCs6i54tJFfzR_5alloc6string6StringE0CsL1Yq96M8oh_5uu_nl (<clap_builder::parser::matches::arg_matches::ArgMatches>::try_get_one::<alloc::string::String>::{closure#0})
FUNCTION _RINvMNtCsgxBkk5gSRhY_4core6optionINtB3_6OptionRNtNtNtNtCscGCs1NCPc8C_12clap_builder6parser7matches11matched_arg10MatchedArgE8and_thenRNtNtNtBR_4util9any_value8AnyValueNCINvMs0_NtBN_11arg_matchesNtB2O_10ArgMatches11try_get_oneNtNtNtCs9k3SxhrAWiO_3std3ffi6os_str8OsStringE0ECsL1Yq96M8oh_5uu_nl (<core::option::Option<&clap_builder::parser::matches::matched_arg::MatchedArg>>::and_then::<&clap_builder::util::any_value::AnyValue, <clap_builder::parser::matches::arg_matches::ArgMatches>::try_get_one<std::ffi::os_str::OsString>::{closure#0}>)
FUNCTION _RNCINvMs0_NtNtNtCscGCs1NCPc8C_12clap_builder6parser7matches11arg_matchesNtB8_10ArgMatches11try_get_oneNtNtNtCs9k3SxhrAWiO_3std3ffi6os_str8OsStringE0CsL1Yq96M8oh_5uu_nl (<clap_builder::parser::matches::arg_matches::ArgMatches>::try_get_one::<std::ffi::os_str::OsString>::{closure#0})
FUNCTION _RINvMNtCsgxBkk5gSRhY_4core6optionINtB3_6OptionRNtNtNtNtCscGCs1NCPc8C_12clap_builder6parser7matches11matched_arg10MatchedArgE8and_thenRNtNtNtBR_4util9any_value8AnyValueNCINvMs0_NtBN_11arg_matchesNtB2O_10ArgMatches11try_get_onexE0ECsL1Yq96M8oh_5uu_nl (<core::option::Option<&clap_builder::parser::matches::matched_arg::MatchedArg>>::and_then::<&clap_builder::util::any_value::AnyValue, <clap_builder::parser::matches::arg_matches::ArgMatches>::try_get_one<i64>::{closure#0}>)
FUNCTION _RNCINvMs0_NtNtNtCscGCs1NCPc8C_12clap_builder6parser7matches11arg_matchesNtB8_10ArgMatches11try_get_onexE0CsL1Yq96M8oh_5uu_nl (<clap_builder::parser::matches::arg_matches::ArgMatches>::try_get_one::<i64>::{closure#0})
FUNCTION _RINvMNtCsgxBkk5gSRhY_4core6optionINtB3_6OptionRNtNtNtNtCscGCs1NCPc8C_12clap_builder6parser7matches11matched_arg10MatchedArgE8and_thenRNtNtNtBR_4util9any_value8AnyValueNCINvMs0_NtBN_11arg_matchesNtB2O_10ArgMatches11try_get_oneyE0ECsL1Yq96M8oh_5uu_nl (<core::option::Option<&clap_builder::parser::matches::matched_arg::MatchedArg>>::and_then::<&clap_builder::util::any_value::AnyValue, <clap_builder::parser::matches::arg_matches::ArgMatches>::try_get_one<u64>::{closure#0}>)
FUNCTION _RNCINvMs0_NtNtNtCscGCs1NCPc8C_12clap_builder6parser7matches11arg_matchesNtB8_10ArgMatches11try_get_oneyE0CsL1Yq96M8oh_5uu_nl (<clap_builder::parser::matches::arg_matches::ArgMatches>::try_get_one::<u64>::{closure#0})
FUNCTION _RINvMNtCsgxBkk5gSRhY_4core6optionINtB3_6OptionReE10ok_or_elseNtNtCscGCs1NCPc8C_12clap_builder5error5ErrorNCNvXsy_NtNtB11_7builder12value_parserNtB1N_20RangedU64ValueParserNtB1N_16TypedValueParser9parse_refs0_0ECsL1Yq96M8oh_5uu_nl (<core::option::Option<&str>>::ok_or_else::<clap_builder::error::Error, <clap_builder::builder::value_parser::RangedU64ValueParser as clap_builder::builder::value_parser::TypedValueParser>::parse_ref::{closure#2}>)
FUNCTION _RNCNvXsy_NtNtCscGCs1NCPc8C_12clap_builder7builder12value_parserNtB7_20RangedU64ValueParserNtB7_16TypedValueParser9parse_refs0_0CsL1Yq96M8oh_5uu_nl (<clap_builder::builder::value_parser::RangedU64ValueParser as clap_builder::builder::value_parser::TypedValueParser>::parse_ref::{closure#2})
FUNCTION _RINvMNtCsgxBkk5gSRhY_4core6optionINtB3_6OptionReE11map_or_elsebNCNvNtCsL1Yq96M8oh_5uu_nl6helper13parse_options0NCB11_s_0EB15_ (<core::option::Option<&str>>::map_or_else::<bool, uu_nl::helper::parse_options::{closure#0}, uu_nl::helper::parse_options::{closure#1}>)
FUNCTION _RNCNvNtCsL1Yq96M8oh_5uu_nl6helper13parse_optionss_0B5_ (uu_nl::helper::parse_options::{closure#1})
FUNCTION _RNCNvNtCsL1Yq96M8oh_5uu_nl6helper13parse_options0B5_ (uu_nl::helper::parse_options::{closure#0})
FUNCTION _RNvXs3_NtNtCs9k3SxhrAWiO_3std3ffi6os_strNtB5_8OsStringNtNtNtCsgxBkk5gSRhY_4core3ops5deref5Deref5derefCsL1Yq96M8oh_5uu_nl (<std::ffi::os_str::OsString as core::ops::deref::Deref>::deref)
FUNCTION _RNvMsj_NtNtCs9k3SxhrAWiO_3std3ffi6os_strNtB5_5OsStr3lenCsL1Yq96M8oh_5uu_nl (<std::ffi::os_str::OsStr>::len)
FUNCTION _RNvXs1_NtNtCs9k3SxhrAWiO_3std3ffi6os_strNtB5_8OsStringINtNtNtCsgxBkk5gSRhY_4core3ops5index5IndexNtNtBV_5range9RangeFullE5indexCsL1Yq96M8oh_5uu_nl (<std::ffi::os_str::OsString as core::ops::index::Index<core::ops::range::RangeFull>>::index)
FUNCTION _RNvMNtCsgxBkk5gSRhY_4core3stre5charsCsL1Yq96M8oh_5uu_nl (<str>::chars)
FUNCTION _RNvXNtNtCsgxBkk5gSRhY_4core3str4iterNtB2_5CharsNtNtNtNtB6_4iter6traits8iterator8Iterator5countCsL1Yq96M8oh_5uu_nl (<core::str::iter::Chars as core::iter::traits::iterator::Iterator>::count)
FUNCTION _RNvNvMNtNtCsgxBkk5gSRhY_4core3ptr9const_ptrPp20offset_from_unsigned18precondition_checkCsL1Yq96M8oh_5uu_nl (<*const _>::offset_from_unsigned::precondition_check)
FUNCTION _RNvNvNtNtCsgxBkk5gSRhY_4core5slice3raw14from_raw_parts18precondition_checkCsL1Yq96M8oh_5uu_nl (core::slice::raw::from_raw_parts::precondition_check)
FUNCTION _RINvMNtCsgxBkk5gSRhY_4core6optionINtB3_6OptionReE3mapINtNtB5_6result6ResultNtCsL1Yq96M8oh_5uu_nl14NumberingStyleNtNtCs6i54tJFfzR_5alloc6string6StringENvYBI_INtNtB5_7convert7TryIntoB1b_E8try_intoEB1d_ (<core::option::Option<&str>>::map::<core::result::Result<uu_nl::NumberingStyle, alloc::string::String>, <&str as core::convert::TryInto<uu_nl::NumberingStyle>>::try_into>)
FUNCTION _RNvYNvYReINtNtCsgxBkk5gSRhY_4core7convert7TryIntoNtCsL1Yq96M8oh_5uu_nl14NumberingStyleE8try_intoINtNtNtBc_3ops8function6FnOnceTB5_EE9call_onceBN_ (<<&str as core::convert::TryInto<uu_nl::NumberingStyle>>::try_into as core::ops::function::FnOnce<(&str,)>>::call_once)
FUNCTION _RNvXs4_NtCsgxBkk5gSRhY_4core7convertReINtB5_7TryIntoNtCsL1Yq96M8oh_5uu_nl14NumberingStyleE8try_intoBQ_ (<&str as core::convert::TryInto<uu_nl::NumberingStyle>>::try_into)
FUNCTION _RNvXs0_CsL1Yq96M8oh_5uu_nlNtB5_14NumberingStyleINtNtCsgxBkk5gSRhY_4core7convert7TryFromReE8try_from (<uu_nl::NumberingStyle as core::convert::TryFrom<&str>>::try_from)
FUNCTION _RNvXsx_NtCs6i54tJFfzR_5alloc6stringNtB5_6StringNtNtNtCsgxBkk5gSRhY_4core3ops5deref5Deref5derefCsL1Yq96M8oh_5uu_nl (<alloc::string::String as core::ops::deref::Deref>::deref)
FUNCTION _RNvNtCs6i54tJFfzR_5alloc5boxed14box_new_uninitCsL1Yq96M8oh_5uu_nl (alloc::boxed::box_new_uninit)
FUNCTION _RINvNtCsgxBkk5gSRhY_4core3ptr9drop_glueNtNtNtCs2BAm4Hpwumr_5regex5regex5bytes5RegexECsL1Yq96M8oh_5uu_nl (core::ptr::drop_glue::<regex::regex::bytes::Regex>)
FUNCTION _RINvNtCsgxBkk5gSRhY_4core3ptr9drop_glueINtNtB4_6result6ResultNtNtNtCs2BAm4Hpwumr_5regex5regex5bytes5RegexNtNtB13_5error5ErrorEECsL1Yq96M8oh_5uu_nl (core::ptr::drop_glue::<core::result::Result<regex::regex::bytes::Regex, regex::error::Error>>)
FUNCTION _RINvNtCsgxBkk5gSRhY_4core3ptr9drop_glueNtNtNtCs6pFaPYQxa0S_14regex_automata4meta5regex5RegexECsL1Yq96M8oh_5uu_nl (core::ptr::drop_glue::<regex_automata::meta::regex::Regex>)
FUNCTION _RNvMNtCs6i54tJFfzR_5alloc5allocNtB2_6Global18alloc_impl_runtimeCsL1Yq96M8oh_5uu_nl (<alloc::alloc::Global>::alloc_impl_runtime)
FUNCTION _RNvNvMs1_NtNtCsgxBkk5gSRhY_4core3ptr8non_nullINtB7_7NonNullpE13new_unchecked18precondition_checkCsL1Yq96M8oh_5uu_nl (<core::ptr::non_null::NonNull<_>>::new_unchecked::precondition_check)
FUNCTION _RINvMNtCsgxBkk5gSRhY_4core6optionINtB3_6OptionRxE3mapBv_NcNtBv_4Some0ECsL1Yq96M8oh_5uu_nl (<core::option::Option<&i64>>::map::<core::option::Option<&i64>, core::option::Option<&i64>::Some>)
FUNCTION _RNvYNcNtINtNtCsgxBkk5gSRhY_4core6option6OptionRxE4Some0INtNtNtBb_3ops8function6FnOnceTBI_EE9call_onceCsL1Yq96M8oh_5uu_nl (<core::option::Option<&i64>::Some as core::ops::function::FnOnce<(&i64,)>>::call_once)
FUNCTION _RNcNtINtNtCsgxBkk5gSRhY_4core6option6OptionRxE4Some0CsL1Yq96M8oh_5uu_nl (core::option::Option::<&i64>::Some)
FUNCTION _RINvMNtCsgxBkk5gSRhY_4core6optionINtB3_6OptionRyE3mapBv_NcNtBv_4Some0ECsL1Yq96M8oh_5uu_nl (<core::option::Option<&u64>>::map::<core::option::Option<&u64>, core::option::Option<&u64>::Some>)
FUNCTION _RNvYNcNtINtNtCsgxBkk5gSRhY_4core6option6OptionRyE4Some0INtNtNtBb_3ops8function6FnOnceTBI_EE9call_onceCsL1Yq96M8oh_5uu_nl (<core::option::Option<&u64>::Some as core::ops::function::FnOnce<(&u64,)>>::call_once)
FUNCTION _RNcNtINtNtCsgxBkk5gSRhY_4core6option6OptionRyE4Some0CsL1Yq96M8oh_5uu_nl (core::option::Option::<&u64>::Some)
FUNCTION _RINvMNtCsgxBkk5gSRhY_4core6optionINtB3_6OptionTNtNtNtCscGCs1NCPc8C_12clap_builder4util9any_value10AnyValueIdNtBL_8AnyValueEE3mapB1I_NCINvMNtBN_8flat_mapINtB2c_7FlatMapBJ_B1I_E6removeBJ_E0ECsL1Yq96M8oh_5uu_nl (<core::option::Option<(clap_builder::util::any_value::AnyValueId, clap_builder::util::any_value::AnyValue)>>::map::<clap_builder::util::any_value::AnyValue, <clap_builder::util::flat_map::FlatMap<clap_builder::util::any_value::AnyValueId, clap_builder::util::any_value::AnyValue>>::remove<clap_builder::util::any_value::AnyValueId>::{closure#0}>)
FUNCTION _RNCINvMNtNtCscGCs1NCPc8C_12clap_builder4util8flat_mapINtB5_7FlatMapNtNtB7_9any_value10AnyValueIdNtB15_8AnyValueE6removeB13_E0CsL1Yq96M8oh_5uu_nl (<clap_builder::util::flat_map::FlatMap<clap_builder::util::any_value::AnyValueId, clap_builder::util::any_value::AnyValue>>::remove::<clap_builder::util::any_value::AnyValueId>::{closure#0})
FUNCTION _RINvMNtCsgxBkk5gSRhY_4core6resultINtB3_6ResultyNtNtB5_7convert10InfallibleE7map_errNtNtCscGCs1NCPc8C_12clap_builder5error5ErrorNCNvXsy_NtNtB1n_7builder12value_parserNtB29_20RangedU64ValueParserNtB29_16TypedValueParser9parse_refs2_0ECsL1Yq96M8oh_5uu_nl (<core::result::Result<u64, core::convert::Infallible>>::map_err::<clap_builder::error::Error, <clap_builder::builder::value_parser::RangedU64ValueParser as clap_builder::builder::value_parser::TypedValueParser>::parse_ref::{closure#4}>)
FUNCTION _RNCNvXsy_NtNtCscGCs1NCPc8C_12clap_builder7builder12value_parserNtB7_20RangedU64ValueParserNtB7_16TypedValueParser9parse_refs2_0CsL1Yq96M8oh_5uu_nl (<clap_builder::builder::value_parser::RangedU64ValueParser as clap_builder::builder::value_parser::TypedValueParser>::parse_ref::{closure#4})
FUNCTION _RNvMsj_NtNtCs9k3SxhrAWiO_3std3ffi6os_strNtB5_5OsStr15to_string_lossyCsL1Yq96M8oh_5uu_nl (<std::ffi::os_str::OsStr>::to_string_lossy)
FUNCTION _RINvMNtCsgxBkk5gSRhY_4core6resultINtB3_6ResultyNtNtNtB5_3num5error13ParseIntErrorE7map_errNtNtCscGCs1NCPc8C_12clap_builder5error5ErrorNCNvXsy_NtNtB1u_7builder12value_parserNtB2g_20RangedU64ValueParserNtB2g_16TypedValueParser9parse_refs1_0ECsL1Yq96M8oh_5uu_nl (<core::result::Result<u64, core::num::error::ParseIntError>>::map_err::<clap_builder::error::Error, <clap_builder::builder::value_parser::RangedU64ValueParser as clap_builder::builder::value_parser::TypedValueParser>::parse_ref::{closure#3}>)
FUNCTION _RNCNvXsy_NtNtCscGCs1NCPc8C_12clap_builder7builder12value_parserNtB7_20RangedU64ValueParserNtB7_16TypedValueParser9parse_refs1_0CsL1Yq96M8oh_5uu_nl (<clap_builder::builder::value_parser::RangedU64ValueParser as clap_builder::builder::value_parser::TypedValueParser>::parse_ref::{closure#3})
FUNCTION _RINvMNtNtCs9k3SxhrAWiO_3std3ffi6os_strNtB3_8OsString4pushReECsL1Yq96M8oh_5uu_nl (<std::ffi::os_str::OsString>::push::<&str>)
FUNCTION _RNvXNvMNtNtCs9k3SxhrAWiO_3std3ffi6os_strNtB5_8OsString4pushReNtB2_10SpecPushTo12spec_push_toCsL1Yq96M8oh_5uu_nl (<&str as <std::ffi::os_str::OsString>::push::SpecPushTo>::spec_push_to)
FUNCTION _RINvMNtNtCscGCs1NCPc8C_12clap_builder4util8flat_mapINtB3_7FlatMapNtNtB5_9any_value10AnyValueIdNtB13_8AnyValueE12remove_entryB11_ECsL1Yq96M8oh_5uu_nl (<clap_builder::util::flat_map::FlatMap<clap_builder::util::any_value::AnyValueId, clap_builder::util::any_value::AnyValue>>::remove_entry::<clap_builder::util::any_value::AnyValueId>)
FUNCTION _RINvYINtNtNtNtCsgxBkk5gSRhY_4core4iter8adapters9enumerate9EnumerateINtNtNtBc_5slice4iter4IterNtNtNtCscGCs1NCPc8C_12clap_builder4util9any_value10AnyValueIdEENtNtNtBa_6traits8iterator8Iterator8find_mapjNCINvMNtB1x_8flat_mapINtB3i_7FlatMapB1t_NtB1v_8AnyValueE12remove_entryB1t_E0ECsL1Yq96M8oh_5uu_nl (<core::iter::adapters::enumerate::Enumerate<core::slice::iter::Iter<clap_builder::util::any_value::AnyValueId>> as core::iter::traits::iterator::Iterator>::find_map::<usize, <clap_builder::util::flat_map::FlatMap<clap_builder::util::any_value::AnyValueId, clap_builder::util::any_value::AnyValue>>::remove_entry<clap_builder::util::any_value::AnyValueId>::{closure#0}>)
FUNCTION _RNvMs_NtCs6i54tJFfzR_5alloc3vecINtB4_3VecNtNtNtCscGCs1NCPc8C_12clap_builder4util9any_value10AnyValueIdE6removeCsL1Yq96M8oh_5uu_nl (<alloc::vec::Vec<clap_builder::util::any_value::AnyValueId>>::remove)
FUNCTION _RNvMs_NtCs6i54tJFfzR_5alloc3vecINtB4_3VecNtNtNtCscGCs1NCPc8C_12clap_builder4util9any_value8AnyValueE6removeCsL1Yq96M8oh_5uu_nl (<alloc::vec::Vec<clap_builder::util::any_value::AnyValue>>::remove)
FUNCTION _RNvMs_NtCs6i54tJFfzR_5alloc3vecINtB4_3VecNtNtNtCscGCs1NCPc8C_12clap_builder4util9any_value8AnyValueE10try_removeCsL1Yq96M8oh_5uu_nl (<alloc::vec::Vec<clap_builder::util::any_value::AnyValue>>::try_remove)
FUNCTION _RNvNvNtCsgxBkk5gSRhY_4core3ptr4copy18precondition_checkCsL1Yq96M8oh_5uu_nl (core::ptr::copy::precondition_check)
FUNCTION _RNvNvMs_NtCs6i54tJFfzR_5alloc3vecINtB6_3VecppE7set_len18precondition_checkCsL1Yq96M8oh_5uu_nl (<alloc::vec::Vec<_, _>>::set_len::precondition_check)
FUNCTION _RNvMs_NtCs6i54tJFfzR_5alloc3vecINtB4_3VecNtNtNtCscGCs1NCPc8C_12clap_builder4util9any_value10AnyValueIdE10try_removeCsL1Yq96M8oh_5uu_nl (<alloc::vec::Vec<clap_builder::util::any_value::AnyValueId>>::try_remove)
FUNCTION _RINvXs_NtNtNtCsgxBkk5gSRhY_4core4iter8adapters9enumerateINtB5_9EnumerateINtNtNtBb_5slice4iter4IterNtNtNtCscGCs1NCPc8C_12clap_builder4util9any_value10AnyValueIdEENtNtNtB9_6traits8iterator8Iterator8try_folduNCINvNvB2z_8find_map5checkTjRB1y_EjNCINvMNtB1C_8flat_mapINtB3W_7FlatMapB1y_NtB1A_8AnyValueE12remove_entryB1y_E0E0INtNtNtBb_3ops12control_flow11ControlFlowjEECsL1Yq96M8oh_5uu_nl (<core::iter::adapters::enumerate::Enumerate<core::slice::iter::Iter<clap_builder::util::any_value::AnyValueId>> as core::iter::traits::iterator::Iterator>::try_fold::<(), core::iter::traits::iterator::Iterator::find_map::check<(usize, &clap_builder::util::any_value::AnyValueId), usize, <clap_builder::util::flat_map::FlatMap<clap_builder::util::any_value::AnyValueId, clap_builder::util::any_value::AnyValue>>::remove_entry<clap_builder::util::any_value::AnyValueId>::{closure#0}>::{closure#0}, core::ops::control_flow::ControlFlow<usize>>)
FUNCTION _RINvYINtNtNtCsgxBkk5gSRhY_4core5slice4iter4IterNtNtNtCscGCs1NCPc8C_12clap_builder4util9any_value10AnyValueIdENtNtNtNtBa_4iter6traits8iterator8Iterator8try_folduNCINvNvXs_NtNtB1P_8adapters9enumerateINtB2I_9EnumeratepEB1J_8try_fold9enumerateRBJ_uINtNtNtBa_3ops12control_flow11ControlFlowjENCINvNvB1J_8find_map5checkTjB3P_EjNCINvMNtBN_8flat_mapINtB5f_7FlatMapBJ_NtBL_8AnyValueE12remove_entryBJ_E0E0E0B3U_ECsL1Yq96M8oh_5uu_nl (<core::slice::iter::Iter<clap_builder::util::any_value::AnyValueId> as core::iter::traits::iterator::Iterator>::try_fold::<(), <core::iter::adapters::enumerate::Enumerate<_> as core::iter::traits::iterator::Iterator>::try_fold::enumerate<&clap_builder::util::any_value::AnyValueId, (), core::ops::control_flow::ControlFlow<usize>, core::iter::traits::iterator::Iterator::find_map::check<(usize, &clap_builder::util::any_value::AnyValueId), usize, <clap_builder::util::flat_map::FlatMap<clap_builder::util::any_value::AnyValueId, clap_builder::util::any_value::AnyValue>>::remove_entry<clap_builder::util::any_value::AnyValueId>::{closure#0}>::{closure#0}>::{closure#0}, core::ops::control_flow::ControlFlow<usize>>)
{"function": "_RINvYINtNtNtCsgxBkk5gSRhY_4core5slice4iter4IterNtNtNtCscGCs1NCPc8C_12clap_builder4util9any_value10AnyValueIdENtNtNtNtBa_4iter6traits8iterator8Iterator8try_folduNCINvNvXs_NtNtB1P_8adapters9enumerateINtB2I_9EnumeratepEB1J_8try_fold9enumerateRBJ_uINtNtNtBa_3ops12control_flow11ControlFlowjENCINvNvB1J_8find_map5checkTjB3P_EjNCINvMNtBN_8flat_mapINtB5f_7FlatMapBJ_NtBL_8AnyValueE12remove_entryBJ_E0E0E0B3U_ECsL1Yq96M8oh_5uu_nl", "function_demangled": "<core::slice::iter::Iter<clap_builder::util::any_value::AnyValueId> as core::iter::traits::iterator::Iterator>::try_fold::<(), <core::iter::adapters::enumerate::Enumerate<_> as core::iter::traits::iterator::Iterator>::try_fold::enumerate<&clap_builder::util::any_value::AnyValueId, (), core::ops::control_flow::ControlFlow<usize>, core::iter::traits::iterator::Iterator::find_map::check<(usize, &clap_builder::util::any_value::AnyValueId), usize, <clap_builder::util::flat_map::FlatMap<clap_builder::util::any_value::AnyValueId, clap_builder::util::any_value::AnyValue>>::remove_entry<clap_builder::util::any_value::AnyValueId>::{closure#0}>::{closure#0}>::{closure#0}, core::ops::control_flow::ControlFlow<usize>>", "header": "bb1", "depth": 1, "latch_count": 1, "subloop_count": 0, "src_loc": [{"col":34,"dir":"/rustc/48a229ceaefd4985c50990b14116b6d856af0985","file":"library/core/src/iter/traits/iterator.rs","line":2493}]}
FUNCTION _RNCINvNvXs_NtNtNtCsgxBkk5gSRhY_4core4iter8adapters9enumerateINtB9_9EnumeratepENtNtNtBd_6traits8iterator8Iterator8try_fold9enumerateRNtNtNtCscGCs1NCPc8C_12clap_builder4util9any_value10AnyValueIduINtNtNtBf_3ops12control_flow11ControlFlowjENCINvNvB1e_8find_map5checkTjB25_EjNCINvMNtB2a_8flat_mapINtB4r_7FlatMapB26_NtB28_8AnyValueE12remove_entryB26_E0E0E0CsL1Yq96M8oh_5uu_nl (<core::iter::adapters::enumerate::Enumerate<_> as core::iter::traits::iterator::Iterator>::try_fold::enumerate::<&clap_builder::util::any_value::AnyValueId, (), core::ops::control_flow::ControlFlow<usize>, core::iter::traits::iterator::Iterator::find_map::check<(usize, &clap_builder::util::any_value::AnyValueId), usize, <clap_builder::util::flat_map::FlatMap<clap_builder::util::any_value::AnyValueId, clap_builder::util::any_value::AnyValue>>::remove_entry<clap_builder::util::any_value::AnyValueId>::{closure#0}>::{closure#0}>::{closure#0})
FUNCTION _RNCINvNvNtNtNtNtCsgxBkk5gSRhY_4core4iter6traits8iterator8Iterator8find_map5checkTjRNtNtNtCscGCs1NCPc8C_12clap_builder4util9any_value10AnyValueIdEjNCINvMNtB1n_8flat_mapINtB2q_7FlatMapB1j_NtB1l_8AnyValueE12remove_entryB1j_E0E0CsL1Yq96M8oh_5uu_nl (core::iter::traits::iterator::Iterator::find_map::check::<(usize, &clap_builder::util::any_value::AnyValueId), usize, <clap_builder::util::flat_map::FlatMap<clap_builder::util::any_value::AnyValueId, clap_builder::util::any_value::AnyValue>>::remove_entry<clap_builder::util::any_value::AnyValueId>::{closure#0}>::{closure#0})
FUNCTION _RNCINvMNtNtCscGCs1NCPc8C_12clap_builder4util8flat_mapINtB5_7FlatMapNtNtB7_9any_value10AnyValueIdNtB15_8AnyValueE12remove_entryB13_E0CsL1Yq96M8oh_5uu_nl (<clap_builder::util::flat_map::FlatMap<clap_builder::util::any_value::AnyValueId, clap_builder::util::any_value::AnyValue>>::remove_entry::<clap_builder::util::any_value::AnyValueId>::{closure#0})
FUNCTION _RINvMNtNtCscGCs1NCPc8C_12clap_builder4util8flat_mapINtB3_7FlatMapNtNtB5_9any_value10AnyValueIdNtB13_8AnyValueE6removeB11_ECsL1Yq96M8oh_5uu_nl (<clap_builder::util::flat_map::FlatMap<clap_builder::util::any_value::AnyValueId, clap_builder::util::any_value::AnyValue>>::remove::<clap_builder::util::any_value::AnyValueId>)
FUNCTION _RINvMNtNtCscGCs1NCPc8C_12clap_builder4util9any_valueNtB3_8AnyValue12downcast_refNtNtCs6i54tJFfzR_5alloc6string6StringECsL1Yq96M8oh_5uu_nl (<clap_builder::util::any_value::AnyValue>::downcast_ref::<alloc::string::String>)
FUNCTION _RINvMs4_NtCsgxBkk5gSRhY_4core3anyDNtB6_3AnyNtNtB8_6marker4SendNtBH_4SyncEL_12downcast_refNtNtCs6i54tJFfzR_5alloc6string6StringECsL1Yq96M8oh_5uu_nl (<dyn core::any::Any + core::marker::Send + core::marker::Sync>::downcast_ref::<alloc::string::String>)
FUNCTION _RINvMNtNtCscGCs1NCPc8C_12clap_builder4util9any_valueNtB3_8AnyValue12downcast_refNtNtNtCs9k3SxhrAWiO_3std3ffi6os_str8OsStringECsL1Yq96M8oh_5uu_nl (<clap_builder::util::any_value::AnyValue>::downcast_ref::<std::ffi::os_str::OsString>)
FUNCTION _RINvMs4_NtCsgxBkk5gSRhY_4core3anyDNtB6_3AnyNtNtB8_6marker4SendNtBH_4SyncEL_12downcast_refNtNtNtCs9k3SxhrAWiO_3std3ffi6os_str8OsStringECsL1Yq96M8oh_5uu_nl (<dyn core::any::Any + core::marker::Send + core::marker::Sync>::downcast_ref::<std::ffi::os_str::OsString>)
FUNCTION _RINvMs2_NtCsgxBkk5gSRhY_4core3anyDNtB6_3AnyEL_12downcast_refNtNtNtCs9k3SxhrAWiO_3std3ffi6os_str8OsStringECsL1Yq96M8oh_5uu_nl (<dyn core::any::Any>::downcast_ref::<std::ffi::os_str::OsString>)
FUNCTION _RINvMNtNtCscGCs1NCPc8C_12clap_builder4util9any_valueNtB3_8AnyValue12downcast_refxECsL1Yq96M8oh_5uu_nl (<clap_builder::util::any_value::AnyValue>::downcast_ref::<i64>)
FUNCTION _RINvMs4_NtCsgxBkk5gSRhY_4core3anyDNtB6_3AnyNtNtB8_6marker4SendNtBH_4SyncEL_12downcast_refxECsL1Yq96M8oh_5uu_nl (<dyn core::any::Any + core::marker::Send + core::marker::Sync>::downcast_ref::<i64>)
FUNCTION _RINvMs2_NtCsgxBkk5gSRhY_4core3anyDNtB6_3AnyEL_12downcast_refxECsL1Yq96M8oh_5uu_nl (<dyn core::any::Any>::downcast_ref::<i64>)
FUNCTION _RINvMNtNtCscGCs1NCPc8C_12clap_builder4util9any_valueNtB3_8AnyValue12downcast_refyECsL1Yq96M8oh_5uu_nl (<clap_builder::util::any_value::AnyValue>::downcast_ref::<u64>)
FUNCTION _RINvMs4_NtCsgxBkk5gSRhY_4core3anyDNtB6_3AnyNtNtB8_6marker4SendNtBH_4SyncEL_12downcast_refyECsL1Yq96M8oh_5uu_nl (<dyn core::any::Any + core::marker::Send + core::marker::Sync>::downcast_ref::<u64>)
FUNCTION _RINvMs2_NtCsgxBkk5gSRhY_4core3anyDNtB6_3AnyEL_12downcast_refyECsL1Yq96M8oh_5uu_nl (<dyn core::any::Any>::downcast_ref::<u64>)
FUNCTION _RINvMNtNtCscGCs1NCPc8C_12clap_builder4util9any_valueNtB3_8AnyValue3newNtNtNtB7_7builder10value_hint9ValueHintECsL1Yq96M8oh_5uu_nl (<clap_builder::util::any_value::AnyValue>::new::<clap_builder::builder::value_hint::ValueHint>)
FUNCTION _RNvMse_NtCs6i54tJFfzR_5alloc4syncINtB5_3ArcNtNtNtCscGCs1NCPc8C_12clap_builder7builder10value_hint9ValueHintE3newCsL1Yq96M8oh_5uu_nl (<alloc::sync::Arc<clap_builder::builder::value_hint::ValueHint>>::new)
FUNCTION _RNvXNtCsgxBkk5gSRhY_4core3anyNtNtNtCscGCs1NCPc8C_12clap_builder7builder10value_hint9ValueHintNtB2_3Any7type_idCsL1Yq96M8oh_5uu_nl (<clap_builder::builder::value_hint::ValueHint as core::any::Any>::type_id)
FUNCTION _RINvMNtNtCscGCs1NCPc8C_12clap_builder4util9any_valueNtB3_8AnyValue3newyECsL1Yq96M8oh_5uu_nl (<clap_builder::util::any_value::AnyValue>::new::<u64>)
FUNCTION _RINvMs0_NtNtCscGCs1NCPc8C_12clap_builder4util9any_valueNtB6_10AnyValueId2ofyECsL1Yq96M8oh_5uu_nl (<clap_builder::util::any_value::AnyValueId>::of::<u64>)
FUNCTION _RNvMse_NtCs6i54tJFfzR_5alloc4syncINtB5_3ArcyE3newCsL1Yq96M8oh_5uu_nl (<alloc::sync::Arc<u64>>::new)
FUNCTION _RNvXNtCsgxBkk5gSRhY_4core3anyyNtB2_3Any7type_idCsL1Yq96M8oh_5uu_nl (<u64 as core::any::Any>::type_id)
FUNCTION _RINvMs8_NtCsgxBkk5gSRhY_4core3anyNtB6_6TypeId2ofyECsL1Yq96M8oh_5uu_nl (<core::any::TypeId>::of::<u64>)
FUNCTION _RINvNtCsgxBkk5gSRhY_4core3any9type_nameyECsL1Yq96M8oh_5uu_nl (core::any::type_name::<u64>)
FUNCTION _RINvMNtNtCscGCs1NCPc8C_12clap_builder6parser5errorNtB3_12MatchesError6unwrapINtNtCsgxBkk5gSRhY_4core6option6OptionRNtNtCs6i54tJFfzR_5alloc6string6StringEECsL1Yq96M8oh_5uu_nl (<clap_builder::parser::error::MatchesError>::unwrap::<core::option::Option<&alloc::string::String>>)
FUNCTION _RINvMNtNtCscGCs1NCPc8C_12clap_builder6parser5errorNtB3_12MatchesError6unwrapINtNtCsgxBkk5gSRhY_4core6option6OptionRNtNtNtCs9k3SxhrAWiO_3std3ffi6os_str8OsStringEECsL1Yq96M8oh_5uu_nl (<clap_builder::parser::error::MatchesError>::unwrap::<core::option::Option<&std::ffi::os_str::OsString>>)
FUNCTION _RINvMNtNtCscGCs1NCPc8C_12clap_builder6parser5errorNtB3_12MatchesError6unwrapINtNtCsgxBkk5gSRhY_4core6option6OptionRxEECsL1Yq96M8oh_5uu_nl (<clap_builder::parser::error::MatchesError>::unwrap::<core::option::Option<&i64>>)
FUNCTION _RINvMNtNtCscGCs1NCPc8C_12clap_builder6parser5errorNtB3_12MatchesError6unwrapINtNtCsgxBkk5gSRhY_4core6option6OptionRyEECsL1Yq96M8oh_5uu_nl (<clap_builder::parser::error::MatchesError>::unwrap::<core::option::Option<&u64>>)
FUNCTION _RINvMNtNtCscGCs1NCPc8C_12clap_builder7builder12value_parserNtB3_11ValueParser3newNtB3_20PossibleValuesParserECsL1Yq96M8oh_5uu_nl (<clap_builder::builder::value_parser::ValueParser>::new::<clap_builder::builder::value_parser::PossibleValuesParser>)
FUNCTION _RINvNtCsgxBkk5gSRhY_4core3ptr9drop_glueNtNtNtCscGCs1NCPc8C_12clap_builder7builder12value_parser20PossibleValuesParserECsL1Yq96M8oh_5uu_nl (core::ptr::drop_glue::<clap_builder::builder::value_parser::PossibleValuesParser>)
FUNCTION _RNvXsc_NtNtCscGCs1NCPc8C_12clap_builder7builder12value_parserNtB5_20PossibleValuesParserNtB5_14AnyValueParser9parse_refCsL1Yq96M8oh_5uu_nl (<clap_builder::builder::value_parser::PossibleValuesParser as clap_builder::builder::value_parser::AnyValueParser>::parse_ref)
FUNCTION _RNvXsc_NtNtCscGCs1NCPc8C_12clap_builder7builder12value_parserNtB5_20PossibleValuesParserNtB5_14AnyValueParser10parse_ref_CsL1Yq96M8oh_5uu_nl (<clap_builder::builder::value_parser::PossibleValuesParser as clap_builder::builder::value_parser::AnyValueParser>::parse_ref_)
FUNCTION _RNvXsc_NtNtCscGCs1NCPc8C_12clap_builder7builder12value_parserNtB5_20PossibleValuesParserNtB5_14AnyValueParser7type_idCsL1Yq96M8oh_5uu_nl (<clap_builder::builder::value_parser::PossibleValuesParser as clap_builder::builder::value_parser::AnyValueParser>::type_id)
FUNCTION _RNvXsc_NtNtCscGCs1NCPc8C_12clap_builder7builder12value_parserNtB5_20PossibleValuesParserNtB5_14AnyValueParser15possible_valuesCsL1Yq96M8oh_5uu_nl (<clap_builder::builder::value_parser::PossibleValuesParser as clap_builder::builder::value_parser::AnyValueParser>::possible_values)
FUNCTION _RNvXsc_NtNtCscGCs1NCPc8C_12clap_builder7builder12value_parserNtB5_20PossibleValuesParserNtB5_14AnyValueParser9clone_anyCsL1Yq96M8oh_5uu_nl (<clap_builder::builder::value_parser::PossibleValuesParser as clap_builder::builder::value_parser::AnyValueParser>::clone_any)
FUNCTION _RNvXs1r_NtNtCscGCs1NCPc8C_12clap_builder7builder12value_parserNtB6_20PossibleValuesParserNtNtCsgxBkk5gSRhY_4core5clone5Clone5cloneCsL1Yq96M8oh_5uu_nl (<clap_builder::builder::value_parser::PossibleValuesParser as core::clone::Clone>::clone)
FUNCTION _RNvXsa_NtCs6i54tJFfzR_5alloc3vecINtB5_3VecNtNtNtCscGCs1NCPc8C_12clap_builder7builder14possible_value13PossibleValueENtNtCsgxBkk5gSRhY_4core5clone5Clone5cloneCsL1Yq96M8oh_5uu_nl (<alloc::vec::Vec<clap_builder::builder::possible_value::PossibleValue> as core::clone::Clone>::clone)
FUNCTION _RNvXs2_NtCs6i54tJFfzR_5alloc5allocNtB5_6GlobalNtNtCsgxBkk5gSRhY_4core5clone5Clone5cloneCsL1Yq96M8oh_5uu_nl (<alloc::alloc::Global as core::clone::Clone>::clone)
FUNCTION _RINvXNvMNtCs6i54tJFfzR_5alloc5sliceSp9to_vec_inNtNtNtCscGCs1NCPc8C_12clap_builder7builder14possible_value13PossibleValueNtB3_10ConvertVec6to_vecNtNtB8_5alloc6GlobalECsL1Yq96M8oh_5uu_nl (<clap_builder::builder::possible_value::PossibleValue as <[_]>::to_vec_in::ConvertVec>::to_vec::<alloc::alloc::Global>)
{"function": "_RINvXNvMNtCs6i54tJFfzR_5alloc5sliceSp9to_vec_inNtNtNtCscGCs1NCPc8C_12clap_builder7builder14possible_value13PossibleValueNtB3_10ConvertVec6to_vecNtNtB8_5alloc6GlobalECsL1Yq96M8oh_5uu_nl", "function_demangled": "<clap_builder::builder::possible_value::PossibleValue as <[_]>::to_vec_in::ConvertVec>::to_vec::<alloc::alloc::Global>", "header": "bb1", "depth": 1, "latch_count": 1, "subloop_count": 0, "src_loc": [{"col":12,"dir":"/rustc/48a229ceaefd4985c50990b14116b6d856af0985","file":"library/core/src/iter/adapters/take.rs","line":37},{"col":31,"dir":"/rustc/48a229ceaefd4985c50990b14116b6d856af0985","file":"library/alloc/src/slice.rs","line":430}]}
FUNCTION _RNvNvNtNtCsgxBkk5gSRhY_4core5slice3raw18from_raw_parts_mut18precondition_checkCsL1Yq96M8oh_5uu_nl (core::slice::raw::from_raw_parts_mut::precondition_check)
FUNCTION _RNvXs_NtNtNtCsgxBkk5gSRhY_4core4iter8adapters9enumerateINtB4_9EnumerateINtNtNtBa_5slice4iter4IterNtNtNtCscGCs1NCPc8C_12clap_builder7builder14possible_value13PossibleValueEENtNtNtB8_6traits8iterator8Iterator4nextCsL1Yq96M8oh_5uu_nl (<core::iter::adapters::enumerate::Enumerate<core::slice::iter::Iter<clap_builder::builder::possible_value::PossibleValue>> as core::iter::traits::iterator::Iterator>::next)
FUNCTION _RINvNtCsgxBkk5gSRhY_4core3ptr9drop_glueINtNvXNvMNtCs6i54tJFfzR_5alloc5sliceSp9to_vec_inpNtBH_10ConvertVec6to_vec9DropGuardNtNtNtCscGCs1NCPc8C_12clap_builder7builder14possible_value13PossibleValueNtNtBM_5alloc6GlobalEECsL1Yq96M8oh_5uu_nl (core::ptr::drop_glue::<<_ as <[_]>::to_vec_in::ConvertVec>::to_vec::DropGuard<clap_builder::builder::possible_value::PossibleValue, alloc::alloc::Global>>)
FUNCTION _RNvXs3_NtNtCscGCs1NCPc8C_12clap_builder7builder14possible_valueNtB5_13PossibleValueNtNtCsgxBkk5gSRhY_4core5clone5Clone5cloneCsL1Yq96M8oh_5uu_nl (<clap_builder::builder::possible_value::PossibleValue as core::clone::Clone>::clone)
FUNCTION _RNvXsv_NtNtCscGCs1NCPc8C_12clap_builder7builder3strNtB5_3StrNtNtCsgxBkk5gSRhY_4core5clone5Clone5cloneCsL1Yq96M8oh_5uu_nl (<clap_builder::builder::str::Str as core::clone::Clone>::clone)
FUNCTION _RNvXs_NtNtNtCscGCs1NCPc8C_12clap_builder7builder3str5innerNtB4_5InnerNtNtCsgxBkk5gSRhY_4core5clone5Clone5cloneCsL1Yq96M8oh_5uu_nl (<clap_builder::builder::str::inner::Inner as core::clone::Clone>::clone)
FUNCTION _RNvXNvXNvMNtCs6i54tJFfzR_5alloc5sliceSp9to_vec_inpNtB5_10ConvertVec6to_vecINtB2_9DropGuardNtNtNtCscGCs1NCPc8C_12clap_builder7builder14possible_value13PossibleValueNtNtBa_5alloc6GlobalENtNtNtCsgxBkk5gSRhY_4core3ops4drop4Drop4dropCsL1Yq96M8oh_5uu_nl (<<_ as <[_]>::to_vec_in::ConvertVec>::to_vec::DropGuard<clap_builder::builder::possible_value::PossibleValue, alloc::alloc::Global> as core::ops::drop::Drop>::drop)
FUNCTION _RNvYNtNtNtCscGCs1NCPc8C_12clap_builder7builder12value_parser20PossibleValuesParserNtB4_16TypedValueParser10parse_ref_CsL1Yq96M8oh_5uu_nl (<clap_builder::builder::value_parser::PossibleValuesParser as clap_builder::builder::value_parser::TypedValueParser>::parse_ref_)
FUNCTION _RINvMNtNtCscGCs1NCPc8C_12clap_builder7builder12value_parserNtB3_11ValueParser3newNtB3_20RangedU64ValueParserECsL1Yq96M8oh_5uu_nl (<clap_builder::builder::value_parser::ValueParser>::new::<clap_builder::builder::value_parser::RangedU64ValueParser>)
FUNCTION _RNvXsc_NtNtCscGCs1NCPc8C_12clap_builder7builder12value_parserNtB5_20RangedU64ValueParserNtB5_14AnyValueParser9parse_refCsL1Yq96M8oh_5uu_nl (<clap_builder::builder::value_parser::RangedU64ValueParser as clap_builder::builder::value_parser::AnyValueParser>::parse_ref)
FUNCTION _RNvXsc_NtNtCscGCs1NCPc8C_12clap_builder7builder12value_parserNtB5_20RangedU64ValueParserNtB5_14AnyValueParser10parse_ref_CsL1Yq96M8oh_5uu_nl (<clap_builder::builder::value_parser::RangedU64ValueParser as clap_builder::builder::value_parser::AnyValueParser>::parse_ref_)
FUNCTION _RNvXsc_NtNtCscGCs1NCPc8C_12clap_builder7builder12value_parserNtB5_20RangedU64ValueParserNtB5_14AnyValueParser7type_idCsL1Yq96M8oh_5uu_nl (<clap_builder::builder::value_parser::RangedU64ValueParser as clap_builder::builder::value_parser::AnyValueParser>::type_id)
FUNCTION _RNvXsc_NtNtCscGCs1NCPc8C_12clap_builder7builder12value_parserNtB5_20RangedU64ValueParserNtB5_14AnyValueParser15possible_valuesCsL1Yq96M8oh_5uu_nl (<clap_builder::builder::value_parser::RangedU64ValueParser as clap_builder::builder::value_parser::AnyValueParser>::possible_values)
FUNCTION _RNvXsc_NtNtCscGCs1NCPc8C_12clap_builder7builder12value_parserNtB5_20RangedU64ValueParserNtB5_14AnyValueParser9clone_anyCsL1Yq96M8oh_5uu_nl (<clap_builder::builder::value_parser::RangedU64ValueParser as clap_builder::builder::value_parser::AnyValueParser>::clone_any)
FUNCTION _RNvXs1x_NtNtCscGCs1NCPc8C_12clap_builder7builder12value_parserNtB6_20RangedU64ValueParserNtNtCsgxBkk5gSRhY_4core5clone5Clone5cloneCsL1Yq96M8oh_5uu_nl (<clap_builder::builder::value_parser::RangedU64ValueParser as core::clone::Clone>::clone)
FUNCTION _RNvYTINtNtNtCsgxBkk5gSRhY_4core3ops5range5BoundyEB3_ENtNtBa_5clone5Clone5cloneCsL1Yq96M8oh_5uu_nl (<(core::ops::range::Bound<u64>, core::ops::range::Bound<u64>) as core::clone::Clone>::clone)
FUNCTION _RNvXsb_NtCsgxBkk5gSRhY_4core6markerINtB5_11PhantomDatayENtNtB7_5clone5Clone5cloneCsL1Yq96M8oh_5uu_nl (<core::marker::PhantomData<u64> as core::clone::Clone>::clone)
FUNCTION _RNvXs1e_NtNtCsgxBkk5gSRhY_4core3ops5rangeINtB6_5BoundyENtNtBa_5clone5Clone5cloneCsL1Yq96M8oh_5uu_nl (<core::ops::range::Bound<u64> as core::clone::Clone>::clone)
FUNCTION _RNvYNtNtNtCscGCs1NCPc8C_12clap_builder7builder12value_parser20RangedU64ValueParserNtB4_16TypedValueParser15possible_valuesCsL1Yq96M8oh_5uu_nl (<clap_builder::builder::value_parser::RangedU64ValueParser as clap_builder::builder::value_parser::TypedValueParser>::possible_values)
FUNCTION _RNvYNtNtNtCscGCs1NCPc8C_12clap_builder7builder12value_parser20RangedU64ValueParserNtB4_16TypedValueParser10parse_ref_CsL1Yq96M8oh_5uu_nl (<clap_builder::builder::value_parser::RangedU64ValueParser as clap_builder::builder::value_parser::TypedValueParser>::parse_ref_)
FUNCTION _RNvXsy_NtNtCscGCs1NCPc8C_12clap_builder7builder12value_parserNtB5_20RangedU64ValueParserNtB5_16TypedValueParser9parse_refCsL1Yq96M8oh_5uu_nl (<clap_builder::builder::value_parser::RangedU64ValueParser as clap_builder::builder::value_parser::TypedValueParser>::parse_ref)
FUNCTION _RNvMsj_NtNtCs9k3SxhrAWiO_3std3ffi6os_strNtB5_5OsStr6to_strCsL1Yq96M8oh_5uu_nl (<std::ffi::os_str::OsStr>::to_str)
FUNCTION _RINvYTINtNtNtCsgxBkk5gSRhY_4core3ops5range5BoundyEB4_EINtB7_11RangeBoundsyE8containsyECsL1Yq96M8oh_5uu_nl (<(core::ops::range::Bound<u64>, core::ops::range::Bound<u64>) as core::ops::range::RangeBounds<u64>>::contains::<u64>)
FUNCTION _RNvXs4_NtCsgxBkk5gSRhY_4core7convertyINtB5_7TryIntoyE8try_intoCsL1Yq96M8oh_5uu_nl (<u64 as core::convert::TryInto<u64>>::try_into)
FUNCTION _RNvMsx_NtNtCscGCs1NCPc8C_12clap_builder7builder12value_parserNtB5_20RangedU64ValueParser13format_boundsCsL1Yq96M8oh_5uu_nl (<clap_builder::builder::value_parser::RangedU64ValueParser>::format_bounds)
FUNCTION _RNvNtCs6i54tJFfzR_5alloc3fmt6formatCsL1Yq96M8oh_5uu_nl (alloc::fmt::format)
FUNCTION _RNvXsB_NtCs6i54tJFfzR_5alloc6stringyNtB5_8ToString9to_stringCsL1Yq96M8oh_5uu_nl (<u64 as alloc::string::ToString>::to_string)
FUNCTION _RNvMNtCs6i54tJFfzR_5alloc6stringNtB2_6String8push_strCsL1Yq96M8oh_5uu_nl (<alloc::string::String>::push_str)
FUNCTION _RNvMNtCs6i54tJFfzR_5alloc6stringNtB2_6String4pushCsL1Yq96M8oh_5uu_nl (<alloc::string::String>::push)
FUNCTION _RNvNtNtCsgxBkk5gSRhY_4core4char7methods25encode_utf8_raw_uncheckedCsL1Yq96M8oh_5uu_nl (core::char::methods::encode_utf8_raw_unchecked)
FUNCTION _RNvXs1N_NtCs6i54tJFfzR_5alloc6stringyNtB6_12SpecToString14spec_to_stringCsL1Yq96M8oh_5uu_nl (<u64 as alloc::string::SpecToString>::spec_to_string)
FUNCTION _RNvXs5_NtCsgxBkk5gSRhY_4core7convertyINtB5_7TryFromyE8try_fromCsL1Yq96M8oh_5uu_nl (<u64 as core::convert::TryFrom<u64>>::try_from)
FUNCTION _RNvXs1_NtCsgxBkk5gSRhY_4core7convertyINtB5_4IntoyE4intoCsL1Yq96M8oh_5uu_nl (<u64 as core::convert::Into<u64>>::into)
FUNCTION _RNvXsq_NtNtCsgxBkk5gSRhY_4core3ops5rangeTINtB5_5BoundyEBD_EINtB5_11RangeBoundsyE11start_boundCsL1Yq96M8oh_5uu_nl (<(core::ops::range::Bound<u64>, core::ops::range::Bound<u64>) as core::ops::range::RangeBounds<u64>>::start_bound)
FUNCTION _RNvXsq_NtNtCsgxBkk5gSRhY_4core3ops5rangeTINtB5_5BoundyEBD_EINtB5_11RangeBoundsyE9end_boundCsL1Yq96M8oh_5uu_nl (<(core::ops::range::Bound<u64>, core::ops::range::Bound<u64>) as core::ops::range::RangeBounds<u64>>::end_bound)
FUNCTION _RINvMNtNtCscGCs1NCPc8C_12clap_builder7builder3extNtB3_10Extensions3setNtNtB5_10value_hint9ValueHintECsL1Yq96M8oh_5uu_nl (<clap_builder::builder::ext::Extensions>::set::<clap_builder::builder::value_hint::ValueHint>)
FUNCTION _RNvMNtCsgxBkk5gSRhY_4core6optionINtB2_6OptionNtNtNtCscGCs1NCPc8C_12clap_builder4util9any_value8AnyValueE7is_someCsL1Yq96M8oh_5uu_nl (<core::option::Option<clap_builder::util::any_value::AnyValue>>::is_some)
FUNCTION _RINvMNtNtCscGCs1NCPc8C_12clap_builder7builder3extNtB3_10Extensions6removeNtNtB5_10value_hint9ValueHintECsL1Yq96M8oh_5uu_nl (<clap_builder::builder::ext::Extensions>::remove::<clap_builder::builder::value_hint::ValueHint>)
FUNCTION _RINvMNtNtCsgxBkk5gSRhY_4core3fmt2rtNtB3_8Argument11new_displayRyECsL1Yq96M8oh_5uu_nl (<core::fmt::rt::Argument>::new_display::<&u64>)
FUNCTION _RNvXs1i_NtCsgxBkk5gSRhY_4core3fmtRyNtB6_7Display3fmtCsL1Yq96M8oh_5uu_nl (<&u64 as core::fmt::Display>::fmt)
FUNCTION _RINvMNtNtCsgxBkk5gSRhY_4core3fmt2rtNtB3_8Argument9new_debugTINtNtNtB7_3ops5range5BoundyEBW_EECsL1Yq96M8oh_5uu_nl (<core::fmt::rt::Argument>::new_debug::<(core::ops::range::Bound<u64>, core::ops::range::Bound<u64>)>)
FUNCTION _RNvXs1G_NtCsgxBkk5gSRhY_4core3fmtTINtNtNtB8_3ops5range5BoundyEBw_ENtB6_5Debug3fmtCsL1Yq96M8oh_5uu_nl (<(core::ops::range::Bound<u64>, core::ops::range::Bound<u64>) as core::fmt::Debug>::fmt)
FUNCTION _RNvXs1g_NtCsgxBkk5gSRhY_4core3fmtRINtNtNtB8_3ops5range5BoundyENtB6_5Debug3fmtCsL1Yq96M8oh_5uu_nl (<&core::ops::range::Bound<u64> as core::fmt::Debug>::fmt)
FUNCTION _RNvXs1c_NtNtCsgxBkk5gSRhY_4core3ops5rangeINtB6_5BoundyENtNtBa_3fmt5Debug3fmtCsL1Yq96M8oh_5uu_nl (<core::ops::range::Bound<u64> as core::fmt::Debug>::fmt)
FUNCTION _RINvMNtNtNtCscGCs1NCPc8C_12clap_builder6parser7matches11arg_matchesNtB3_10ArgMatches7get_oneNtNtCs6i54tJFfzR_5alloc6string6StringECsL1Yq96M8oh_5uu_nl (<clap_builder::parser::matches::arg_matches::ArgMatches>::get_one::<alloc::string::String>)
FUNCTION _RINvMs0_NtNtNtCscGCs1NCPc8C_12clap_builder6parser7matches11arg_matchesNtB6_10ArgMatches11try_get_oneNtNtCs6i54tJFfzR_5alloc6string6StringECsL1Yq96M8oh_5uu_nl (<clap_builder::parser::matches::arg_matches::ArgMatches>::try_get_one::<alloc::string::String>)
FUNCTION _RINvMs1_NtNtNtCscGCs1NCPc8C_12clap_builder6parser7matches11arg_matchesNtB6_10ArgMatches13try_get_arg_tNtNtCs6i54tJFfzR_5alloc6string6StringECsL1Yq96M8oh_5uu_nl (<clap_builder::parser::matches::arg_matches::ArgMatches>::try_get_arg_t::<alloc::string::String>)
FUNCTION _RNvMNtCsgxBkk5gSRhY_4core6optionINtB2_6OptionIBv_RNtNtCs6i54tJFfzR_5alloc6string6StringEE6expectCsL1Yq96M8oh_5uu_nl (<core::option::Option<core::option::Option<&alloc::string::String>>>::expect)
FUNCTION _RNvMs1_NtNtNtCscGCs1NCPc8C_12clap_builder6parser7matches11arg_matchesNtB5_10ArgMatches11try_get_argCsL1Yq96M8oh_5uu_nl (<clap_builder::parser::matches::arg_matches::ArgMatches>::try_get_arg)
FUNCTION _RINvMs1_NtNtNtCscGCs1NCPc8C_12clap_builder6parser7matches11arg_matchesNtB6_10ArgMatches12verify_arg_tNtNtCs6i54tJFfzR_5alloc6string6StringECsL1Yq96M8oh_5uu_nl (<clap_builder::parser::matches::arg_matches::ArgMatches>::verify_arg_t::<alloc::string::String>)
FUNCTION _RNvMs1_NtNtNtCscGCs1NCPc8C_12clap_builder6parser7matches11arg_matchesNtB5_10ArgMatches10verify_argCsL1Yq96M8oh_5uu_nl (<clap_builder::parser::matches::arg_matches::ArgMatches>::verify_arg)
FUNCTION _RINvMNtNtNtCscGCs1NCPc8C_12clap_builder6parser7matches11arg_matchesNtB3_10ArgMatches7get_oneNtNtNtCs9k3SxhrAWiO_3std3ffi6os_str8OsStringECsL1Yq96M8oh_5uu_nl (<clap_builder::parser::matches::arg_matches::ArgMatches>::get_one::<std::ffi::os_str::OsString>)
FUNCTION _RINvMs0_NtNtNtCscGCs1NCPc8C_12clap_builder6parser7matches11arg_matchesNtB6_10ArgMatches11try_get_oneNtNtNtCs9k3SxhrAWiO_3std3ffi6os_str8OsStringECsL1Yq96M8oh_5uu_nl (<clap_builder::parser::matches::arg_matches::ArgMatches>::try_get_one::<std::ffi::os_str::OsString>)
FUNCTION _RINvMs1_NtNtNtCscGCs1NCPc8C_12clap_builder6parser7matches11arg_matchesNtB6_10ArgMatches13try_get_arg_tNtNtNtCs9k3SxhrAWiO_3std3ffi6os_str8OsStringECsL1Yq96M8oh_5uu_nl (<clap_builder::parser::matches::arg_matches::ArgMatches>::try_get_arg_t::<std::ffi::os_str::OsString>)
FUNCTION _RNvMNtCsgxBkk5gSRhY_4core6optionINtB2_6OptionIBv_RNtNtNtCs9k3SxhrAWiO_3std3ffi6os_str8OsStringEE6expectCsL1Yq96M8oh_5uu_nl (<core::option::Option<core::option::Option<&std::ffi::os_str::OsString>>>::expect)
FUNCTION _RINvMs1_NtNtNtCscGCs1NCPc8C_12clap_builder6parser7matches11arg_matchesNtB6_10ArgMatches12verify_arg_tNtNtNtCs9k3SxhrAWiO_3std3ffi6os_str8OsStringECsL1Yq96M8oh_5uu_nl (<clap_builder::parser::matches::arg_matches::ArgMatches>::verify_arg_t::<std::ffi::os_str::OsString>)
FUNCTION _RINvMNtNtNtCscGCs1NCPc8C_12clap_builder6parser7matches11arg_matchesNtB3_10ArgMatches7get_onexECsL1Yq96M8oh_5uu_nl (<clap_builder::parser::matches::arg_matches::ArgMatches>::get_one::<i64>)
FUNCTION _RINvMs0_NtNtNtCscGCs1NCPc8C_12clap_builder6parser7matches11arg_matchesNtB6_10ArgMatches11try_get_onexECsL1Yq96M8oh_5uu_nl (<clap_builder::parser::matches::arg_matches::ArgMatches>::try_get_one::<i64>)
FUNCTION _RINvMs1_NtNtNtCscGCs1NCPc8C_12clap_builder6parser7matches11arg_matchesNtB6_10ArgMatches13try_get_arg_txECsL1Yq96M8oh_5uu_nl (<clap_builder::parser::matches::arg_matches::ArgMatches>::try_get_arg_t::<i64>)
FUNCTION _RNvMNtCsgxBkk5gSRhY_4core6optionINtB2_6OptionIBv_RxEE6expectCsL1Yq96M8oh_5uu_nl (<core::option::Option<core::option::Option<&i64>>>::expect)
FUNCTION _RINvMs1_NtNtNtCscGCs1NCPc8C_12clap_builder6parser7matches11arg_matchesNtB6_10ArgMatches12verify_arg_txECsL1Yq96M8oh_5uu_nl (<clap_builder::parser::matches::arg_matches::ArgMatches>::verify_arg_t::<i64>)
FUNCTION _RINvMNtNtNtCscGCs1NCPc8C_12clap_builder6parser7matches11arg_matchesNtB3_10ArgMatches7get_oneyECsL1Yq96M8oh_5uu_nl (<clap_builder::parser::matches::arg_matches::ArgMatches>::get_one::<u64>)
FUNCTION _RINvMs0_NtNtNtCscGCs1NCPc8C_12clap_builder6parser7matches11arg_matchesNtB6_10ArgMatches11try_get_oneyECsL1Yq96M8oh_5uu_nl (<clap_builder::parser::matches::arg_matches::ArgMatches>::try_get_one::<u64>)
FUNCTION _RINvMs1_NtNtNtCscGCs1NCPc8C_12clap_builder6parser7matches11arg_matchesNtB6_10ArgMatches13try_get_arg_tyECsL1Yq96M8oh_5uu_nl (<clap_builder::parser::matches::arg_matches::ArgMatches>::try_get_arg_t::<u64>)
FUNCTION _RNvMNtCsgxBkk5gSRhY_4core6optionINtB2_6OptionIBv_RyEE6expectCsL1Yq96M8oh_5uu_nl (<core::option::Option<core::option::Option<&u64>>>::expect)
FUNCTION _RINvMs1_NtNtNtCscGCs1NCPc8C_12clap_builder6parser7matches11arg_matchesNtB6_10ArgMatches12verify_arg_tyECsL1Yq96M8oh_5uu_nl (<clap_builder::parser::matches::arg_matches::ArgMatches>::verify_arg_t::<u64>)
FUNCTION _RINvMs0_NtNtCscGCs1NCPc8C_12clap_builder7builder3argNtB6_3Arg4helpNtNtCs6i54tJFfzR_5alloc6string6StringECsL1Yq96M8oh_5uu_nl (<clap_builder::builder::arg::Arg>::help::<alloc::string::String>)
FUNCTION _RNvXsh_NtNtCscGCs1NCPc8C_12clap_builder7builder10resettableNtNtCs6i54tJFfzR_5alloc6string6StringINtB5_14IntoResettableNtNtB7_10styled_str9StyledStrE15into_resettableCsL1Yq96M8oh_5uu_nl (<alloc::string::String as clap_builder::builder::resettable::IntoResettable<clap_builder::builder::styled_str::StyledStr>>::into_resettable)
FUNCTION _RNvXs1_NtCsgxBkk5gSRhY_4core7convertNtNtCs6i54tJFfzR_5alloc6string6StringINtB5_4IntoNtNtNtCscGCs1NCPc8C_12clap_builder7builder10styled_str9StyledStrE4intoCsL1Yq96M8oh_5uu_nl (<alloc::string::String as core::convert::Into<clap_builder::builder::styled_str::StyledStr>>::into)
FUNCTION _RINvMs0_NtNtCscGCs1NCPc8C_12clap_builder7builder7commandNtB6_7Command10after_helpNtNtCs6i54tJFfzR_5alloc6string6StringECsL1Yq96M8oh_5uu_nl (<clap_builder::builder::command::Command>::after_help::<alloc::string::String>)
FUNCTION _RINvMs0_NtNtCscGCs1NCPc8C_12clap_builder7builder7commandNtB6_7Command14override_usageNtNtCs6i54tJFfzR_5alloc6string6StringECsL1Yq96M8oh_5uu_nl (<clap_builder::builder::command::Command>::override_usage::<alloc::string::String>)
FUNCTION _RINvMs0_NtNtCscGCs1NCPc8C_12clap_builder7builder7commandNtB6_7Command5aboutNtNtCs6i54tJFfzR_5alloc6string6StringECsL1Yq96M8oh_5uu_nl (<clap_builder::builder::command::Command>::about::<alloc::string::String>)
FUNCTION _RINvMs0_NtNtCscGCs1NCPc8C_12clap_builder7builder7commandNtB6_7Command7versionReECsL1Yq96M8oh_5uu_nl (<clap_builder::builder::command::Command>::version::<&str>)
FUNCTION _RINvMs_NtNtCscGCs1NCPc8C_12clap_builder7builder3argNtB5_3Arg10value_hintNtNtB7_10value_hint9ValueHintECsL1Yq96M8oh_5uu_nl (<clap_builder::builder::arg::Arg>::value_hint::<clap_builder::builder::value_hint::ValueHint>)
FUNCTION _RNvMNtNtCscGCs1NCPc8C_12clap_builder7builder10resettableINtB2_10ResettableNtNtB4_10value_hint9ValueHintE11into_optionCsL1Yq96M8oh_5uu_nl (<clap_builder::builder::resettable::Resettable<clap_builder::builder::value_hint::ValueHint>>::into_option)
FUNCTION _RINvMs_NtNtCscGCs1NCPc8C_12clap_builder7builder3argNtB5_3Arg12value_parserARej3_ECsL1Yq96M8oh_5uu_nl (<clap_builder::builder::arg::Arg>::value_parser::<[&str; 3]>)
FUNCTION _RNvXsf_NtNtCscGCs1NCPc8C_12clap_builder7builder10resettableARej3_INtB5_14IntoResettableNtNtB7_12value_parser11ValueParserE15into_resettableCsL1Yq96M8oh_5uu_nl (<[&str; 3] as clap_builder::builder::resettable::IntoResettable<clap_builder::builder::value_parser::ValueParser>>::into_resettable)
FUNCTION _RNvMNtNtCscGCs1NCPc8C_12clap_builder7builder10resettableINtB2_10ResettableNtNtB4_12value_parser11ValueParserE11into_optionCsL1Yq96M8oh_5uu_nl (<clap_builder::builder::resettable::Resettable<clap_builder::builder::value_parser::ValueParser>>::into_option)
FUNCTION _RNvXs1_NtCsgxBkk5gSRhY_4core7convertARej3_INtB5_4IntoNtNtNtCscGCs1NCPc8C_12clap_builder7builder12value_parser11ValueParserE4intoCsL1Yq96M8oh_5uu_nl (<[&str; 3] as core::convert::Into<clap_builder::builder::value_parser::ValueParser>>::into)
FUNCTION _RNvXs8_NtNtCscGCs1NCPc8C_12clap_builder7builder12value_parserNtB5_11ValueParserINtNtCsgxBkk5gSRhY_4core7convert4FromARej3_E4fromCsL1Yq96M8oh_5uu_nl (<clap_builder::builder::value_parser::ValueParser as core::convert::From<[&str; 3]>>::from)
FUNCTION _RNvXss_NtNtCscGCs1NCPc8C_12clap_builder7builder12value_parserNtB5_20PossibleValuesParserINtNtCsgxBkk5gSRhY_4core7convert4FromARej3_E4fromCsL1Yq96M8oh_5uu_nl (<clap_builder::builder::value_parser::PossibleValuesParser as core::convert::From<[&str; 3]>>::from)
FUNCTION _RNvXs0_NtNtCscGCs1NCPc8C_12clap_builder7builder12value_parserNtB5_11ValueParserINtNtCsgxBkk5gSRhY_4core7convert4FromNtB5_20PossibleValuesParserE4fromCsL1Yq96M8oh_5uu_nl (<clap_builder::builder::value_parser::ValueParser as core::convert::From<clap_builder::builder::value_parser::PossibleValuesParser>>::from)
FUNCTION _RNvXs_NtNtCsgxBkk5gSRhY_4core5array4iterARej3_NtNtNtNtB8_4iter6traits7collect12IntoIterator9into_iterCsL1Yq96M8oh_5uu_nl (<[&str; 3] as core::iter::traits::collect::IntoIterator>::into_iter)
FUNCTION _RINvYINtNtNtCsgxBkk5gSRhY_4core5array4iter8IntoIterReKj3_ENtNtNtNtBa_4iter6traits8iterator8Iterator3mapNtNtNtCscGCs1NCPc8C_12clap_builder7builder14possible_value13PossibleValueNCNvXss_NtB1H_12value_parserNtB2W_20PossibleValuesParserINtNtBa_7convert4FromABN_BQ_E4from0ECsL1Yq96M8oh_5uu_nl (<core::array::iter::IntoIter<&str, 3> as core::iter::traits::iterator::Iterator>::map::<clap_builder::builder::possible_value::PossibleValue, <clap_builder::builder::value_parser::PossibleValuesParser as core::convert::From<[&str; 3]>>::from::{closure#0}>)
FUNCTION _RINvYINtNtNtNtCsgxBkk5gSRhY_4core4iter8adapters3map3MapINtNtNtBc_5array4iter8IntoIterReKj3_ENCNvXss_NtNtCscGCs1NCPc8C_12clap_builder7builder12value_parserNtB1A_20PossibleValuesParserINtNtBc_7convert4FromAB1l_B1o_E4from0ENtNtNtBa_6traits8iterator8Iterator7collectINtNtCs6i54tJFfzR_5alloc3vec3VecNtNtB1C_14possible_value13PossibleValueEECsL1Yq96M8oh_5uu_nl (<core::iter::adapters::map::Map<core::array::iter::IntoIter<&str, 3>, <clap_builder::builder::value_parser::PossibleValuesParser as core::convert::From<[&str; 3]>>::from::{closure#0}> as core::iter::traits::iterator::Iterator>::collect::<alloc::vec::Vec<clap_builder::builder::possible_value::PossibleValue>>)
FUNCTION _RINvXse_NtCs6i54tJFfzR_5alloc3vecINtB6_3VecNtNtNtCscGCs1NCPc8C_12clap_builder7builder14possible_value13PossibleValueEINtNtNtNtCsgxBkk5gSRhY_4core4iter6traits7collect12FromIteratorBF_E9from_iterINtNtNtB1Y_8adapters3map3MapINtNtNtB20_5array4iter8IntoIterReKj3_ENCNvXss_NtBJ_12value_parserNtB4h_20PossibleValuesParserINtNtB20_7convert4FromAB42_B45_E4from0EECsL1Yq96M8oh_5uu_nl (<alloc::vec::Vec<clap_builder::builder::possible_value::PossibleValue> as core::iter::traits::collect::FromIterator<clap_builder::builder::possible_value::PossibleValue>>::from_iter::<core::iter::adapters::map::Map<core::array::iter::IntoIter<&str, 3>, <clap_builder::builder::value_parser::PossibleValuesParser as core::convert::From<[&str; 3]>>::from::{closure#0}>>)
FUNCTION _RNvXNtNtNtCsgxBkk5gSRhY_4core4iter6traits7collectINtNtNtB6_8adapters3map3MapINtNtNtB8_5array4iter8IntoIterReKj3_ENCNvXss_NtNtCscGCs1NCPc8C_12clap_builder7builder12value_parserNtB1V_20PossibleValuesParserINtNtB8_7convert4FromAB1G_B1J_E4from0ENtB2_12IntoIterator9into_iterCsL1Yq96M8oh_5uu_nl (<core::iter::adapters::map::Map<core::array::iter::IntoIter<&str, 3>, <clap_builder::builder::value_parser::PossibleValuesParser as core::convert::From<[&str; 3]>>::from::{closure#0}> as core::iter::traits::collect::IntoIterator>::into_iter)
FUNCTION _RNvXNtNtCs6i54tJFfzR_5alloc3vec14spec_from_iterINtB4_3VecNtNtNtCscGCs1NCPc8C_12clap_builder7builder14possible_value13PossibleValueEINtB2_12SpecFromIterBT_INtNtNtNtCsgxBkk5gSRhY_4core4iter8adapters3map3MapINtNtNtB2B_5array4iter8IntoIterReKj3_ENCNvXss_NtBX_12value_parserNtB40_20PossibleValuesParserINtNtB2B_7convert4FromAB3L_B3O_E4from0EE9from_iterCsL1Yq96M8oh_5uu_nl (<alloc::vec::Vec<clap_builder::builder::possible_value::PossibleValue> as alloc::vec::spec_from_iter::SpecFromIter<clap_builder::builder::possible_value::PossibleValue, core::iter::adapters::map::Map<core::array::iter::IntoIter<&str, 3>, <clap_builder::builder::value_parser::PossibleValuesParser as core::convert::From<[&str; 3]>>::from::{closure#0}>>>::from_iter)
FUNCTION _RNvXs_NtNtCs6i54tJFfzR_5alloc3vec21spec_from_iter_nestedINtB6_3VecNtNtNtCscGCs1NCPc8C_12clap_builder7builder14possible_value13PossibleValueEINtB4_18SpecFromIterNestedB12_INtNtNtNtCsgxBkk5gSRhY_4core4iter8adapters3map3MapINtNtNtB2R_5array4iter8IntoIterReKj3_ENCNvXss_NtB16_12value_parserNtB4g_20PossibleValuesParserINtNtB2R_7convert4FromAB41_B44_E4from0EE9from_iterCsL1Yq96M8oh_5uu_nl (<alloc::vec::Vec<clap_builder::builder::possible_value::PossibleValue> as alloc::vec::spec_from_iter_nested::SpecFromIterNested<clap_builder::builder::possible_value::PossibleValue, core::iter::adapters::map::Map<core::array::iter::IntoIter<&str, 3>, <clap_builder::builder::value_parser::PossibleValuesParser as core::convert::From<[&str; 3]>>::from::{closure#0}>>>::from_iter)
FUNCTION _RNvXs0_NtNtNtCsgxBkk5gSRhY_4core4iter8adapters3mapINtB5_3MapINtNtNtBb_5array4iter8IntoIterReKj3_ENCNvXss_NtNtCscGCs1NCPc8C_12clap_builder7builder12value_parserNtB1F_20PossibleValuesParserINtNtBb_7convert4FromAB1q_B1t_E4from0ENtNtNtB9_6traits8iterator8Iterator9size_hintCsL1Yq96M8oh_5uu_nl (<core::iter::adapters::map::Map<core::array::iter::IntoIter<&str, 3>, <clap_builder::builder::value_parser::PossibleValuesParser as core::convert::From<[&str; 3]>>::from::{closure#0}> as core::iter::traits::iterator::Iterator>::size_hint)
FUNCTION _RNvXs_NtNtCs6i54tJFfzR_5alloc3vec11spec_extendINtB6_3VecNtNtNtCscGCs1NCPc8C_12clap_builder7builder14possible_value13PossibleValueEINtB4_10SpecExtendBS_INtNtNtNtCsgxBkk5gSRhY_4core4iter8adapters3map3MapINtNtNtB2y_5array4iter8IntoIterReKj3_ENCNvXss_NtBW_12value_parserNtB3X_20PossibleValuesParserINtNtB2y_7convert4FromAB3I_B3L_E4from0EE11spec_extendCsL1Yq96M8oh_5uu_nl (<alloc::vec::Vec<clap_builder::builder::possible_value::PossibleValue> as alloc::vec::spec_extend::SpecExtend<clap_builder::builder::possible_value::PossibleValue, core::iter::adapters::map::Map<core::array::iter::IntoIter<&str, 3>, <clap_builder::builder::value_parser::PossibleValuesParser as core::convert::From<[&str; 3]>>::from::{closure#0}>>>::spec_extend)
FUNCTION _RINvNtCsgxBkk5gSRhY_4core3ptr9drop_glueINtNtNtNtB4_4iter8adapters3map3MapINtNtNtB4_5array4iter8IntoIterReKj3_ENCNvXss_NtNtCscGCs1NCPc8C_12clap_builder7builder12value_parserNtB1S_20PossibleValuesParserINtNtB4_7convert4FromAB1D_B1G_E4from0EECsL1Yq96M8oh_5uu_nl (core::ptr::drop_glue::<core::iter::adapters::map::Map<core::array::iter::IntoIter<&str, 3>, <clap_builder::builder::value_parser::PossibleValuesParser as core::convert::From<[&str; 3]>>::from::{closure#0}>>)
FUNCTION _RINvNtCsgxBkk5gSRhY_4core3ptr9drop_glueINtNtNtB4_5array4iter8IntoIterReKj3_EECsL1Yq96M8oh_5uu_nl (core::ptr::drop_glue::<core::array::iter::IntoIter<&str, 3>>)
FUNCTION _RNvXs4_NtNtCsgxBkk5gSRhY_4core5array4iterINtB5_8IntoIterReKj3_ENtNtNtB9_3ops4drop4Drop4dropCsL1Yq96M8oh_5uu_nl (<core::array::iter::IntoIter<&str, 3> as core::ops::drop::Drop>::drop)
FUNCTION _RINvMsj_NtCs6i54tJFfzR_5alloc3vecINtB6_3VecNtNtNtCscGCs1NCPc8C_12clap_builder7builder14possible_value13PossibleValueE14extend_trustedINtNtNtNtCsgxBkk5gSRhY_4core4iter8adapters3map3MapINtNtNtB2g_5array4iter8IntoIterReKj3_ENCNvXss_NtBJ_12value_parserNtB3F_20PossibleValuesParserINtNtB2g_7convert4FromAB3q_B3t_E4from0EECsL1Yq96M8oh_5uu_nl (<alloc::vec::Vec<clap_builder::builder::possible_value::PossibleValue>>::extend_trusted::<core::iter::adapters::map::Map<core::array::iter::IntoIter<&str, 3>, <clap_builder::builder::value_parser::PossibleValuesParser as core::convert::From<[&str; 3]>>::from::{closure#0}>>)
FUNCTION _RINvYINtNtNtNtCsgxBkk5gSRhY_4core4iter8adapters3map3MapINtNtNtBc_5array4iter8IntoIterReKj3_ENCNvXss_NtNtCscGCs1NCPc8C_12clap_builder7builder12value_parserNtB1A_20PossibleValuesParserINtNtBc_7convert4FromAB1l_B1o_E4from0ENtNtNtBa_6traits8iterator8Iterator8for_eachNCINvMsj_NtCs6i54tJFfzR_5alloc3vecINtB4m_3VecNtNtB1C_14possible_value13PossibleValueE14extend_trustedB3_E0ECsL1Yq96M8oh_5uu_nl (<core::iter::adapters::map::Map<core::array::iter::IntoIter<&str, 3>, <clap_builder::builder::value_parser::PossibleValuesParser as core::convert::From<[&str; 3]>>::from::{closure#0}> as core::iter::traits::iterator::Iterator>::for_each::<<alloc::vec::Vec<clap_builder::builder::possible_value::PossibleValue>>::extend_trusted<core::iter::adapters::map::Map<core::array::iter::IntoIter<&str, 3>, <clap_builder::builder::value_parser::PossibleValuesParser as core::convert::From<[&str; 3]>>::from::{closure#0}>>::{closure#0}>)
FUNCTION _RINvXs0_NtNtNtCsgxBkk5gSRhY_4core4iter8adapters3mapINtB6_3MapINtNtNtBc_5array4iter8IntoIterReKj3_ENCNvXss_NtNtCscGCs1NCPc8C_12clap_builder7builder12value_parserNtB1G_20PossibleValuesParserINtNtBc_7convert4FromAB1r_B1u_E4from0ENtNtNtBa_6traits8iterator8Iterator4folduNCINvNvB3C_8for_each4callNtNtB1I_14possible_value13PossibleValueNCINvMsj_NtCs6i54tJFfzR_5alloc3vecINtB5r_3VecB4F_E14extend_trustedBN_E0E0ECsL1Yq96M8oh_5uu_nl (<core::iter::adapters::map::Map<core::array::iter::IntoIter<&str, 3>, <clap_builder::builder::value_parser::PossibleValuesParser as core::convert::From<[&str; 3]>>::from::{closure#0}> as core::iter::traits::iterator::Iterator>::fold::<(), core::iter::traits::iterator::Iterator::for_each::call<clap_builder::builder::possible_value::PossibleValue, <alloc::vec::Vec<clap_builder::builder::possible_value::PossibleValue>>::extend_trusted<core::iter::adapters::map::Map<core::array::iter::IntoIter<&str, 3>, <clap_builder::builder::value_parser::PossibleValuesParser as core::convert::From<[&str; 3]>>::from::{closure#0}>>::{closure#0}>::{closure#0}>)
FUNCTION _RINvXs2_NtNtCsgxBkk5gSRhY_4core5array4iterINtB6_8IntoIterReKj3_ENtNtNtNtBa_4iter6traits8iterator8Iterator4folduNCINvNtNtB16_8adapters3map8map_foldBT_NtNtNtCscGCs1NCPc8C_12clap_builder7builder14possible_value13PossibleValueuNCNvXss_NtB2r_12value_parserNtB3H_20PossibleValuesParserINtNtBa_7convert4FromABT_BW_E4from0NCINvNvB10_8for_each4callB2n_NCINvMsj_NtCs6i54tJFfzR_5alloc3vecINtB5E_3VecB2n_E14extend_trustedINtB1Q_3MapBE_B3z_EE0E0E0ECsL1Yq96M8oh_5uu_nl (<core::array::iter::IntoIter<&str, 3> as core::iter::traits::iterator::Iterator>::fold::<(), core::iter::adapters::map::map_fold<&str, clap_builder::builder::possible_value::PossibleValue, (), <clap_builder::builder::value_parser::PossibleValuesParser as core::convert::From<[&str; 3]>>::from::{closure#0}, core::iter::traits::iterator::Iterator::for_each::call<clap_builder::builder::possible_value::PossibleValue, <alloc::vec::Vec<clap_builder::builder::possible_value::PossibleValue>>::extend_trusted<core::iter::adapters::map::Map<core::array::iter::IntoIter<&str, 3>, <clap_builder::builder::value_parser::PossibleValuesParser as core::convert::From<[&str; 3]>>::from::{closure#0}>>::{closure#0}>::{closure#0}>::{closure#0}>)
FUNCTION _RINvXs_NtNtCsgxBkk5gSRhY_4core3ops11index_rangeNtB5_10IndexRangeNtNtNtNtB9_4iter6traits8iterator8Iterator8try_folduNCINvMs8_NtNtNtB9_5array4iter10iter_innerINtB1Y_15PolymorphicIterSINtNtNtB9_3mem12maybe_uninit11MaybeUninitReEE8try_folduNCINvMNtB7_9try_traitINtB3S_17NeverShortCircuituE10wrap_mut_2uB3y_NCINvNtNtB16_8adapters3map8map_foldB3y_NtNtNtCscGCs1NCPc8C_12clap_builder7builder14possible_value13PossibleValueuNCNvXss_NtB5x_12value_parserNtB6N_20PossibleValuesParserINtNtB9_7convert4FromAB3y_j3_E4from0NCINvNvB10_8for_each4callB5t_NCINvMsj_NtCs6i54tJFfzR_5alloc3vecINtB8L_3VecB5t_E14extend_trustedINtB4V_3MapINtB20_8IntoIterB3y_KB7Z_EB6F_EE0E0E0E0B47_E0B47_ECsL1Yq96M8oh_5uu_nl (<core::ops::index_range::IndexRange as core::iter::traits::iterator::Iterator>::try_fold::<(), <core::array::iter::iter_inner::PolymorphicIter<[core::mem::maybe_uninit::MaybeUninit<&str>]>>::try_fold<(), <core::ops::try_trait::NeverShortCircuit<()>>::wrap_mut_2<(), &str, core::iter::adapters::map::map_fold<&str, clap_builder::builder::possible_value::PossibleValue, (), <clap_builder::builder::value_parser::PossibleValuesParser as core::convert::From<[&str; 3]>>::from::{closure#0}, core::iter::traits::iterator::Iterator::for_each::call<clap_builder::builder::possible_value::PossibleValue, <alloc::vec::Vec<clap_builder::builder::possible_value::PossibleValue>>::extend_trusted<core::iter::adapters::map::Map<core::array::iter::IntoIter<&str, 3>, <clap_builder::builder::value_parser::PossibleValuesParser as core::convert::From<[&str; 3]>>::from::{closure#0}>>::{closure#0}>::{closure#0}>::{closure#0}>::{closure#0}, core::ops::try_trait::NeverShortCircuit<()>>::{closure#0}, core::ops::try_trait::NeverShortCircuit<()>>)
{"function": "_RINvXs_NtNtCsgxBkk5gSRhY_4core3ops11index_rangeNtB5_10IndexRangeNtNtNtNtB9_4iter6traits8iterator8Iterator8try_folduNCINvMs8_NtNtNtB9_5array4iter10iter_innerINtB1Y_15PolymorphicIterSINtNtNtB9_3mem12maybe_uninit11MaybeUninitReEE8try_folduNCINvMNtB7_9try_traitINtB3S_17NeverShortCircuituE10wrap_mut_2uB3y_NCINvNtNtB16_8adapters3map8map_foldB3y_NtNtNtCscGCs1NCPc8C_12clap_builder7builder14possible_value13PossibleValueuNCNvXss_NtB5x_12value_parserNtB6N_20PossibleValuesParserINtNtB9_7convert4FromAB3y_j3_E4from0NCINvNvB10_8for_each4callB5t_NCINvMsj_NtCs6i54tJFfzR_5alloc3vecINtB8L_3VecB5t_E14extend_trustedINtB4V_3MapINtB20_8IntoIterB3y_KB7Z_EB6F_EE0E0E0E0B47_E0B47_ECsL1Yq96M8oh_5uu_nl", "function_demangled": "<core::ops::index_range::IndexRange as core::iter::traits::iterator::Iterator>::try_fold::<(), <core::array::iter::iter_inner::PolymorphicIter<[core::mem::maybe_uninit::MaybeUninit<&str>]>>::try_fold<(), <core::ops::try_trait::NeverShortCircuit<()>>::wrap_mut_2<(), &str, core::iter::adapters::map::map_fold<&str, clap_builder::builder::possible_value::PossibleValue, (), <clap_builder::builder::value_parser::PossibleValuesParser as core::convert::From<[&str; 3]>>::from::{closure#0}, core::iter::traits::iterator::Iterator::for_each::call<clap_builder::builder::possible_value::PossibleValue, <alloc::vec::Vec<clap_builder::builder::possible_value::PossibleValue>>::extend_trusted<core::iter::adapters::map::Map<core::array::iter::IntoIter<&str, 3>, <clap_builder::builder::value_parser::PossibleValuesParser as core::convert::From<[&str; 3]>>::from::{closure#0}>>::{closure#0}>::{closure#0}>::{closure#0}>::{closure#0}, core::ops::try_trait::NeverShortCircuit<()>>::{closure#0}, core::ops::try_trait::NeverShortCircuit<()>>", "header": "bb1", "depth": 1, "latch_count": 1, "subloop_count": 0, "src_loc": [{"col":15,"dir":"/rustc/48a229ceaefd4985c50990b14116b6d856af0985","file":"library/core/src/ops/index_range.rs","line":167}]}
FUNCTION _RNvNvNtCsgxBkk5gSRhY_4core4hint16assert_unchecked18precondition_checkCsL1Yq96M8oh_5uu_nl (core::hint::assert_unchecked::precondition_check)
FUNCTION _RINvNtCsgxBkk5gSRhY_4core3ptr9drop_glueNCINvMs8_NtNtNtB4_5array4iter10iter_innerINtBK_15PolymorphicIterSINtNtNtB4_3mem12maybe_uninit11MaybeUninitReEE8try_folduNCINvMNtNtB4_3ops9try_traitINtB2D_17NeverShortCircuituE10wrap_mut_2uB2j_NCINvNtNtNtB4_4iter8adapters3map8map_foldB2j_NtNtNtCscGCs1NCPc8C_12clap_builder7builder14possible_value13PossibleValueuNCNvXss_NtB4u_12value_parserNtB5K_20PossibleValuesParserINtNtB4_7convert4FromAB2j_j3_E4from0NCINvNvNtNtNtB3Q_6traits8iterator8Iterator8for_each4callB4q_NCINvMsj_NtCs6i54tJFfzR_5alloc3vecINtB8d_3VecB4q_E14extend_trustedINtB3M_3MapINtBM_8IntoIterB2j_KB6W_EB5C_EE0E0E0E0B2Y_E0ECsL1Yq96M8oh_5uu_nl (core::ptr::drop_glue::<<core::array::iter::iter_inner::PolymorphicIter<[core::mem::maybe_uninit::MaybeUninit<&str>]>>::try_fold<(), <core::ops::try_trait::NeverShortCircuit<()>>::wrap_mut_2<(), &str, core::iter::adapters::map::map_fold<&str, clap_builder::builder::possible_value::PossibleValue, (), <clap_builder::builder::value_parser::PossibleValuesParser as core::convert::From<[&str; 3]>>::from::{closure#0}, core::iter::traits::iterator::Iterator::for_each::call<clap_builder::builder::possible_value::PossibleValue, <alloc::vec::Vec<clap_builder::builder::possible_value::PossibleValue>>::extend_trusted<core::iter::adapters::map::Map<core::array::iter::IntoIter<&str, 3>, <clap_builder::builder::value_parser::PossibleValuesParser as core::convert::From<[&str; 3]>>::from::{closure#0}>>::{closure#0}>::{closure#0}>::{closure#0}>::{closure#0}, core::ops::try_trait::NeverShortCircuit<()>>::{closure#0}>)
FUNCTION _RNvNvMs9_NtCsgxBkk5gSRhY_4core3numj13unchecked_add18precondition_checkCsL1Yq96M8oh_5uu_nl (<usize>::unchecked_add::precondition_check)
FUNCTION _RNCINvMs8_NtNtNtCsgxBkk5gSRhY_4core5array4iter10iter_innerINtB8_15PolymorphicIterSINtNtNtBe_3mem12maybe_uninit11MaybeUninitReEE8try_folduNCINvMNtNtBe_3ops9try_traitINtB2h_17NeverShortCircuituE10wrap_mut_2uB1X_NCINvNtNtNtBe_4iter8adapters3map8map_foldB1X_NtNtNtCscGCs1NCPc8C_12clap_builder7builder14possible_value13PossibleValueuNCNvXss_NtB48_12value_parserNtB5o_20PossibleValuesParserINtNtBe_7convert4FromAB1X_j3_E4from0NCINvNvNtNtNtB3u_6traits8iterator8Iterator8for_each4callB44_NCINvMsj_NtCs6i54tJFfzR_5alloc3vecINtB7R_3VecB44_E14extend_trustedINtB3q_3MapINtBa_8IntoIterB1X_KB6A_EB5g_EE0E0E0E0B2C_E0CsL1Yq96M8oh_5uu_nl (<core::array::iter::iter_inner::PolymorphicIter<[core::mem::maybe_uninit::MaybeUninit<&str>]>>::try_fold::<(), <core::ops::try_trait::NeverShortCircuit<()>>::wrap_mut_2<(), &str, core::iter::adapters::map::map_fold<&str, clap_builder::builder::possible_value::PossibleValue, (), <clap_builder::builder::value_parser::PossibleValuesParser as core::convert::From<[&str; 3]>>::from::{closure#0}, core::iter::traits::iterator::Iterator::for_each::call<clap_builder::builder::possible_value::PossibleValue, <alloc::vec::Vec<clap_builder::builder::possible_value::PossibleValue>>::extend_trusted<core::iter::adapters::map::Map<core::array::iter::IntoIter<&str, 3>, <clap_builder::builder::value_parser::PossibleValuesParser as core::convert::From<[&str; 3]>>::from::{closure#0}>>::{closure#0}>::{closure#0}>::{closure#0}>::{closure#0}, core::ops::try_trait::NeverShortCircuit<()>>::{closure#0})
FUNCTION _RNvNvXs0_NtNtCsgxBkk5gSRhY_4core5slice5indexjINtB7_10SliceIndexSpE13get_unchecked18precondition_checkCsL1Yq96M8oh_5uu_nl (<usize as core::slice::index::SliceIndex<[_]>>::get_unchecked::precondition_check)
FUNCTION _RNCINvMNtNtCsgxBkk5gSRhY_4core3ops9try_traitINtB5_17NeverShortCircuituE10wrap_mut_2uReNCINvNtNtNtB9_4iter8adapters3map8map_foldB1k_NtNtNtCscGCs1NCPc8C_12clap_builder7builder14possible_value13PossibleValueuNCNvXss_NtB29_12value_parserNtB3p_20PossibleValuesParserINtNtB9_7convert4FromAB1k_j3_E4from0NCINvNvNtNtNtB1v_6traits8iterator8Iterator8for_each4callB25_NCINvMsj_NtCs6i54tJFfzR_5alloc3vecINtB5S_3VecB25_E14extend_trustedINtB1r_3MapINtNtNtB9_5array4iter8IntoIterB1k_KB4B_EB3h_EE0E0E0E0CsL1Yq96M8oh_5uu_nl (<core::ops::try_trait::NeverShortCircuit<()>>::wrap_mut_2::<(), &str, core::iter::adapters::map::map_fold<&str, clap_builder::builder::possible_value::PossibleValue, (), <clap_builder::builder::value_parser::PossibleValuesParser as core::convert::From<[&str; 3]>>::from::{closure#0}, core::iter::traits::iterator::Iterator::for_each::call<clap_builder::builder::possible_value::PossibleValue, <alloc::vec::Vec<clap_builder::builder::possible_value::PossibleValue>>::extend_trusted<core::iter::adapters::map::Map<core::array::iter::IntoIter<&str, 3>, <clap_builder::builder::value_parser::PossibleValuesParser as core::convert::From<[&str; 3]>>::from::{closure#0}>>::{closure#0}>::{closure#0}>::{closure#0}>::{closure#0})
FUNCTION _RNCINvNtNtNtCsgxBkk5gSRhY_4core4iter8adapters3map8map_foldReNtNtNtCscGCs1NCPc8C_12clap_builder7builder14possible_value13PossibleValueuNCNvXss_NtB10_12value_parserNtB2g_20PossibleValuesParserINtNtBa_7convert4FromABU_j3_E4from0NCINvNvNtNtNtB8_6traits8iterator8Iterator8for_each4callBW_NCINvMsj_NtCs6i54tJFfzR_5alloc3vecINtB4G_3VecBW_E14extend_trustedINtB4_3MapINtNtNtBa_5array4iter8IntoIterBU_KB3r_EB28_EE0E0E0CsL1Yq96M8oh_5uu_nl (core::iter::adapters::map::map_fold::<&str, clap_builder::builder::possible_value::PossibleValue, (), <clap_builder::builder::value_parser::PossibleValuesParser as core::convert::From<[&str; 3]>>::from::{closure#0}, core::iter::traits::iterator::Iterator::for_each::call<clap_builder::builder::possible_value::PossibleValue, <alloc::vec::Vec<clap_builder::builder::possible_value::PossibleValue>>::extend_trusted<core::iter::adapters::map::Map<core::array::iter::IntoIter<&str, 3>, <clap_builder::builder::value_parser::PossibleValuesParser as core::convert::From<[&str; 3]>>::from::{closure#0}>>::{closure#0}>::{closure#0}>::{closure#0})
FUNCTION _RNCNvXss_NtNtCscGCs1NCPc8C_12clap_builder7builder12value_parserNtB7_20PossibleValuesParserINtNtCsgxBkk5gSRhY_4core7convert4FromARej3_E4from0CsL1Yq96M8oh_5uu_nl (<clap_builder::builder::value_parser::PossibleValuesParser as core::convert::From<[&str; 3]>>::from::{closure#0})
FUNCTION _RNCINvNvNtNtNtNtCsgxBkk5gSRhY_4core4iter6traits8iterator8Iterator8for_each4callNtNtNtCscGCs1NCPc8C_12clap_builder7builder14possible_value13PossibleValueNCINvMsj_NtCs6i54tJFfzR_5alloc3vecINtB2z_3VecB1f_E14extend_trustedINtNtNtBc_8adapters3map3MapINtNtNtBe_5array4iter8IntoIterReKj3_ENCNvXss_NtB1j_12value_parserNtB4E_20PossibleValuesParserINtNtBe_7convert4FromAB4p_B4s_E4from0EE0E0CsL1Yq96M8oh_5uu_nl (core::iter::traits::iterator::Iterator::for_each::call::<clap_builder::builder::possible_value::PossibleValue, <alloc::vec::Vec<clap_builder::builder::possible_value::PossibleValue>>::extend_trusted<core::iter::adapters::map::Map<core::array::iter::IntoIter<&str, 3>, <clap_builder::builder::value_parser::PossibleValuesParser as core::convert::From<[&str; 3]>>::from::{closure#0}>>::{closure#0}>::{closure#0})
FUNCTION _RNCINvMsj_NtCs6i54tJFfzR_5alloc3vecINtB8_3VecNtNtNtCscGCs1NCPc8C_12clap_builder7builder14possible_value13PossibleValueE14extend_trustedINtNtNtNtCsgxBkk5gSRhY_4core4iter8adapters3map3MapINtNtNtB2i_5array4iter8IntoIterReKj3_ENCNvXss_NtBL_12value_parserNtB3H_20PossibleValuesParserINtNtB2i_7convert4FromAB3s_B3v_E4from0EE0CsL1Yq96M8oh_5uu_nl (<alloc::vec::Vec<clap_builder::builder::possible_value::PossibleValue>>::extend_trusted::<core::iter::adapters::map::Map<core::array::iter::IntoIter<&str, 3>, <clap_builder::builder::value_parser::PossibleValuesParser as core::convert::From<[&str; 3]>>::from::{closure#0}>>::{closure#0})
FUNCTION _RNvXs1_NtCsgxBkk5gSRhY_4core7convertReINtB5_4IntoNtNtNtCscGCs1NCPc8C_12clap_builder7builder14possible_value13PossibleValueE4intoCsL1Yq96M8oh_5uu_nl (<&str as core::convert::Into<clap_builder::builder::possible_value::PossibleValue>>::into)
FUNCTION _RNvXs0_NtNtCscGCs1NCPc8C_12clap_builder7builder14possible_valueNtB5_13PossibleValueINtNtCsgxBkk5gSRhY_4core7convert4FromReE4fromCsL1Yq96M8oh_5uu_nl (<clap_builder::builder::possible_value::PossibleValue as core::convert::From<&str>>::from)
FUNCTION _RINvNtCsgxBkk5gSRhY_4core3ptr9drop_glueNCINvMNtNtB4_3ops9try_traitINtBH_17NeverShortCircuituE10wrap_mut_2uReNCINvNtNtNtB4_4iter8adapters3map8map_foldB1G_NtNtNtCscGCs1NCPc8C_12clap_builder7builder14possible_value13PossibleValueuNCNvXss_NtB2v_12value_parserNtB3L_20PossibleValuesParserINtNtB4_7convert4FromAB1G_j3_E4from0NCINvNvNtNtNtB1R_6traits8iterator8Iterator8for_each4callB2r_NCINvMsj_NtCs6i54tJFfzR_5alloc3vecINtB6e_3VecB2r_E14extend_trustedINtB1N_3MapINtNtNtB4_5array4iter8IntoIterB1G_KB4X_EB3D_EE0E0E0E0ECsL1Yq96M8oh_5uu_nl (core::ptr::drop_glue::<<core::ops::try_trait::NeverShortCircuit<()>>::wrap_mut_2<(), &str, core::iter::adapters::map::map_fold<&str, clap_builder::builder::possible_value::PossibleValue, (), <clap_builder::builder::value_parser::PossibleValuesParser as core::convert::From<[&str; 3]>>::from::{closure#0}, core::iter::traits::iterator::Iterator::for_each::call<clap_builder::builder::possible_value::PossibleValue, <alloc::vec::Vec<clap_builder::builder::possible_value::PossibleValue>>::extend_trusted<core::iter::adapters::map::Map<core::array::iter::IntoIter<&str, 3>, <clap_builder::builder::value_parser::PossibleValuesParser as core::convert::From<[&str; 3]>>::from::{closure#0}>>::{closure#0}>::{closure#0}>::{closure#0}>::{closure#0}>)
FUNCTION _RINvNtCsgxBkk5gSRhY_4core3ptr9drop_glueNCINvNtNtNtB4_4iter8adapters3map8map_foldReNtNtNtCscGCs1NCPc8C_12clap_builder7builder14possible_value13PossibleValueuNCNvXss_NtB1m_12value_parserNtB2C_20PossibleValuesParserINtNtB4_7convert4FromAB1g_j3_E4from0NCINvNvNtNtNtBK_6traits8iterator8Iterator8for_each4callB1i_NCINvMsj_NtCs6i54tJFfzR_5alloc3vecINtB54_3VecB1i_E14extend_trustedINtBG_3MapINtNtNtB4_5array4iter8IntoIterB1g_KB3O_EB2u_EE0E0E0ECsL1Yq96M8oh_5uu_nl (core::ptr::drop_glue::<core::iter::adapters::map::map_fold<&str, clap_builder::builder::possible_value::PossibleValue, (), <clap_builder::builder::value_parser::PossibleValuesParser as core::convert::From<[&str; 3]>>::from::{closure#0}, core::iter::traits::iterator::Iterator::for_each::call<clap_builder::builder::possible_value::PossibleValue, <alloc::vec::Vec<clap_builder::builder::possible_value::PossibleValue>>::extend_trusted<core::iter::adapters::map::Map<core::array::iter::IntoIter<&str, 3>, <clap_builder::builder::value_parser::PossibleValuesParser as core::convert::From<[&str; 3]>>::from::{closure#0}>>::{closure#0}>::{closure#0}>::{closure#0}>)
FUNCTION _RINvNtCsgxBkk5gSRhY_4core3ptr9drop_glueNCINvNvNtNtNtNtB4_4iter6traits8iterator8Iterator8for_each4callNtNtNtCscGCs1NCPc8C_12clap_builder7builder14possible_value13PossibleValueNCINvMsj_NtCs6i54tJFfzR_5alloc3vecINtB2V_3VecB1B_E14extend_trustedINtNtNtBO_8adapters3map3MapINtNtNtB4_5array4iter8IntoIterReKj3_ENCNvXss_NtB1F_12value_parserNtB50_20PossibleValuesParserINtNtB4_7convert4FromAB4L_B4O_E4from0EE0E0ECsL1Yq96M8oh_5uu_nl (core::ptr::drop_glue::<core::iter::traits::iterator::Iterator::for_each::call<clap_builder::builder::possible_value::PossibleValue, <alloc::vec::Vec<clap_builder::builder::possible_value::PossibleValue>>::extend_trusted<core::iter::adapters::map::Map<core::array::iter::IntoIter<&str, 3>, <clap_builder::builder::value_parser::PossibleValuesParser as core::convert::From<[&str; 3]>>::from::{closure#0}>>::{closure#0}>::{closure#0}>)
FUNCTION _RINvNtCsgxBkk5gSRhY_4core3ptr9drop_glueNCINvMsj_NtCs6i54tJFfzR_5alloc3vecINtBK_3VecNtNtNtCscGCs1NCPc8C_12clap_builder7builder14possible_value13PossibleValueE14extend_trustedINtNtNtNtB4_4iter8adapters3map3MapINtNtNtB4_5array4iter8IntoIterReKj3_ENCNvXss_NtB1n_12value_parserNtB42_20PossibleValuesParserINtNtB4_7convert4FromAB3N_B3Q_E4from0EE0ECsL1Yq96M8oh_5uu_nl (core::ptr::drop_glue::<<alloc::vec::Vec<clap_builder::builder::possible_value::PossibleValue>>::extend_trusted<core::iter::adapters::map::Map<core::array::iter::IntoIter<&str, 3>, <clap_builder::builder::value_parser::PossibleValuesParser as core::convert::From<[&str; 3]>>::from::{closure#0}>>::{closure#0}>)
FUNCTION _RNvXs2_NtNtCsgxBkk5gSRhY_4core5array4iterINtB5_8IntoIterReKj3_ENtNtNtNtB9_4iter6traits8iterator8Iterator9size_hintCsL1Yq96M8oh_5uu_nl (<core::array::iter::IntoIter<&str, 3> as core::iter::traits::iterator::Iterator>::size_hint)
FUNCTION _RINvMs_NtNtCscGCs1NCPc8C_12clap_builder7builder3argNtB5_3Arg12value_parserNtNtB7_12value_parser11ValueParserECsL1Yq96M8oh_5uu_nl (<clap_builder::builder::arg::Arg>::value_parser::<clap_builder::builder::value_parser::ValueParser>)
FUNCTION _RNvXsf_NtNtCscGCs1NCPc8C_12clap_builder7builder10resettableNtNtB7_12value_parser11ValueParserINtB5_14IntoResettableBV_E15into_resettableCsL1Yq96M8oh_5uu_nl (<clap_builder::builder::value_parser::ValueParser as clap_builder::builder::resettable::IntoResettable<clap_builder::builder::value_parser::ValueParser>>::into_resettable)
FUNCTION _RNvXs1_NtCsgxBkk5gSRhY_4core7convertNtNtNtCscGCs1NCPc8C_12clap_builder7builder12value_parser11ValueParserINtB5_4IntoBy_E4intoCsL1Yq96M8oh_5uu_nl (<clap_builder::builder::value_parser::ValueParser as core::convert::Into<clap_builder::builder::value_parser::ValueParser>>::into)
FUNCTION _RINvMs_NtNtCscGCs1NCPc8C_12clap_builder7builder3argNtB5_3Arg12value_parserNtNtB7_12value_parser20RangedI64ValueParserECsL1Yq96M8oh_5uu_nl (<clap_builder::builder::arg::Arg>::value_parser::<clap_builder::builder::value_parser::RangedI64ValueParser>)
FUNCTION _RNvXsf_NtNtCscGCs1NCPc8C_12clap_builder7builder10resettableNtNtB7_12value_parser20RangedI64ValueParserINtB5_14IntoResettableNtBX_11ValueParserE15into_resettableCsL1Yq96M8oh_5uu_nl (<clap_builder::builder::value_parser::RangedI64ValueParser as clap_builder::builder::resettable::IntoResettable<clap_builder::builder::value_parser::ValueParser>>::into_resettable)
FUNCTION _RNvXs1_NtCsgxBkk5gSRhY_4core7convertNtNtNtCscGCs1NCPc8C_12clap_builder7builder12value_parser20RangedI64ValueParserINtB5_4IntoNtBA_11ValueParserE4intoCsL1Yq96M8oh_5uu_nl (<clap_builder::builder::value_parser::RangedI64ValueParser as core::convert::Into<clap_builder::builder::value_parser::ValueParser>>::into)
FUNCTION _RINvMs_NtNtCscGCs1NCPc8C_12clap_builder7builder3argNtB5_3Arg12value_parserNtNtB7_12value_parser20RangedU64ValueParserECsL1Yq96M8oh_5uu_nl (<clap_builder::builder::arg::Arg>::value_parser::<clap_builder::builder::value_parser::RangedU64ValueParser>)
FUNCTION _RNvXsf_NtNtCscGCs1NCPc8C_12clap_builder7builder10resettableNtNtB7_12value_parser20RangedU64ValueParserINtB5_14IntoResettableNtBX_11ValueParserE15into_resettableCsL1Yq96M8oh_5uu_nl (<clap_builder::builder::value_parser::RangedU64ValueParser as clap_builder::builder::resettable::IntoResettable<clap_builder::builder::value_parser::ValueParser>>::into_resettable)
FUNCTION _RNvXs1_NtCsgxBkk5gSRhY_4core7convertNtNtNtCscGCs1NCPc8C_12clap_builder7builder12value_parser20RangedU64ValueParserINtB5_4IntoNtBA_11ValueParserE4intoCsL1Yq96M8oh_5uu_nl (<clap_builder::builder::value_parser::RangedU64ValueParser as core::convert::Into<clap_builder::builder::value_parser::ValueParser>>::into)
FUNCTION _RNvXs0_NtNtCscGCs1NCPc8C_12clap_builder7builder12value_parserNtB5_11ValueParserINtNtCsgxBkk5gSRhY_4core7convert4FromNtB5_20RangedU64ValueParserE4fromCsL1Yq96M8oh_5uu_nl (<clap_builder::builder::value_parser::ValueParser as core::convert::From<clap_builder::builder::value_parser::RangedU64ValueParser>>::from)
FUNCTION _RINvMsx_NtNtCscGCs1NCPc8C_12clap_builder7builder12value_parserNtB6_20RangedU64ValueParser5rangeINtNtNtCsgxBkk5gSRhY_4core3ops5range14RangeInclusiveyEECsL1Yq96M8oh_5uu_nl (<clap_builder::builder::value_parser::RangedU64ValueParser>::range::<core::ops::range::RangeInclusive<u64>>)
FUNCTION _RINvNtCsgxBkk5gSRhY_4core3ptr9drop_glueINtNtCs6i54tJFfzR_5alloc5boxed3BoxNtNtNtCs2BAm4Hpwumr_5regex5regex5bytes5RegexEECsL1Yq96M8oh_5uu_nl (core::ptr::drop_glue::<alloc::boxed::Box<regex::regex::bytes::Regex>>)
FUNCTION _RNvXs8_NtCs6i54tJFfzR_5alloc5boxedINtB5_3BoxNtNtNtCs2BAm4Hpwumr_5regex5regex5bytes5RegexENtNtNtCsgxBkk5gSRhY_4core3ops4drop4Drop4dropCsL1Yq96M8oh_5uu_nl (<alloc::boxed::Box<regex::regex::bytes::Regex> as core::ops::drop::Drop>::drop)
FUNCTION _RINvNtCsgxBkk5gSRhY_4core3ptr9drop_glueNtCsL1Yq96M8oh_5uu_nl14NumberingStyleEBD_ (core::ptr::drop_glue::<uu_nl::NumberingStyle>)
FUNCTION _RINvYINtNtNtCsgxBkk5gSRhY_4core5slice4iter11ChunksExacthENtNtNtNtBa_4iter6traits8iterator8Iterator3allNCNvMs3_CsL1Yq96M8oh_5uu_nlNtB1K_16SectionDelimiter5parse0EB1K_ (<core::slice::iter::ChunksExact<u8> as core::iter::traits::iterator::Iterator>::all::<<uu_nl::SectionDelimiter>::parse::{closure#0}>)
FUNCTION _RINvYINtNtNtCsgxBkk5gSRhY_4core5slice4iter11ChunksExacthENtNtNtNtBa_4iter6traits8iterator8Iterator8try_folduNCINvNvBT_3all5checkRShNCNvMs3_CsL1Yq96M8oh_5uu_nlNtB2d_16SectionDelimiter5parse0E0INtNtNtBa_3ops12control_flow11ControlFlowuEEB2d_ (<core::slice::iter::ChunksExact<u8> as core::iter::traits::iterator::Iterator>::try_fold::<(), core::iter::traits::iterator::Iterator::all::check<&[u8], <uu_nl::SectionDelimiter>::parse::{closure#0}>::{closure#0}, core::ops::control_flow::ControlFlow<()>>)
{"function": "_RINvYINtNtNtCsgxBkk5gSRhY_4core5slice4iter11ChunksExacthENtNtNtNtBa_4iter6traits8iterator8Iterator8try_folduNCINvNvBT_3all5checkRShNCNvMs3_CsL1Yq96M8oh_5uu_nlNtB2d_16SectionDelimiter5parse0E0INtNtNtBa_3ops12control_flow11ControlFlowuEEB2d_", "function_demangled": "<core::slice::iter::ChunksExact<u8> as core::iter::traits::iterator::Iterator>::try_fold::<(), core::iter::traits::iterator::Iterator::all::check<&[u8], <uu_nl::SectionDelimiter>::parse::{closure#0}>::{closure#0}, core::ops::control_flow::ControlFlow<()>>", "header": "bb1", "depth": 1, "latch_count": 1, "subloop_count": 0, "src_loc": [{"col":34,"dir":"/rustc/48a229ceaefd4985c50990b14116b6d856af0985","file":"library/core/src/iter/traits/iterator.rs","line":2493}]}
FUNCTION _RNvXs1q_NtNtCsgxBkk5gSRhY_4core5slice4iterINtB6_11ChunksExacthENtNtNtNtBa_4iter6traits8iterator8Iterator4nextCsL1Yq96M8oh_5uu_nl (<core::slice::iter::ChunksExact<u8> as core::iter::traits::iterator::Iterator>::next)
FUNCTION _RNCINvNvNtNtNtNtCsgxBkk5gSRhY_4core4iter6traits8iterator8Iterator3all5checkRShNCNvMs3_CsL1Yq96M8oh_5uu_nlNtB1m_16SectionDelimiter5parse0E0B1m_ (core::iter::traits::iterator::Iterator::all::check::<&[u8], <uu_nl::SectionDelimiter>::parse::{closure#0}>::{closure#0})
FUNCTION _RNCNvMs3_CsL1Yq96M8oh_5uu_nlNtB7_16SectionDelimiter5parse0B7_ (<uu_nl::SectionDelimiter>::parse::{closure#0})
FUNCTION _RNvXs7_NtNtCsgxBkk5gSRhY_4core3cmp5implsRShNtB7_9PartialEq2eqCsL1Yq96M8oh_5uu_nl (<&[u8] as core::cmp::PartialEq>::eq)
FUNCTION _RNvCsL1Yq96M8oh_5uu_nl6uu_app (uu_nl::uu_app)
FUNCTION _RNvMs_NtNtCscGCs1NCPc8C_12clap_builder7builder7commandNtB4_7Command15infer_long_argsCsL1Yq96M8oh_5uu_nl (<clap_builder::builder::command::Command>::infer_long_args)
FUNCTION _RNvMs_NtNtCscGCs1NCPc8C_12clap_builder7builder7commandNtB4_7Command17disable_help_flagCsL1Yq96M8oh_5uu_nl (<clap_builder::builder::command::Command>::disable_help_flag)
FUNCTION _RNvMs_NtNtCscGCs1NCPc8C_12clap_builder7builder7commandNtB4_7Command18args_override_selfCsL1Yq96M8oh_5uu_nl (<clap_builder::builder::command::Command>::args_override_self)
FUNCTION _RNvMs0_NtNtCscGCs1NCPc8C_12clap_builder7builder3argNtB5_3Arg4hideCsL1Yq96M8oh_5uu_nl (<clap_builder::builder::arg::Arg>::hide)
FUNCTION _RNvMs1c_NtNtCscGCs1NCPc8C_12clap_builder7builder12value_parserINtB6_22__infer_ValueParser_forNtNtNtCs9k3SxhrAWiO_3std3ffi6os_str8OsStringE3newCsL1Yq96M8oh_5uu_nl (<clap_builder::builder::value_parser::_infer_ValueParser_for<std::ffi::os_str::OsString>>::new)
FUNCTION _RNvXNtNtNtCscGCs1NCPc8C_12clap_builder7builder12value_parser12impl_preludeRRRRRRINtB4_22__infer_ValueParser_forNtNtNtCs9k3SxhrAWiO_3std3ffi6os_str8OsStringENtB2_25__impls_ValueParserFactory12value_parserCsL1Yq96M8oh_5uu_nl (<&&&&&&clap_builder::builder::value_parser::_infer_ValueParser_for<std::ffi::os_str::OsString> as clap_builder::builder::value_parser::impl_prelude::_impls_ValueParserFactory>::value_parser)
FUNCTION _RNvMs1c_NtNtCscGCs1NCPc8C_12clap_builder7builder12value_parserINtB6_22__infer_ValueParser_forxE3newCsL1Yq96M8oh_5uu_nl (<clap_builder::builder::value_parser::_infer_ValueParser_for<i64>>::new)
FUNCTION _RNvXNtNtNtCscGCs1NCPc8C_12clap_builder7builder12value_parser12impl_preludeRRRRRRINtB4_22__infer_ValueParser_forxENtB2_25__impls_ValueParserFactory12value_parserCsL1Yq96M8oh_5uu_nl (<&&&&&&clap_builder::builder::value_parser::_infer_ValueParser_for<i64> as clap_builder::builder::value_parser::impl_prelude::_impls_ValueParserFactory>::value_parser)
FUNCTION _RNvMs1c_NtNtCscGCs1NCPc8C_12clap_builder7builder12value_parserINtB6_22__infer_ValueParser_foryE3newCsL1Yq96M8oh_5uu_nl (<clap_builder::builder::value_parser::_infer_ValueParser_for<u64>>::new)
FUNCTION _RNvXNtNtNtCscGCs1NCPc8C_12clap_builder7builder12value_parser12impl_preludeRRRRRRINtB4_22__infer_ValueParser_foryENtB2_25__impls_ValueParserFactory12value_parserCsL1Yq96M8oh_5uu_nl (<&&&&&&clap_builder::builder::value_parser::_infer_ValueParser_for<u64> as clap_builder::builder::value_parser::impl_prelude::_impls_ValueParserFactory>::value_parser)
FUNCTION _RNvMs5_NtNtCsgxBkk5gSRhY_4core3ops5rangeINtB5_14RangeInclusiveyE3newCsL1Yq96M8oh_5uu_nl (<core::ops::range::RangeInclusive<u64>>::new)
FUNCTION _RNvXsd_NtCsgxBkk5gSRhY_4core6markerINtB5_11PhantomDataNtNtNtCs9k3SxhrAWiO_3std3ffi6os_str8OsStringENtNtB7_7default7Default7defaultCsL1Yq96M8oh_5uu_nl (<core::marker::PhantomData<std::ffi::os_str::OsString> as core::default::Default>::default)
FUNCTION _RNvMNtNtCscGCs1NCPc8C_12clap_builder7builder3argNtB2_3Arg13unset_settingCsL1Yq96M8oh_5uu_nl (<clap_builder::builder::arg::Arg>::unset_setting)
FUNCTION _RNvMNtNtCscGCs1NCPc8C_12clap_builder7builder3argNtB2_3Arg7settingCsL1Yq96M8oh_5uu_nl (<clap_builder::builder::arg::Arg>::setting)
FUNCTION _RNvMs0_NtNtCscGCs1NCPc8C_12clap_builder7builder7commandNtB5_7Command20unset_global_settingCsL1Yq96M8oh_5uu_nl (<clap_builder::builder::command::Command>::unset_global_setting)
FUNCTION _RNvMs0_NtNtCscGCs1NCPc8C_12clap_builder7builder7commandNtB5_7Command14global_settingCsL1Yq96M8oh_5uu_nl (<clap_builder::builder::command::Command>::global_setting)
FUNCTION _RNvMNtCsgxBkk5gSRhY_4core5sliceSh12chunks_exactCsL1Yq96M8oh_5uu_nl (<[u8]>::chunks_exact)
FUNCTION _RNvMNtCsgxBkk5gSRhY_4core6optionINtB2_6OptionNtCsL1Yq96M8oh_5uu_nl12NumberFormatE17unwrap_or_defaultBJ_ (<core::option::Option<uu_nl::NumberFormat>>::unwrap_or_default)
FUNCTION _RNvXs4_CsL1Yq96M8oh_5uu_nlNtB5_12NumberFormatNtNtCsgxBkk5gSRhY_4core7default7Default7defaultB5_ (<uu_nl::NumberFormat as core::default::Default>::default)
FUNCTION _RNvMs1_NtCsgxBkk5gSRhY_4core6optionINtB5_6OptionRNtNtNtCs9k3SxhrAWiO_3std3ffi6os_str8OsStringE6clonedCsL1Yq96M8oh_5uu_nl (<core::option::Option<&std::ffi::os_str::OsString>>::cloned)
FUNCTION _RNvXs6_NtNtCs9k3SxhrAWiO_3std3ffi6os_strNtB5_8OsStringNtNtCsgxBkk5gSRhY_4core5clone5Clone5cloneCsL1Yq96M8oh_5uu_nl (<std::ffi::os_str::OsString as core::clone::Clone>::clone)
FUNCTION _RNvMs3_CsL1Yq96M8oh_5uu_nlNtB5_16SectionDelimiter5parse (<uu_nl::SectionDelimiter>::parse)
FUNCTION _RNvMsj_NtNtCs9k3SxhrAWiO_3std3ffi6os_strNtB5_5OsStr16as_encoded_bytesCsL1Yq96M8oh_5uu_nl (<std::ffi::os_str::OsStr>::as_encoded_bytes)
FUNCTION _RNvMs9_NtCsgxBkk5gSRhY_4core3numj14is_multiple_ofCsL1Yq96M8oh_5uu_nl (<usize>::is_multiple_of)
FUNCTION _RNvMs_CsL1Yq96M8oh_5uu_nlNtB4_5Stats3new (<uu_nl::Stats>::new)
FUNCTION _RNvNtCsL1Yq96M8oh_5uu_nl6helper13parse_options (uu_nl::helper::parse_options)
FUNCTION _RNvXs6_NtNtCs9k3SxhrAWiO_3std3ffi6os_strNtB5_8OsStringNtNtCsgxBkk5gSRhY_4core5clone5Clone10clone_fromCsL1Yq96M8oh_5uu_nl (<std::ffi::os_str::OsString as core::clone::Clone>::clone_from)
FUNCTION _RNvXs6_NtCs6i54tJFfzR_5alloc5sliceShINtB5_16SpecCloneIntoVechNtNtB7_5alloc6GlobalE10clone_intoCsL1Yq96M8oh_5uu_nl (<[u8] as alloc::slice::SpecCloneIntoVec<u8, alloc::alloc::Global>>::clone_into)
FUNCTION _RNvXCsL1Yq96M8oh_5uu_nlNtB2_8SettingsNtNtCsgxBkk5gSRhY_4core7default7Default7default (<uu_nl::Settings as core::default::Default>::default)
